Date,Lot,Start_Time,End_Time,Duration_sec,Total_Points,pH_Mean,Temp_Mean,Voltage_Mean,Defect,pH_std,pH_min,pH_IQR,pH_exc_high_rate,Temp_std,Temp_min,Temp_IQR,Temp_exc_high_rate,Voltage_std,Voltage_min,Voltage_IQR,Voltage_exc_high_rate,Final_Raw_Probability,Final_Risk_Score,Final_Risk_Percentile,Final_Threshold,Final_Prediction,Prediction_Source,Actual_Label,Final_OOF_Raw_Probability,Final_OOF_Risk_Score,Final_OOF_Risk_Percentile,Final_OOF_Threshold,Final_OOF_Prediction,Final_OOF_Fold
2021-09-06,1,2021-09-06 16:29:54.000,2021-09-06 16:35:34.300,340.3,69,2.0,42.381159420289855,17.327391304347824,0,0.1009804873405224,1.81,0.1600000000000001,0.0,1.2897577704997032,40.13,2.229999999999997,0.0144927536231884,1.5687205841384706,12.77,2.6000000000000014,0.0289855072463768,0.00073771045,0.1061456065758049,0.55,0.1503260135650634,정상 위험,deployment_demo_not_oof_validation,정상,0.00083207386,0.0346135947924938,0.5318181818181819,0.04356123134493828,정상 위험,1
2021-09-06,2,2021-09-06 16:35:59.700,2021-09-06 16:41:40.000,340.3,69,1.985217391304348,42.3572463768116,16.919420289855072,0,0.1249777473798973,1.81,0.2299999999999999,0.0289855072463768,1.4857468750231624,36.94,1.8999999999999984,0.0289855072463768,1.2504056801200103,15.09,1.8400000000000016,0.0289855072463768,0.00048212789,-0.034657098554931,0.4727272727272727,0.1503260135650634,정상 위험,deployment_demo_not_oof_validation,정상,0.00076573837,-0.0057082946312341926,0.4954545454545455,0.04356123134493828,정상 위험,1
2021-09-06,3,2021-09-06 16:42:07.600,2021-09-06 16:47:47.900,340.3,69,2.0347826086956524,42.619565217391305,17.36449275362319,0,0.1462532925285703,1.81,0.1799999999999999,0.072463768115942,1.3137154705627505,40.06,2.199999999999996,0.0144927536231884,1.428904903837699,15.13,2.34,0.0434782608695652,0.0007654947,0.1214522038349057,0.55,0.1503260135650634,정상 위험,deployment_demo_not_oof_validation,정상,0.0009672453,0.11677728810893723,0.5590909090909091,0.04356123134493828,정상 위험,1
2021-09-06,4,2021-09-06 16:48:15.800,2021-09-06 16:53:56.100,340.3,69,1.991304347826087,42.67,17.590434782608696,0,0.1187175719621283,1.81,0.1699999999999999,0.0289855072463768,1.320719500878214,40.04,2.1200000000000045,0.0579710144927536,1.5937750549657883,12.05,2.640000000000001,0.072463768115942,0.0008766697,0.1826995006320048,0.5863636363636363,0.1503260135650634,정상 위험,deployment_demo_not_oof_validation,정상,0.0011317305,0.21675927012757562,0.5909090909090909,0.04356123134493828,정상 위험,1
2021-09-06,5,2021-09-06 16:54:23.000,2021-09-06 17:00:03.300,340.3,69,2.0243478260869567,42.39753623188405,17.59173913043478,0,0.1193299708528164,1.82,0.1800000000000001,0.0434782608695652,1.559369599056639,36.53,2.3999999999999986,0.0869565217391304,1.3225887677556278,15.08,1.9600000000000009,0.0579710144927536,0.0002942482,-0.1381616893897135,0.3318181818181818,0.1503260135650634,정상 위험,deployment_demo_not_oof_validation,정상,0.0004869305,-0.17518107540547312,0.2818181818181818,0.04356123134493828,정상 위험,1
2021-09-06,6,2021-09-06 17:00:28.800,2021-09-06 17:06:09.100,340.3,69,1.99768115942029,42.690289855072464,17.214492753623187,0,0.1141869587631492,1.81,0.1700000000000001,0.0144927536231884,1.2587914033315646,40.08,1.9799999999999969,0.0144927536231884,1.412557688808292,12.38,1.8599999999999997,0.0434782608695652,0.0007353538,0.1048473051842536,0.55,0.1503260135650634,정상 위험,deployment_demo_not_oof_validation,정상,0.0008656473,0.05502113021834839,0.5363636363636364,0.04356123134493828,정상 위험,1
2021-09-06,7,2021-09-06 17:06:36.200,2021-09-06 17:12:16.500,340.3,69,2.025217391304348,42.26275362318841,17.50695652173913,0,0.1420294987550968,1.82,0.2199999999999999,0.072463768115942,1.2459910820873037,40.18,1.5,0.0579710144927536,1.2958931786357943,15.12,2.09,0.0434782608695652,0.0021058435,0.8598622666792012,0.7545454545454545,0.1503260135650634,정상 위험,deployment_demo_not_oof_validation,정상,0.0020780277,0.7919640687662406,0.7454545454545455,0.04356123134493828,정상 위험,1
2021-09-06,8,2021-09-06 17:12:41.900,2021-09-06 17:18:22.300,340.4,69,2.0291304347826085,42.455217391304345,17.798840579710145,0,0.1012675421322847,1.83,0.1499999999999999,0.0289855072463768,1.6121793878215365,36.8,2.450000000000003,0.1014492753623188,1.3112673889744588,15.01,1.6400000000000006,0.0579710144927536,0.00029963205,-0.1351956734114945,0.3363636363636363,0.1503260135650634,정상 위험,deployment_demo_not_oof_validation,정상,0.0008790411,0.06316253342547831,0.5454545454545454,0.04356123134493828,정상 위험,1
2021-09-06,9,2021-09-06 17:18:49.700,2021-09-06 17:24:30.000,340.3,69,2.0088405797101445,42.47840579710145,17.490579710144925,0,0.1180545266825767,1.82,0.1800000000000001,0.0144927536231884,1.4900667406967394,37.38,2.1899999999999977,0.0869565217391304,1.4943352683678954,12.96,2.650000000000002,0.0289855072463768,0.00039848327,-0.0807376588264795,0.4090909090909091,0.1503260135650634,정상 위험,deployment_demo_not_oof_validation,정상,0.0017972054,0.6212668259596565,0.7090909090909091,0.04356123134493828,정상 위험,1
2021-09-06,10,2021-09-06 17:24:57.000,2021-09-06 17:30:37.300,340.3,69,1.9881159420289856,42.31130434782609,17.176666666666666,0,0.1045758289798369,1.81,0.1899999999999999,0.0144927536231884,1.3964270721290593,40.24,2.4099999999999966,0.0579710144927536,1.5981613209695502,13.7,2.58,0.0579710144927536,0.00038520427,-0.0880531784724572,0.4,0.1503260135650634,정상 위험,deployment_demo_not_oof_validation,정상,0.00044555636,-0.20033026774083437,0.25,0.04356123134493828,정상 위험,1
2021-09-06,11,2021-09-06 17:31:05.000,2021-09-06 17:36:45.300,340.3,69,2.0068115942028983,42.45057971014493,17.34173913043478,0,0.1361389077983909,1.81,0.2399999999999997,0.072463768115942,1.590104402841276,36.43,2.6000000000000014,0.0144927536231884,1.4012745842118368,15.02,2.34,0.0289855072463768,0.0013896888,0.4653262806571615,0.7090909090909091,0.1503260135650634,정상 위험,deployment_demo_not_oof_validation,정상,0.0034880685,1.6490544451739895,0.7909090909090909,0.04356123134493828,정상 위험,1
2021-09-06,12,2021-09-06 17:37:11.900,2021-09-06 17:42:52.200,340.3,69,2.01536231884058,42.46434782608696,17.34376811594203,0,0.121117100727608,1.81,0.1999999999999999,0.0289855072463768,1.3763404997875703,40.03,2.3299999999999983,0.0289855072463768,1.5063816224641975,10.72,1.84,0.0434782608695652,0.00056310935,0.0099563109171768,0.509090909090909,0.1503260135650634,정상 위험,deployment_demo_not_oof_validation,정상,0.0005952794,-0.10932143503801246,0.39545454545454545,0.04356123134493828,정상 위험,1
2021-09-06,13,2021-09-06 17:43:17.700,2021-09-06 17:48:58.000,340.3,69,1.9839130434782608,42.00420289855072,17.228840579710145,0,0.1097352079178669,1.81,0.2099999999999999,0.0,1.1463155886643974,40.07,1.8400000000000036,0.0,1.710030560641847,13.42,2.6500000000000004,0.0434782608695652,0.0013965473,0.46910468499346,0.7090909090909091,0.1503260135650634,정상 위험,deployment_demo_not_oof_validation,정상,0.0011531892,0.22980290875851686,0.5954545454545455,0.04356123134493828,정상 위험,1
2021-09-06,14,2021-09-06 17:49:25.500,2021-09-06 17:55:05.800,340.3,69,1.9991304347826089,42.49695652173913,17.541739130434784,0,0.1118394217884939,1.81,0.1900000000000001,0.0289855072463768,1.3137074886476443,40.04,2.18,0.0289855072463768,1.3455940701171831,15.1,2.0599999999999987,0.0579710144927536,0.00019207453,-0.194450070998803,0.1227272727272727,0.1503260135650634,정상 위험,deployment_demo_not_oof_validation,정상,0.00036925945,-0.24670718958144947,0.1409090909090909,0.04356123134493828,정상 위험,1
2021-09-06,15,2021-09-06 17:55:33.300,2021-09-06 18:01:13.600,340.3,69,2.0163768115942027,42.3063768115942,17.71695652173913,0,0.1181346566484589,1.81,0.1999999999999999,0.0289855072463768,1.4247053059724857,40.2,2.660000000000004,0.0434782608695652,1.438364373728456,13.98,2.259999999999998,0.072463768115942,0.00022399033,-0.1768673737805481,0.2318181818181818,0.1503260135650634,정상 위험,deployment_demo_not_oof_validation,정상,0.00032541258,-0.2733594194548026,0.11818181818181818,0.04356123134493828,정상 위험,1
2021-09-06,16,2021-09-06 18:01:39.000,2021-09-06 18:07:19.300,340.3,69,2.004492753623188,42.48724637681159,17.831884057971017,0,0.13153545967761,1.81,0.1899999999999999,0.0434782608695652,1.7615592057789655,34.45,2.6099999999999994,0.072463768115942,1.2963220317070807,15.36,2.18,0.0289855072463768,0.0032913303,1.512957474460515,0.8090909090909091,0.1503260135650634,정상 위험,deployment_demo_not_oof_validation,정상,0.026663382,15.736120763109717,0.9772727272727273,0.04356123134493828,정상 위험,1
2021-09-06,17,2021-09-06 18:07:46.200,2021-09-06 18:13:26.500,340.3,69,2.015072463768116,42.40130434782609,17.303623188405798,0,0.1104086418773164,1.81,0.1599999999999999,0.0,1.2777783028774383,40.01,2.030000000000001,0.0434782608695652,1.8938600257414613,11.87,2.52,0.0579710144927536,0.0015987677,0.5805096996998209,0.7227272727272728,0.1503260135650634,정상 위험,deployment_demo_not_oof_validation,정상,0.0011960161,0.25583513255157525,0.6,0.04356123134493828,정상 위험,1
2021-09-06,18,2021-09-06 18:13:51.900,2021-09-06 18:19:32.200,340.3,69,2.018695652173913,42.42797101449276,17.478985507246374,0,0.1349936059866874,1.81,0.1999999999999999,0.0434782608695652,1.3920874927183202,40.16,2.519999999999996,0.0289855072463768,1.4518863439227,15.06,2.490000000000002,0.0579710144927536,0.0002830445,-0.1443339040572123,0.3136363636363636,0.1503260135650634,정상 위험,deployment_demo_not_oof_validation,정상,0.00041360597,-0.21975124571298973,0.19090909090909092,0.04356123134493828,정상 위험,1
2021-09-06,19,2021-09-06 18:20:00.000,2021-09-06 18:25:40.300,340.3,69,2.0076811594202897,42.666811594202905,17.28782608695652,0,0.1240866031487239,1.81,0.2000000000000001,0.0434782608695652,1.3254937956160104,40.1,2.059999999999995,0.0289855072463768,1.495762514144952,12.07,2.1899999999999977,0.0434782608695652,0.00062426674,0.0436484618018959,0.5181818181818182,0.1503260135650634,정상 위험,deployment_demo_not_oof_validation,정상,0.0010056319,0.14011047667334814,0.5681818181818182,0.04356123134493828,정상 위험,1
2021-09-06,20,2021-09-06 18:26:05.900,2021-09-06 18:31:46.200,340.3,69,1.974927536231884,42.44898550724638,17.144927536231883,0,0.1058526054641379,1.81,0.1599999999999999,0.0144927536231884,1.6161466016491717,40.01,2.960000000000001,0.0579710144927536,1.7962588762631446,11.77,2.1499999999999986,0.0289855072463768,0.0024580518,1.0538969322194247,0.7772727272727272,0.1503260135650634,정상 위험,deployment_demo_not_oof_validation,정상,0.0023764817,0.9733786934761021,0.759090909090909,0.04356123134493828,정상 위험,1
2021-09-06,21,2021-09-06 18:32:13.400,2021-09-06 18:37:53.800,340.4,69,1.984927536231884,42.31507246376812,17.622318840579712,0,0.1120743344235763,1.81,0.1899999999999999,0.0289855072463768,1.392647313137619,37.22,1.8100000000000025,0.0144927536231884,1.3362173838285798,15.1,2.0599999999999987,0.0434782608695652,0.00043549188,-0.0603492892349431,0.4545454545454545,0.1503260135650634,정상 위험,deployment_demo_not_oof_validation,정상,0.00055455655,-0.13407472712311216,0.36818181818181817,0.04356123134493828,정상 위험,1
2021-09-06,22,2021-09-06 18:38:21.700,2021-09-06 18:44:02.100,340.4,69,1.9824637681159416,42.41434782608696,17.24,0,0.1080632412484555,1.81,0.1499999999999999,0.0289855072463768,1.4146268248935618,40.06,2.479999999999997,0.0289855072463768,1.4175704153067463,15.17,2.09,0.0579710144927536,0.00019640614,-0.1920637483395696,0.1272727272727272,0.1503260135650634,정상 위험,deployment_demo_not_oof_validation,정상,0.00026767646,-0.3084542013784065,0.06363636363636363,0.04356123134493828,정상 위험,1
2021-09-07,1,2021-09-07 16:23:31.000,2021-09-07 16:29:11.300,340.3,69,2.008260869565217,42.68927536231884,17.44840579710145,0,0.1252286910573556,1.81,0.1900000000000001,0.0579710144927536,1.4295271933719695,40.01,2.6299999999999955,0.072463768115942,1.3435046609831862,15.02,1.9600000000000009,0.0579710144927536,0.00022068231,-0.1786897881594501,0.2227272727272727,0.1503260135650634,정상 위험,deployment_demo_not_oof_validation,정상,0.0004087264,-0.2227172867272933,0.19090909090909092,0.04356123134493828,정상 위험,1
2021-09-07,2,2021-09-07 16:29:37.500,2021-09-07 16:35:17.800,340.3,69,2.027536231884058,42.56405797101449,17.24623188405797,0,0.1577824805482074,1.81,0.2200000000000002,0.072463768115942,1.3995664442548126,40.05,1.9699999999999989,0.072463768115942,1.3925443296875426,15.08,2.33,0.0434782608695652,0.00439744,2.1223230104645308,0.8454545454545455,0.1503260135650634,정상 위험,deployment_demo_not_oof_validation,정상,0.005697746,2.9922022740868437,0.8590909090909091,0.04356123134493828,정상 위험,1
2021-09-07,3,2021-09-07 16:35:43.700,2021-09-07 16:41:24.100,340.4,69,2.000289855072464,42.54710144927536,17.578550724637683,0,0.113123709150812,1.81,0.2000000000000001,0.0289855072463768,1.873099901114912,35.12,2.210000000000001,0.0869565217391304,1.2746709787262047,13.39,1.5399999999999991,0.0144927536231884,0.016377002,8.721970293815888,0.9409090909090908,0.1503260135650634,정상 위험,deployment_demo_not_oof_validation,정상,0.03477079,20.664192539246603,0.9772727272727273,0.04356123134493828,정상 위험,1
2021-09-07,4,2021-09-07 16:41:50.600,2021-09-07 16:47:31.000,340.4,69,2.010869565217391,42.34289855072464,17.651014492753625,0,0.1061317041176943,1.82,0.1399999999999999,0.0434782608695652,1.4214678633776834,37.12,1.910000000000004,0.0434782608695652,1.4338842197573776,13.65,2.270000000000003,0.0434782608695652,0.0004156744,-0.0712669082044806,0.4363636363636363,0.1503260135650634,정상 위험,deployment_demo_not_oof_validation,정상,0.000749963,-0.01529732809346494,0.4863636363636364,0.04356123134493828,정상 위험,1
2021-09-07,5,2021-09-07 16:47:56.400,2021-09-07 16:53:36.800,340.4,69,2.015652173913044,42.34202898550725,17.312173913043477,0,0.1195146835781814,1.81,0.1800000000000001,0.0289855072463768,1.3173721388008257,40.08,2.030000000000001,0.0,1.408743567828332,15.01,2.4599999999999973,0.0289855072463768,0.00038821358,-0.0863953245244613,0.4,0.1503260135650634,정상 위험,deployment_demo_not_oof_validation,정상,0.00059839955,-0.10742485011330453,0.39545454545454545,0.04356123134493828,정상 위험,1
2021-09-07,6,2021-09-07 16:54:03.400,2021-09-07 16:59:43.700,340.3,69,2.0043478260869567,42.63014492753623,17.4368115942029,0,0.1125830185302431,1.81,0.1699999999999999,0.0434782608695652,1.5220240903574105,40.11,2.949999999999996,0.0579710144927536,1.3790304487889768,15.01,2.18,0.0289855072463768,0.0003222933,-0.1227113993765054,0.35,0.1503260135650634,정상 위험,deployment_demo_not_oof_validation,정상,0.00038550954,-0.23682960305688278,0.1590909090909091,0.04356123134493828,정상 위험,1
2021-09-07,7,2021-09-07 17:00:08.800,2021-09-07 17:05:49.100,340.3,69,2.008550724637681,42.432028985507245,17.387391304347826,0,0.1090368982651776,1.82,0.1800000000000001,0.0289855072463768,1.618810002031399,35.76,2.3200000000000003,0.0579710144927536,1.5841880943115838,13.01,2.5500000000000007,0.0579710144927536,0.0015496926,0.5534737845561323,0.7181818181818181,0.1503260135650634,정상 위험,deployment_demo_not_oof_validation,정상,0.0032199349,1.4860699952137801,0.7818181818181819,0.04356123134493828,정상 위험,1
2021-09-07,8,2021-09-07 17:06:15.200,2021-09-07 17:11:55.500,340.3,69,2.013478260869565,42.27768115942029,17.127246376811595,0,0.1250508847836201,1.81,0.1999999999999999,0.0434782608695652,1.2337212299852354,40.02,2.019999999999996,0.0,1.509558646112451,13.99,2.630000000000001,0.0144927536231884,0.00058504596,0.0220413814047699,0.5136363636363637,0.1503260135650634,정상 위험,deployment_demo_not_oof_validation,정상,0.0009433823,0.10227222047428244,0.5545454545454546,0.04356123134493828,정상 위험,1
2021-09-07,9,2021-09-07 17:12:22.300,2021-09-07 17:18:02.700,340.4,69,2.001304347826087,42.61985507246377,17.290579710144925,0,0.1219319125756166,1.81,0.1799999999999999,0.0434782608695652,1.382423801488683,40.05,2.030000000000001,0.0579710144927536,1.4328333551742558,12.24,2.0,0.0289855072463768,0.0008998978,0.1954960442584906,0.5954545454545455,0.1503260135650634,정상 위험,deployment_demo_not_oof_validation,정상,0.0011321942,0.21704111841334203,0.5909090909090909,0.04356123134493828,정상 위험,1
2021-09-07,10,2021-09-07 17:18:29.000,2021-09-07 17:24:09.300,340.3,69,2.022028985507246,42.68507246376812,17.34173913043478,0,0.136904643823452,1.81,0.2100000000000002,0.0579710144927536,1.695584770885849,36.34,2.719999999999999,0.0579710144927536,1.410685019791427,15.02,2.450000000000003,0.0289855072463768,0.0029988533,1.351829315423036,0.8,0.1503260135650634,정상 위험,deployment_demo_not_oof_validation,정상,0.0069281217,3.7400836929484766,0.8727272727272727,0.04356123134493828,정상 위험,1
2021-09-07,11,2021-09-07 17:24:36.600,2021-09-07 17:30:17.000,340.4,69,1.9875362318840577,42.3472463768116,17.28391304347826,0,0.120041730453615,1.81,0.2000000000000001,0.0434782608695652,1.3050421269490422,40.12,2.0600000000000023,0.0144927536231884,1.5829813805446022,11.77,2.330000000000002,0.0869565217391304,0.0012536312,0.3903709324148979,0.6863636363636364,0.1503260135650634,정상 위험,deployment_demo_not_oof_validation,정상,0.0012220367,0.27165168278835206,0.6090909090909091,0.04356123134493828,정상 위험,1
2021-09-07,12,2021-09-07 17:30:43.000,2021-09-07 17:36:23.300,340.3,69,1.9918840579710144,42.46333333333333,17.19449275362319,0,0.1007220310370669,1.81,0.1599999999999999,0.0,1.4426473486438118,40.09,2.240000000000002,0.1014492753623188,1.4066308686652698,15.12,2.370000000000001,0.0579710144927536,0.00015339805,-0.2157572837621764,0.0045454545454545,0.1503260135650634,정상 위험,deployment_demo_not_oof_validation,정상,0.00047998625,-0.17940213029680666,0.2772727272727273,0.04356123134493828,정상 위험,1
2021-09-07,13,2021-09-07 17:36:48.900,2021-09-07 17:42:29.200,340.3,69,1.9978260869565216,42.19057971014493,17.327681159420287,0,0.120316611307507,1.81,0.2099999999999999,0.0289855072463768,1.4702859706412963,40.06,2.5700000000000003,0.0434782608695652,1.6002859532407991,11.84,2.3599999999999994,0.0289855072463768,0.0010895173,0.2999591052057234,0.6409090909090909,0.1503260135650634,정상 위험,deployment_demo_not_oof_validation,정상,0.00089174043,0.07088180106927919,0.5454545454545454,0.04356123134493828,정상 위험,1
2021-09-07,14,2021-09-07 17:42:54.500,2021-09-07 17:48:34.800,340.3,69,2.0118840579710144,42.70782608695652,17.530434782608694,0,0.1424705889392701,1.81,0.2200000000000002,0.072463768115942,1.326554437326948,40.19,2.1899999999999977,0.0434782608695652,1.5581242821971484,12.3,2.369999999999997,0.0289855072463768,0.016868377,8.992673204753785,0.9409090909090908,0.1503260135650634,정상 위험,deployment_demo_not_oof_validation,정상,0.005225658,2.705244630141792,0.8318181818181818,0.04356123134493828,정상 위험,1
2021-09-07,15,2021-09-07 17:49:02.200,2021-09-07 17:54:42.600,340.4,69,1.9978260869565216,42.47739130434783,17.55391304347826,0,0.1213510896387903,1.81,0.1900000000000001,0.1014492753623188,1.6352492634007472,34.84,2.25,0.0579710144927536,1.4635273841278378,15.06,2.52,0.0434782608695652,0.03798346,20.625159168645705,0.9636363636363636,0.1503260135650634,정상 위험,deployment_demo_not_oof_validation,정상,0.058338437,34.98973802987305,0.990909090909091,0.04356123134493828,불량 위험,1
2021-09-07,16,2021-09-07 17:55:09.800,2021-09-07 18:00:50.100,340.3,69,2.017826086956521,42.41478260869565,17.307391304347828,0,0.1196793456702164,1.82,0.2199999999999999,0.0434782608695652,1.2512154193325171,40.22,2.030000000000001,0.0289855072463768,1.4317324472510595,15.03,2.3100000000000023,0.0434782608695652,0.00043413564,-0.0610964530757598,0.4545454545454545,0.1503260135650634,정상 위험,deployment_demo_not_oof_validation,정상,0.00048063614,-0.17900709689100927,0.2772727272727273,0.04356123134493828,정상 위험,1
2021-09-07,17,2021-09-07 18:01:15.500,2021-09-07 18:06:55.900,340.4,69,2.013188405797101,42.38652173913044,17.524057971014493,0,0.1346181173195363,1.81,0.1899999999999999,0.072463768115942,1.4913178401185163,40.08,2.699999999999996,0.0434782608695652,1.3291243455755766,15.43,2.120000000000001,0.072463768115942,0.00042800338,-0.0644747720189274,0.45,0.1503260135650634,정상 위험,deployment_demo_not_oof_validation,정상,0.00075693836,-0.011057361840250648,0.4909090909090909,0.04356123134493828,정상 위험,1
2021-09-07,18,2021-09-07 18:07:23.300,2021-09-07 18:13:03.600,340.3,69,2.001304347826087,42.775942028985504,17.18304347826087,0,0.11799692223651,1.81,0.1399999999999999,0.0579710144927536,1.334854386022707,40.03,2.020000000000003,0.0144927536231884,1.6820097435786767,10.7,2.3999999999999986,0.0434782608695652,0.0018822738,0.7366957387021502,0.740909090909091,0.1503260135650634,정상 위험,deployment_demo_not_oof_validation,정상,0.0013014382,0.31991574271808637,0.6318181818181818,0.04356123134493828,정상 위험,1
2021-09-07,19,2021-09-07 18:13:30.400,2021-09-07 18:19:10.700,340.3,69,1.9931884057971012,42.60420289855072,17.707391304347826,0,0.1148847600810991,1.81,0.1799999999999999,0.0434782608695652,1.389383491926737,37.71,2.009999999999998,0.0289855072463768,1.5118839554109818,15.15,2.549999999999997,0.1014492753623188,0.00045502,-0.0495910759071524,0.4681818181818182,0.1503260135650634,정상 위험,deployment_demo_not_oof_validation,정상,0.00054698274,-0.1386784496186017,0.35454545454545455,0.04356123134493828,정상 위험,1
2021-09-07,20,2021-09-07 18:19:36.300,2021-09-07 18:25:16.600,340.3,69,2.010579710144927,42.25739130434783,17.66231884057971,0,0.1333712648517289,1.81,0.1899999999999999,0.0434782608695652,1.82296917802823,34.09,2.18,0.0289855072463768,1.3449941448894382,15.12,2.27,0.0579710144927536,0.053525455,29.18738331602624,0.9727272727272728,0.1503260135650634,정상 위험,deployment_demo_not_oof_validation,정상,0.15756463,95.30417181281857,1.0,0.04356123134493828,불량 위험,1
2021-09-07,21,2021-09-07 18:25:44.300,2021-09-07 18:31:24.600,340.3,69,1.989710144927536,42.14855072463768,17.599855072463768,0,0.1112359841070901,1.81,0.1700000000000001,0.0,1.8317223294599312,36.8,2.240000000000002,0.0434782608695652,1.2758935654872756,15.05,1.8900000000000008,0.0289855072463768,0.0005693742,0.0134076627207503,0.509090909090909,0.1503260135650634,정상 위험,deployment_demo_not_oof_validation,정상,0.0012507424,0.2891003773161664,0.6090909090909091,0.04356123134493828,정상 위험,1
2021-09-07,22,2021-09-07 18:31:50.600,2021-09-07 18:37:30.900,340.3,69,1.99072463768116,42.48463768115942,17.62594202898551,0,0.1215260664435183,1.81,0.1800000000000001,0.0434782608695652,1.536546528563845,36.47,2.259999999999998,0.0434782608695652,1.462817907972164,15.01,2.66,0.0579710144927536,0.00023207354,-0.1724142612557216,0.2409090909090909,0.1503260135650634,정상 위험,deployment_demo_not_oof_validation,정상,0.00026605494,-0.30943983891553156,0.05454545454545454,0.04356123134493828,정상 위험,1
2021-09-08,1,2021-09-08 16:26:51.000,2021-09-08 16:32:31.300,340.3,69,1.9930434782608697,42.68231884057971,17.245652173913044,0,0.1210165806314315,1.81,0.2399999999999997,0.0289855072463768,1.488309488023177,40.07,2.6499999999999986,0.072463768115942,1.3535568375698042,15.02,2.2300000000000004,0.0434782608695652,0.00024143896,-0.1672547662469264,0.2545454545454545,0.1503260135650634,정상 위험,deployment_demo_not_oof_validation,정상,0.0004262607,-0.21205909791742386,0.22272727272727272,0.04356123134493828,정상 위험,1
2021-09-08,2,2021-09-08 16:32:58.800,2021-09-08 16:38:39.200,340.4,69,2.01768115942029,42.453913043478266,17.481014492753623,0,0.116608254772074,1.81,0.1900000000000001,0.0434782608695652,1.41837647183559,40.08,2.25,0.0434782608695652,1.4001251466413491,15.05,2.530000000000001,0.0289855072463768,0.00017021257,-0.2064940154080335,0.0409090909090909,0.1503260135650634,정상 위험,deployment_demo_not_oof_validation,정상,0.00035309995,-0.25652970494648875,0.13636363636363635,0.04356123134493828,정상 위험,1
2021-09-08,3,2021-09-08 16:39:04.900,2021-09-08 16:44:45.200,340.3,69,1.9940579710144928,42.44753623188406,17.807101449275365,0,0.123792031965614,1.81,0.1600000000000001,0.0579710144927536,1.206140424217948,40.19,1.759999999999998,0.0289855072463768,1.320032421002556,15.16,2.0100000000000016,0.0579710144927536,0.00045733666,-0.0483148046254139,0.4681818181818182,0.1503260135650634,정상 위험,deployment_demo_not_oof_validation,정상,0.00056974986,-0.12483950772787417,0.38181818181818183,0.04356123134493828,정상 위험,1
2021-09-08,4,2021-09-08 16:45:11.600,2021-09-08 16:50:51.900,340.3,69,2.003768115942029,42.513333333333335,17.67014492753623,0,0.129525167316846,1.81,0.2400000000000002,0.0579710144927536,1.3529778341154903,40.08,2.0600000000000023,0.0434782608695652,1.557809069281016,12.97,2.710000000000001,0.072463768115942,0.0006824005,0.075674854194123,0.5454545454545454,0.1503260135650634,정상 위험,deployment_demo_not_oof_validation,정상,0.0009364332,0.09804821123548953,0.5545454545454546,0.04356123134493828,정상 위험,1
2021-09-08,5,2021-09-08 16:51:18.100,2021-09-08 16:56:58.500,340.4,69,1.983623188405797,42.81086956521739,17.428115942028985,0,0.1097050995448942,1.81,0.1800000000000001,0.0144927536231884,1.3963710731438983,40.1,2.3800000000000026,0.0579710144927536,1.4133536206300237,15.04,2.240000000000002,0.0289855072463768,0.0002124692,-0.1832144664740509,0.1909090909090909,0.1503260135650634,정상 위험,deployment_demo_not_oof_validation,정상,0.0003536892,-0.25617153896647193,0.13636363636363635,0.04356123134493828,정상 위험,1
2021-09-08,6,2021-09-08 16:57:23.500,2021-09-08 17:03:03.900,340.4,69,1.9779710144927531,42.61260869565217,17.454782608695652,0,0.1059908390900576,1.82,0.1499999999999999,0.0144927536231884,1.3374774898313715,40.09,2.049999999999997,0.0144927536231884,1.5920756048183768,12.29,2.4800000000000004,0.0,0.0012350644,0.3801422915012346,0.6863636363636364,0.1503260135650634,정상 위험,deployment_demo_not_oof_validation,정상,0.0016569106,0.5359889319883563,0.7045454545454546,0.04356123134493828,정상 위험,1
2021-09-08,7,2021-09-08 17:03:31.100,2021-09-08 17:09:11.400,340.3,69,2.002173913043478,42.65971014492754,17.74304347826087,0,0.1087883747738401,1.82,0.1800000000000001,0.0289855072463768,1.3882193111770846,40.04,2.280000000000001,0.0289855072463768,1.4826221845768697,15.02,2.5799999999999983,0.0869565217391304,0.0001575501,-0.2134698881608366,0.0045454545454545,0.1503260135650634,정상 위험,deployment_demo_not_oof_validation,정상,0.00024290006,-0.32351448289233803,0.0,0.04356123134493828,정상 위험,1
2021-09-08,8,2021-09-08 17:09:37.000,2021-09-08 17:15:17.400,340.4,69,1.993913043478261,42.51420289855073,17.518405797101448,0,0.1137621020233781,1.81,0.1900000000000001,0.0144927536231884,1.498204224864967,40.02,2.699999999999996,0.0434782608695652,1.338630361478396,15.08,2.259999999999998,0.0289855072463768,0.0002565721,-0.1589177886526904,0.2818181818181818,0.1503260135650634,정상 위험,deployment_demo_not_oof_validation,정상,0.00037522748,-0.2430795339525728,0.15,0.04356123134493828,정상 위험,1
2021-09-08,9,2021-09-08 17:15:43.200,2021-09-08 17:21:23.500,340.3,69,2.028260869565217,42.61,17.33405797101449,0,0.1133053724096072,1.81,0.1799999999999999,0.0289855072463768,1.3652278413596497,40.02,2.3200000000000003,0.0144927536231884,1.4093431081854908,15.13,2.2900000000000027,0.0144927536231884,0.00023229913,-0.1722899771245608,0.2409090909090909,0.1503260135650634,정상 위험,deployment_demo_not_oof_validation,정상,0.0003919721,-0.2329013469966891,0.16363636363636364,0.04356123134493828,정상 위험,1
2021-09-08,10,2021-09-08 17:21:51.300,2021-09-08 17:27:31.700,340.4,69,2.04,42.43130434782609,17.134202898550726,0,0.1382665796887431,1.82,0.1999999999999999,0.0579710144927536,1.4992762107130997,40.05,2.230000000000004,0.072463768115942,1.4232713000411716,15.04,2.2799999999999976,0.0289855072463768,0.00046101466,-0.046288563630066,0.4681818181818182,0.1503260135650634,정상 위험,deployment_demo_not_oof_validation,정상,0.0017529215,0.5943489347941019,0.7045454545454546,0.04356123134493828,정상 위험,1
2021-09-08,11,2021-09-08 17:27:58.700,2021-09-08 17:33:39.100,340.4,69,1.993623188405797,42.59,17.541159420289855,0,0.1138493717786376,1.82,0.1799999999999999,0.0434782608695652,1.4497119389321294,40.08,2.5799999999999983,0.0579710144927536,1.3626720465924165,15.07,2.18,0.0579710144927536,0.00020406923,-0.1878420802362493,0.1590909090909091,0.1503260135650634,정상 위험,deployment_demo_not_oof_validation,정상,0.0002650321,-0.31006156099405124,0.05454545454545454,0.04356123134493828,정상 위험,1
2021-09-08,12,2021-09-08 17:34:06.800,2021-09-08 17:39:47.100,340.3,69,1.981739130434783,42.29188405797101,17.74768115942029,0,0.1292848715245333,1.81,0.2099999999999999,0.0289855072463768,1.4293697452768133,40.06,2.390000000000001,0.0289855072463768,1.241378674898499,15.22,2.119999999999997,0.072463768115942,0.00019653594,-0.1919922386672511,0.1272727272727272,0.1503260135650634,정상 위험,deployment_demo_not_oof_validation,정상,0.0002650321,-0.31006156099405124,0.05454545454545454,0.04356123134493828,정상 위험,1
2021-09-08,13,2021-09-08 17:40:13.700,2021-09-08 17:45:54.000,340.3,69,1.995217391304348,42.71115942028986,17.511014492753624,0,0.120080961605716,1.81,0.2099999999999999,0.0579710144927536,1.434005636456111,40.05,1.8599999999999997,0.0579710144927536,1.604762347191428,11.87,2.3999999999999986,0.072463768115942,0.0016452224,0.6061020173419693,0.7318181818181818,0.1503260135650634,정상 위험,deployment_demo_not_oof_validation,정상,0.0014798737,0.42837737419189975,0.6772727272727272,0.04356123134493828,정상 위험,1
2021-09-08,14,2021-09-08 17:46:21.500,2021-09-08 17:52:01.900,340.4,69,2.0160869565217387,42.399565217391306,17.83014492753623,0,0.1254429491993723,1.81,0.1999999999999999,0.0579710144927536,1.3597063207812117,40.07,2.4099999999999966,0.0289855072463768,1.4945159483470216,15.03,2.3299999999999983,0.0869565217391304,0.00021567121,-0.1814504463163562,0.2,0.1503260135650634,정상 위험,deployment_demo_not_oof_validation,정상,0.0002740567,-0.30457597462728564,0.07727272727272727,0.04356123134493828,정상 위험,1
2021-09-08,15,2021-09-08 17:52:29.200,2021-09-08 17:58:09.500,340.3,69,2.02463768115942,42.4468115942029,17.54623188405797,0,0.104143279557045,1.83,0.1500000000000001,0.0434782608695652,1.5601437459730727,36.65,2.270000000000003,0.0869565217391304,1.4328346046430391,12.35,1.870000000000001,0.072463768115942,0.00035963889,-0.1021373772074407,0.3681818181818181,0.1503260135650634,정상 위험,deployment_demo_not_oof_validation,정상,0.00092582055,0.09159733164045096,0.5545454545454546,0.04356123134493828,정상 위험,1
2021-09-08,16,2021-09-08 17:58:36.500,2021-09-08 18:04:16.800,340.3,69,2.0137681159420286,42.64536231884058,17.46594202898551,0,0.1223675928993717,1.82,0.1999999999999999,0.0144927536231884,1.5097668106952469,37.48,2.5799999999999983,0.0579710144927536,1.3300943341607057,15.03,1.9600000000000009,0.0289855072463768,0.00024355101,-0.1660912189004425,0.2636363636363636,0.1503260135650634,정상 위험,deployment_demo_not_oof_validation,정상,0.00035979165,-0.25246216997882337,0.1409090909090909,0.04356123134493828,정상 위험,1
2021-09-08,17,2021-09-08 18:04:42.900,2021-09-08 18:10:23.200,340.3,69,2.000869565217392,42.35420289855072,17.404927536231884,0,0.1417925071698574,1.81,0.2599999999999998,0.072463768115942,1.4933562730396148,40.04,2.469999999999999,0.0579710144927536,1.4054909370335853,15.12,2.2600000000000016,0.072463768115942,0.0008155552,0.1490309832129801,0.5681818181818182,0.1503260135650634,정상 위험,deployment_demo_not_oof_validation,정상,0.0011289304,0.2150572121769003,0.5909090909090909,0.04356123134493828,정상 위험,1
2021-09-08,18,2021-09-08 18:10:49.100,2021-09-08 18:16:29.400,340.3,69,2.0344927536231885,42.10536231884058,17.49695652173913,0,0.1377715098171826,1.81,0.2200000000000002,0.0579710144927536,1.4454844289862143,37.09,1.8800000000000023,0.0289855072463768,1.4675272362918217,15.02,2.6000000000000014,0.0869565217391304,0.00083668804,0.1606732388731982,0.5681818181818182,0.1503260135650634,정상 위험,deployment_demo_not_oof_validation,정상,0.002032304,0.7641709831245728,0.7272727272727273,0.04356123134493828,정상 위험,1
2021-09-08,19,2021-09-08 18:16:55.200,2021-09-08 18:22:35.500,340.3,69,2.028405797101449,42.3259420289855,17.60144927536232,0,0.1298712392696274,1.81,0.1900000000000001,0.072463768115942,1.4555808612539411,40.03,2.710000000000001,0.0144927536231884,1.3825916365357431,15.32,2.6499999999999986,0.0434782608695652,0.00021677231,-0.1808438406688982,0.2136363636363636,0.1503260135650634,정상 위험,deployment_demo_not_oof_validation,정상,0.0002954181,-0.2915914937083456,0.10454545454545454,0.04356123134493828,정상 위험,1
2021-09-08,20,2021-09-08 18:23:01.700,2021-09-08 18:28:42.000,340.3,69,2.012608695652174,42.1308695652174,17.22840579710145,1,0.1336000635557378,1.81,0.1900000000000001,0.0579710144927536,1.762314436731721,35.46,2.9399999999999977,0.0434782608695652,1.5580036464395202,13.62,2.620000000000001,0.0434782608695652,0.81069773,446.3203200974956,1.0,0.1503260135650634,불량 위험,deployment_demo_not_oof_validation,불량,0.22790766,138.06203910299996,1.0,0.04356123134493828,불량 위험,1
2021-09-08,21,2021-09-08 18:29:09.200,2021-09-08 18:34:49.500,340.3,69,2.0068115942028983,42.29869565217391,17.54,0,0.1065155712674026,1.81,0.1699999999999999,0.0289855072463768,1.4005407706053676,40.07,2.509999999999998,0.0,1.5332098202598283,11.92,1.870000000000001,0.0869565217391304,0.0007430009,0.1090601548302252,0.55,0.1503260135650634,정상 위험,deployment_demo_not_oof_validation,정상,0.00056831475,-0.1257118363100448,0.38181818181818183,0.04356123134493828,정상 위험,1
2021-09-08,22,2021-09-08 18:35:15.400,2021-09-08 18:40:55.700,340.3,69,2.01768115942029,42.70811594202899,17.517246376811595,0,0.1441827366628097,1.81,0.26,0.072463768115942,1.202365652715658,40.21,1.9500000000000028,0.0579710144927536,1.477403210782123,12.99,2.140000000000001,0.0579710144927536,0.007814169,4.004629465638241,0.8863636363636364,0.1503260135650634,정상 위험,deployment_demo_not_oof_validation,정상,0.0057310835,3.0124664794341593,0.8590909090909091,0.04356123134493828,정상 위험,1
2021-09-09,1,2021-09-09 16:23:47.000,2021-09-09 16:29:27.300,340.3,69,2.006231884057971,42.56057971014493,17.23840579710145,0,0.1081543212440032,1.82,0.1700000000000001,0.0144927536231884,1.2608165935311304,40.06,1.8399999999999963,0.0289855072463768,1.4774308216993024,15.02,2.2300000000000004,0.0434782608695652,0.0004156744,-0.0712669082044806,0.4363636363636363,0.1503260135650634,정상 위험,deployment_demo_not_oof_validation,정상,0.0005051818,0.1416726922461419,0.5909090909090909,0.021240249276161194,정상 위험,2
2021-09-09,2,2021-09-09 16:29:55.100,2021-09-09 16:35:35.400,340.3,69,2.053478260869565,42.418985507246376,17.38550724637681,0,0.1559772427495578,1.81,0.1900000000000001,0.1014492753623188,1.4223904330051282,40.06,2.240000000000002,0.072463768115942,1.3721200172938528,15.06,2.120000000000001,0.0579710144927536,0.007918698,4.062215338944163,0.8863636363636364,0.1503260135650634,정상 위험,deployment_demo_not_oof_validation,정상,0.011355791,16.47551099610159,0.9772727272727273,0.021240249276161194,정상 위험,2
2021-09-09,3,2021-09-09 16:36:02.400,2021-09-09 16:41:42.800,340.4,69,2.00463768115942,42.38188405797101,17.098695652173912,0,0.1077385139250546,1.81,0.1599999999999999,0.0144927536231884,1.4690295669974451,40.02,2.519999999999996,0.0289855072463768,1.306741471622176,15.07,2.01,0.0434782608695652,0.00021223596,-0.1833429594144008,0.1909090909090909,0.1503260135650634,정상 위험,deployment_demo_not_oof_validation,정상,0.00015870701,-0.3798890612843957,0.12272727272727273,0.021240249276161194,정상 위험,2
2021-09-09,4,2021-09-09 16:42:09.700,2021-09-09 16:47:50.000,340.3,69,2.012753623188406,42.26028985507247,17.393623188405797,0,0.1495570327763155,1.81,0.2200000000000002,0.1014492753623188,1.5464199367024665,36.62,2.270000000000003,0.0434782608695652,1.6027879855156184,11.51,2.41,0.0579710144927536,0.17849326,98.03325813046436,0.990909090909091,0.1503260135650634,불량 위험,deployment_demo_not_oof_validation,정상,0.14103334,211.68409029824952,1.0,0.021240249276161194,불량 위험,2
2021-09-09,5,2021-09-09 16:48:16.700,2021-09-09 16:53:57.000,340.3,69,2.0260869565217394,42.6236231884058,17.438550724637683,1,0.1450883847390591,1.81,0.2100000000000002,0.1014492753623188,1.908030221593257,35.43,2.119999999999997,0.072463768115942,1.614793991015134,13.55,2.6700000000000017,0.0434782608695652,0.99623704,548.5355720435678,1.0,0.1503260135650634,불량 위험,deployment_demo_not_oof_validation,불량,0.99589396,1498.5385454813936,1.0,0.021240249276161194,불량 위험,2
2021-09-09,6,2021-09-09 16:54:24.500,2021-09-09 17:00:04.900,340.4,69,2.0268115942028984,42.61869565217391,17.511304347826087,0,0.1626570983028515,1.81,0.2299999999999999,0.072463768115942,1.3892157256815154,40.03,2.030000000000001,0.072463768115942,1.268305855953336,15.04,1.8900000000000008,0.072463768115942,0.00403351,1.9218309253125925,0.8409090909090909,0.1503260135650634,정상 위험,deployment_demo_not_oof_validation,정상,0.001982165,2.3650321876402742,0.8636363636363636,0.021240249276161194,정상 위험,2
2021-09-09,7,2021-09-09 17:00:32.400,2021-09-09 17:06:12.700,340.3,69,2.0144927536231885,42.51405797101449,17.480869565217393,0,0.1322712924245431,1.81,0.2200000000000002,0.0434782608695652,1.4747814582273258,36.91,2.299999999999997,0.0434782608695652,1.4759620383393766,15.04,2.5599999999999987,0.0579710144927536,0.0002916324,-0.1396027535889608,0.3272727272727272,0.1503260135650634,정상 위험,deployment_demo_not_oof_validation,정상,0.0003106816,-0.1511159144640183,0.39545454545454545,0.021240249276161194,정상 위험,2
2021-09-09,8,2021-09-09 17:06:38.000,2021-09-09 17:12:18.300,340.3,69,2.0014492753623188,42.29231884057971,17.29608695652174,0,0.1248325391488514,1.81,0.1799999999999999,0.0579710144927536,1.5890925498975232,37.83,2.9099999999999966,0.0289855072463768,1.43398274806189,13.67,2.240000000000002,0.0289855072463768,0.0003073162,-0.1309624130451503,0.3454545454545454,0.1503260135650634,정상 위험,deployment_demo_not_oof_validation,정상,0.00057832565,0.25177895292078767,0.6318181818181818,0.021240249276161194,정상 위험,2
2021-09-09,9,2021-09-09 17:12:45.100,2021-09-09 17:18:25.500,340.4,69,1.994927536231884,42.18260869565217,17.368840579710145,0,0.1115877811728321,1.81,0.1200000000000001,0.0579710144927536,1.3556945823125166,40.13,2.309999999999995,0.0289855072463768,1.3164128355585067,15.04,2.1000000000000014,0.0289855072463768,0.00021543424,-0.1815809995690139,0.2,0.1503260135650634,정상 위험,deployment_demo_not_oof_validation,정상,0.00018035994,-0.3472940762481356,0.19545454545454546,0.021240249276161194,정상 위험,2
2021-09-09,10,2021-09-09 17:18:52.600,2021-09-09 17:24:32.900,340.3,69,2.00536231884058,42.21710144927536,17.34855072463768,0,0.1153712640099335,1.81,0.1700000000000001,0.0289855072463768,1.5413354613005488,35.75,2.369999999999997,0.0144927536231884,1.42624586957418,13.67,2.2300000000000004,0.0579710144927536,0.00027027243,-0.1513701511757362,0.2954545454545454,0.1503260135650634,정상 위험,deployment_demo_not_oof_validation,정상,0.0009946958,0.8785569241988582,0.7727272727272727,0.021240249276161194,정상 위험,2
2021-09-09,11,2021-09-09 17:24:59.500,2021-09-09 17:30:39.900,340.4,69,1.989855072463768,42.61144927536232,17.425072463768114,0,0.1274350209694335,1.81,0.1699999999999999,0.0289855072463768,1.4413119792931293,40.1,2.5700000000000003,0.0579710144927536,1.5483972958670047,13.16,2.759999999999998,0.0289855072463768,0.00063460425,0.0493434856919186,0.5227272727272727,0.1503260135650634,정상 위험,deployment_demo_not_oof_validation,정상,0.00061971165,0.31407887921187844,0.65,0.021240249276161194,정상 위험,2
2021-09-09,12,2021-09-09 17:31:05.200,2021-09-09 17:36:45.500,340.3,69,2.010144927536232,42.76173913043478,17.147971014492754,0,0.1277347061597405,1.82,0.1799999999999999,0.0579710144927536,1.4802751696914715,40.03,2.510000000000005,0.1159420289855072,1.4030456154906317,15.02,2.25,0.0434782608695652,0.00020592629,-0.1868190109153301,0.1590909090909091,0.1503260135650634,정상 위험,deployment_demo_not_oof_validation,정상,0.00018979721,-0.3330877976098388,0.24545454545454545,0.021240249276161194,정상 위험,2
2021-09-09,13,2021-09-09 17:37:10.600,2021-09-09 17:42:50.900,340.3,69,2.0055072463768115,42.40797101449275,17.47449275362319,0,0.1196260869627186,1.81,0.2199999999999999,0.0144927536231884,1.831870291219705,33.61,2.450000000000003,0.1159420289855072,1.481219227758677,13.24,2.3299999999999983,0.0289855072463768,0.01733342,9.24886946474902,0.9409090909090908,0.1503260135650634,정상 위험,deployment_demo_not_oof_validation,정상,0.014238727,20.815305113888133,0.9772727272727273,0.021240249276161194,정상 위험,2
2021-09-09,14,2021-09-09 17:43:16.800,2021-09-09 17:48:57.100,340.3,69,1.9882608695652173,42.26594202898551,17.443623188405795,0,0.1181967019762237,1.81,0.1999999999999999,0.0,1.4097948524525492,40.04,2.3800000000000026,0.0289855072463768,1.347791189769059,15.04,1.5500000000000007,0.1159420289855072,0.00019413706,-0.1933138047526442,0.1272727272727272,0.1503260135650634,정상 위험,deployment_demo_not_oof_validation,정상,0.00015225355,-0.38960371524359105,0.06818181818181818,0.021240249276161194,정상 위험,2
2021-09-09,15,2021-09-09 17:49:23.700,2021-09-09 17:55:04.000,340.3,69,2.0142028985507245,42.80463768115942,17.294057971014492,0,0.1329241911004545,1.81,0.2100000000000002,0.0434782608695652,1.4308066212394943,40.14,2.450000000000003,0.1159420289855072,1.2926026172036418,15.06,2.0400000000000027,0.0,0.0005016283,-0.0239141331415741,0.4727272727272727,0.1503260135650634,정상 위험,deployment_demo_not_oof_validation,정상,0.0004065289,-0.0068332628722877955,0.5,0.021240249276161194,정상 위험,2
2021-09-09,16,2021-09-09 17:55:30.100,2021-09-09 18:01:10.500,340.4,69,2.0407246376811594,42.54550724637681,17.223333333333336,1,0.1440416488031858,1.81,0.2200000000000002,0.144927536231884,1.9876231269533111,33.57,1.730000000000004,0.0434782608695652,1.8317571655996023,10.48,2.6099999999999994,0.072463768115942,0.99546176,548.1084647165565,1.0,0.1503260135650634,불량 위험,deployment_demo_not_oof_validation,불량,0.9944811,1496.4117003750637,1.0,0.021240249276161194,불량 위험,2
2021-09-09,17,2021-09-09 18:01:36.100,2021-09-09 18:07:16.500,340.4,69,2.023043478260869,42.69086956521739,17.371304347826086,0,0.1268081499958533,1.81,0.2000000000000001,0.0434782608695652,1.240872249113069,40.17,1.93,0.0144927536231884,1.4947898859267994,13.29,2.6999999999999997,0.0434782608695652,0.0007670979,0.1223354284558334,0.55,0.1503260135650634,정상 위험,deployment_demo_not_oof_validation,정상,0.0008898731,0.7207632324972775,0.7545454545454545,0.021240249276161194,정상 위험,2
2021-09-09,18,2021-09-09 18:07:43.800,2021-09-09 18:13:24.100,340.3,69,2.010434782608696,42.242318840579706,17.44623188405797,0,0.1034896241262392,1.83,0.1900000000000001,0.0289855072463768,1.429087681959385,37.8,1.8800000000000023,0.0434782608695652,1.3172108472174378,15.07,2.2300000000000004,0.0289855072463768,0.00047624524,-0.0378978976641353,0.4727272727272727,0.1503260135650634,정상 위험,deployment_demo_not_oof_validation,정상,0.0006029555,0.28885524511939015,0.6454545454545455,0.021240249276161194,정상 위험,2
2021-09-09,19,2021-09-09 18:13:50.200,2021-09-09 18:19:30.600,340.4,69,2.0015942028985507,42.84608695652174,17.454782608695655,0,0.1285166868131482,1.81,0.1800000000000001,0.0579710144927536,1.5990780591910416,40.02,2.8100000000000023,0.1304347826086956,1.5212114064858,15.08,2.580000000000002,0.0869565217391304,0.00031888878,-0.1245869730196611,0.3454545454545454,0.1503260135650634,정상 위험,deployment_demo_not_oof_validation,정상,0.00042445588,0.020152892235979922,0.5136363636363637,0.021240249276161194,정상 위험,2
2021-09-09,20,2021-09-09 18:19:58.100,2021-09-09 18:25:38.300,340.2,69,1.9968115942028983,42.31333333333333,17.296521739130434,0,0.1104867939090617,1.81,0.1799999999999999,0.0434782608695652,1.4708867540151602,40.03,2.479999999999997,0.0434782608695652,1.4618841851678914,15.01,2.3999999999999986,0.0434782608695652,0.00017299679,-0.2049601650039191,0.0454545454545454,0.1503260135650634,정상 위험,deployment_demo_not_oof_validation,정상,0.00013632435,-0.41358254422493484,0.02727272727272727,0.021240249276161194,정상 위험,2
2021-09-09,21,2021-09-09 18:26:04.600,2021-09-09 18:31:44.900,340.3,69,2.000289855072464,42.42840579710145,17.496666666666666,0,0.1146859011604246,1.81,0.1799999999999999,0.0289855072463768,1.180283643861043,40.01,1.6000000000000014,0.0,1.5117866977877013,11.49,2.0700000000000003,0.0144927536231884,0.0016005139,0.5814717132287694,0.7227272727272728,0.1503260135650634,정상 위험,deployment_demo_not_oof_validation,정상,0.0017549008,2.0229226087996657,0.8545454545454545,0.021240249276161194,정상 위험,2
2021-09-09,22,2021-09-09 18:32:10.100,2021-09-09 18:37:50.500,340.4,69,1.99231884057971,41.97130434782608,17.230869565217393,0,0.1056095044677802,1.81,0.1400000000000001,0.0144927536231884,2.42608733236162,33.88,2.3599999999999994,0.0434782608695652,1.400772622026475,15.09,2.030000000000001,0.072463768115942,0.0041983267,2.012629866765816,0.8454545454545455,0.1503260135650634,정상 위험,deployment_demo_not_oof_validation,정상,0.0039833444,5.377484214610088,0.9090909090909091,0.021240249276161194,정상 위험,2
2021-09-10,1,2021-09-10 16:24:01.000,2021-09-10 16:29:41.300,340.3,69,2.0004347826086954,42.370289855072464,17.56246376811594,0,0.1198336442815217,1.81,0.1599999999999999,0.0434782608695652,1.4391316530284872,40.03,2.279999999999994,0.0579710144927536,1.311464612109303,15.04,2.09,0.0144927536231884,0.00024740078,-0.1639703478409636,0.2772727272727273,0.1503260135650634,정상 위험,deployment_demo_not_oof_validation,정상,0.0004096608,-0.22214930900554983,0.19090909090909092,0.04356123134493828,정상 위험,1
2021-09-10,2,2021-09-10 16:30:09.200,2021-09-10 16:35:49.600,340.4,69,2.0076811594202897,42.62942028985507,17.362173913043478,0,0.1171618403990599,1.83,0.2200000000000002,0.0434782608695652,1.3527345768718348,40.08,2.0700000000000003,0.0434782608695652,1.422631023186614,15.07,2.139999999999997,0.0289855072463768,0.00026939617,-0.1518528895645626,0.2954545454545454,0.1503260135650634,정상 위험,deployment_demo_not_oof_validation,정상,0.0006524334,-0.07458050256280797,0.4409090909090909,0.04356123134493828,정상 위험,1
2021-09-10,3,2021-09-10 16:36:15.800,2021-09-10 16:41:56.100,340.3,69,2.001304347826087,42.631159420289855,17.409565217391304,0,0.1041197422015274,1.81,0.1699999999999999,0.0,1.3874092829187326,40.04,2.2900000000000063,0.0289855072463768,1.299365721716707,15.04,1.8100000000000025,0.0144927536231884,0.000243376,-0.1661876367063813,0.2636363636363636,0.1503260135650634,정상 위험,deployment_demo_not_oof_validation,정상,0.00040271285,-0.22637261061620878,0.17727272727272728,0.04356123134493828,정상 위험,1
2021-09-10,4,2021-09-10 16:42:21.500,2021-09-10 16:48:01.900,340.4,69,2.025507246376812,42.28594202898551,17.413333333333334,0,0.1210193984436338,1.81,0.1999999999999999,0.1014492753623188,1.5492088292383113,36.25,1.8200000000000005,0.0434782608695652,1.3077502759753965,15.06,1.9700000000000024,0.0434782608695652,0.00586931,2.9331893348727047,0.8681818181818182,0.1503260135650634,정상 위험,deployment_demo_not_oof_validation,정상,0.0072893435,3.959651645284061,0.8727272727272727,0.04356123134493828,정상 위험,1
2021-09-10,5,2021-09-10 16:48:28.900,2021-09-10 16:54:09.200,340.3,69,2.0027536231884056,42.45463768115942,17.518405797101448,0,0.1328852231192172,1.81,0.24,0.0434782608695652,1.2129492251025584,40.05,1.769999999999996,0.0144927536231884,1.3199750701616495,15.1,2.0299999999999976,0.0579710144927536,0.0007327641,0.1034206070537052,0.5454545454545454,0.1503260135650634,정상 위험,deployment_demo_not_oof_validation,정상,0.0009581078,0.11122307950387837,0.5590909090909091,0.04356123134493828,정상 위험,1
2021-09-10,6,2021-09-10 16:54:36.600,2021-09-10 17:00:16.900,340.3,69,1.9981159420289856,42.40173913043478,17.197971014492754,0,0.1240999995534772,1.81,0.1899999999999999,0.0434782608695652,1.7010394370032724,35.32,2.219999999999999,0.0434782608695652,1.4946941254180568,11.96,2.509999999999998,0.0289855072463768,0.0050608027,2.487775531747868,0.8545454545454545,0.1503260135650634,정상 위험,deployment_demo_not_oof_validation,정상,0.009136095,5.082195554273176,0.8863636363636364,0.04356123134493828,정상 위험,1
2021-09-10,7,2021-09-10 17:00:44.800,2021-09-10 17:06:25.100,340.3,69,2.010869565217391,42.59927536231884,17.722028985507244,0,0.1293733667749685,1.81,0.2200000000000002,0.0434782608695652,1.5263049564616342,40.01,2.68,0.0869565217391304,1.6385220920714827,12.27,2.4899999999999984,0.1014492753623188,0.0009461634,0.2209841758354539,0.6181818181818182,0.1503260135650634,정상 위험,deployment_demo_not_oof_validation,정상,0.0013536363,0.3516442314641012,0.6454545454545455,0.04356123134493828,정상 위험,1
2021-09-10,8,2021-09-10 17:06:51.100,2021-09-10 17:12:31.400,340.3,69,1.991739130434783,42.399275362318846,17.255217391304345,0,0.131316372817029,1.81,0.2200000000000002,0.0579710144927536,1.4033660363155644,37.67,2.200000000000003,0.0289855072463768,1.3523689549384552,15.14,2.169999999999998,0.0289855072463768,0.000215455,-0.1815695596247988,0.2,0.1503260135650634,정상 위험,deployment_demo_not_oof_validation,정상,0.00039907196,-0.2285857176052484,0.17727272727272728,0.04356123134493828,정상 위험,1
2021-09-10,9,2021-09-10 17:12:58.900,2021-09-10 17:18:39.200,340.3,69,2.0215942028985507,42.19942028985508,17.386666666666667,0,0.1482706506637519,1.81,0.2099999999999999,0.0869565217391304,1.4639560464893937,40.04,2.539999999999999,0.0579710144927536,1.6766849880104515,13.09,2.0700000000000003,0.072463768115942,0.015648305,8.320524870091997,0.9409090909090908,0.1503260135650634,정상 위험,deployment_demo_not_oof_validation,정상,0.011930734,6.780911235746047,0.9136363636363637,0.04356123134493828,정상 위험,1
2021-09-10,10,2021-09-10 17:19:05.900,2021-09-10 17:24:46.200,340.3,69,2.001304347826087,42.68217391304348,17.24855072463768,0,0.1317184278889036,1.81,0.1900000000000001,0.0579710144927536,1.1392113752700843,40.14,1.6300000000000026,0.0,1.610728986736348,11.15,1.879999999999999,0.0434782608695652,0.002386318,1.0143781860610404,0.7727272727272727,0.1503260135650634,정상 위험,deployment_demo_not_oof_validation,정상,0.001636233,0.523420041072506,0.7,0.04356123134493828,정상 위험,1
2021-09-10,11,2021-09-10 17:25:13.700,2021-09-10 17:30:54.000,340.3,69,1.9881159420289856,42.4563768115942,17.66782608695652,0,0.120101370936962,1.81,0.1999999999999997,0.0289855072463768,1.384385583629168,40.19,2.210000000000001,0.072463768115942,1.5200772712220698,13.95,2.3299999999999983,0.1014492753623188,0.000241699,-0.1671115063989071,0.2545454545454545,0.1503260135650634,정상 위험,deployment_demo_not_oof_validation,정상,0.00060735364,-0.1019821283207551,0.40454545454545454,0.04356123134493828,정상 위험,1
2021-09-10,12,2021-09-10 17:31:21.200,2021-09-10 17:37:01.500,340.3,69,1.9962318840579711,42.81869565217391,17.324782608695653,0,0.11545436390595,1.81,0.2099999999999999,0.0144927536231884,1.3984528352721868,40.03,2.1000000000000014,0.0869565217391304,1.4094999203885918,15.07,2.43,0.0434782608695652,0.00019362001,-0.1935986489417865,0.1227272727272727,0.1503260135650634,정상 위험,deployment_demo_not_oof_validation,정상,0.00073755154,-0.0228415992997312,0.4863636363636364,0.04356123134493828,정상 위험,1
2021-09-10,13,2021-09-10 17:37:29.300,2021-09-10 17:43:09.700,340.4,69,2.0384057971014493,42.35014492753623,17.193188405797102,0,0.1391002937833176,1.81,0.1899999999999999,0.1014492753623188,1.430899031207533,40.15,2.5800000000000054,0.0289855072463768,1.389553983407904,15.06,2.299999999999997,0.0289855072463768,0.0032109395,1.4686694500310151,0.8045454545454546,0.1503260135650634,정상 위험,deployment_demo_not_oof_validation,정상,0.004800556,2.446847423786902,0.8181818181818182,0.04356123134493828,정상 위험,1
2021-09-10,14,2021-09-10 17:43:36.300,2021-09-10 17:49:16.700,340.4,69,2.035072463768116,42.48159420289855,17.191884057971016,0,0.1340612589168473,1.81,0.2099999999999999,0.0579710144927536,1.3715337305671873,40.01,2.539999999999999,0.0289855072463768,1.371380021303486,15.05,2.1700000000000017,0.0434782608695652,0.00033756642,-0.114297292347586,0.35,0.1503260135650634,정상 위험,deployment_demo_not_oof_validation,정상,0.00042668672,-0.21180014140179187,0.22727272727272727,0.04356123134493828,정상 위험,1
2021-09-10,15,2021-09-10 17:49:41.800,2021-09-10 17:55:22.100,340.3,69,2.0120289855072464,42.53811594202899,17.684057971014493,0,0.1238188870671348,1.81,0.1999999999999999,0.0579710144927536,1.613973244331697,36.81,2.68,0.0434782608695652,1.3036174994319594,15.06,2.0400000000000027,0.0434782608695652,0.00034706213,-0.1090660231127518,0.35,0.1503260135650634,정상 위험,deployment_demo_not_oof_validation,정상,0.00050633156,-0.1633881871920546,0.29545454545454547,0.04356123134493828,정상 위험,1
2021-09-10,16,2021-09-10 17:55:47.600,2021-09-10 18:01:27.900,340.3,69,1.99768115942029,42.60971014492754,17.36014492753623,0,0.1305660180942534,1.81,0.2099999999999999,0.072463768115942,1.4229598099141312,40.06,2.1499999999999986,0.072463768115942,1.9124972070365025,12.29,2.8500000000000014,0.1159420289855072,0.0014827197,0.516577807948838,0.7181818181818181,0.1503260135650634,정상 위험,deployment_demo_not_oof_validation,정상,0.0024186047,0.9989830852993528,0.759090909090909,0.04356123134493828,정상 위험,1
2021-09-10,17,2021-09-10 18:01:53.400,2021-09-10 18:07:33.700,340.3,69,2.03463768115942,42.43855072463768,17.71536231884058,0,0.1643666964813461,1.81,0.2200000000000002,0.1159420289855072,1.4838188760586644,40.2,2.6200000000000045,0.1159420289855072,1.319758868026929,15.2,2.1900000000000013,0.0869565217391304,0.009559242,4.9660057568252425,0.9,0.1503260135650634,정상 위험,deployment_demo_not_oof_validation,정상,0.012576272,7.17330009368112,0.9272727272727272,0.04356123134493828,정상 위험,1
2021-09-10,18,2021-09-10 18:07:59.400,2021-09-10 18:13:39.700,340.3,69,2.0279710144927536,42.37072463768116,17.59768115942029,0,0.1595174682500222,1.81,0.1800000000000001,0.1159420289855072,1.9735026482050368,36.92,2.6700000000000017,0.1014492753623188,1.3945578520549256,15.06,2.669999999999998,0.0144927536231884,0.09574749,52.44787918726259,0.9818181818181818,0.1503260135650634,정상 위험,deployment_demo_not_oof_validation,정상,0.40071982,243.10555665876748,1.0,0.04356123134493828,불량 위험,1
2021-09-10,19,2021-09-10 18:14:06.000,2021-09-10 18:19:46.400,340.4,69,1.9771014492753625,42.58057971014493,17.41695652173913,0,0.1111054275329539,1.81,0.1699999999999999,0.0,1.302990772458378,40.01,2.0700000000000003,0.0289855072463768,1.7318999294788655,11.41,2.4800000000000004,0.0434782608695652,0.0010736453,0.2912151077041687,0.6409090909090909,0.1503260135650634,정상 위험,deployment_demo_not_oof_validation,정상,0.0013014382,0.31991574271808637,0.6318181818181818,0.04356123134493828,정상 위험,1
2021-09-10,20,2021-09-10 18:20:12.200,2021-09-10 18:25:52.500,340.3,69,2.035072463768116,42.52811594202899,16.988695652173913,0,0.1360538732873402,1.82,0.1799999999999999,0.1014492753623188,1.4766289861811426,40.01,2.489999999999995,0.072463768115942,1.6199309290317785,13.09,2.51,0.0289855072463768,0.08097763,44.31103228176289,0.9727272727272728,0.1503260135650634,정상 위험,deployment_demo_not_oof_validation,정상,0.110521704,66.70922914263863,0.9954545454545455,0.04356123134493828,불량 위험,1
2021-09-10,21,2021-09-10 18:26:19.000,2021-09-10 18:31:59.400,340.4,69,1.9757971014492757,42.876666666666665,17.672318840579713,0,0.1064729432228379,1.81,0.1699999999999999,0.0,1.443036694599546,40.23,2.4399999999999977,0.1014492753623188,1.4290866529191213,15.01,2.460000000000001,0.0144927536231884,0.00022391838,-0.1769070087379408,0.2318181818181818,0.1503260135650634,정상 위험,deployment_demo_not_oof_validation,정상,0.0006748021,-0.06098371101953027,0.44545454545454544,0.04356123134493828,정상 위험,1
2021-09-10,22,2021-09-10 18:32:26.500,2021-09-10 18:38:06.900,340.4,69,1.990144927536232,42.50739130434783,17.229710144927534,0,0.110340285875681,1.83,0.1399999999999999,0.0144927536231884,1.5754519913288678,40.02,2.809999999999995,0.0869565217391304,1.7755189556316575,10.23,2.7200000000000024,0.0434782608695652,0.0014919249,0.5216490301995728,0.7181818181818181,0.1503260135650634,정상 위험,deployment_demo_not_oof_validation,정상,0.0032250448,1.4891760581450961,0.7818181818181819,0.04356123134493828,정상 위험,1
2021-09-13,1,2021-09-13 16:28:52.000,2021-09-13 16:34:32.300,340.3,69,2.028840579710145,42.435507246376815,17.38478260869565,0,0.147224680554467,1.82,0.2299999999999999,0.1014492753623188,1.4049225813209567,40.03,2.3100000000000023,0.0434782608695652,1.3923125163635162,15.17,2.4399999999999977,0.0434782608695652,0.003173974,1.448304906307879,0.8045454545454546,0.1503260135650634,정상 위험,deployment_demo_not_oof_validation,정상,0.0030291409,1.3700962542323902,0.7772727272727272,0.04356123134493828,정상 위험,1
2021-09-13,2,2021-09-13 16:34:59.000,2021-09-13 16:40:39.300,340.3,69,1.9955072463768115,42.69347826086956,17.416086956521738,0,0.1347932647109034,1.81,0.25,0.0434782608695652,1.451269045157453,40.26,2.639999999999993,0.072463768115942,1.521392761092229,12.89,2.539999999999999,0.0434782608695652,0.0030854868,1.3995564740842914,0.8045454545454546,0.1503260135650634,정상 위험,deployment_demo_not_oof_validation,정상,0.00306585,1.392409750655728,0.7772727272727272,0.04356123134493828,정상 위험,1
2021-09-13,3,2021-09-13 16:41:05.800,2021-09-13 16:46:46.100,340.3,69,2.004927536231884,42.4240579710145,17.109420289855073,0,0.1107809601979058,1.81,0.1800000000000001,0.0289855072463768,1.839333574039777,33.88,2.219999999999999,0.0579710144927536,1.291270332176318,13.86,1.8299999999999983,0.0144927536231884,0.0050393473,2.4759555921888525,0.8545454545454545,0.1503260135650634,정상 위험,deployment_demo_not_oof_validation,정상,0.013576114,7.781051894528381,0.9363636363636364,0.04356123134493828,정상 위험,1
2021-09-13,4,2021-09-13 16:47:13.900,2021-09-13 16:52:54.300,340.4,69,1.9821739130434783,42.36536231884058,17.528840579710145,0,0.1136411996180935,1.81,0.1800000000000001,0.0434782608695652,1.265882138029753,40.18,2.3100000000000023,0.0144927536231884,1.4325568834121123,15.08,2.3100000000000023,0.0579710144927536,0.00018230158,-0.1998340759149166,0.0681818181818181,0.1503260135650634,정상 위험,deployment_demo_not_oof_validation,정상,0.00026053644,-0.31279424394046973,0.031818181818181815,0.04356123134493828,정상 위험,1
2021-09-13,5,2021-09-13 16:53:21.100,2021-09-13 16:59:01.500,340.4,69,2.022463768115942,42.62768115942029,17.284202898550724,0,0.159865805830477,1.81,0.2199999999999999,0.072463768115942,1.3283394597673843,40.23,2.0600000000000023,0.072463768115942,1.1973541981693752,15.05,1.620000000000001,0.0144927536231884,0.00397691,1.890649373201488,0.8363636363636363,0.1503260135650634,정상 위험,deployment_demo_not_oof_validation,정상,0.008821047,4.890694398141486,0.8863636363636364,0.04356123134493828,정상 위험,1
2021-09-13,6,2021-09-13 16:59:27.600,2021-09-13 17:05:07.900,340.3,69,2.0194202898550726,42.3972463768116,17.69913043478261,0,0.1397885383878829,1.81,0.25,0.0579710144927536,1.5144430970783118,40.03,2.779999999999994,0.0434782608695652,1.3920485741297153,15.26,2.3800000000000026,0.0579710144927536,0.0006017178,0.0312260452368182,0.5181818181818182,0.1503260135650634,정상 위험,deployment_demo_not_oof_validation,정상,0.00064128375,-0.08135777563464734,0.43636363636363634,0.04356123134493828,정상 위험,1
2021-09-13,7,2021-09-13 17:05:35.700,2021-09-13 17:11:16.000,340.3,69,2.024927536231884,42.091159420289856,17.43695652173913,0,0.1337207712802381,1.81,0.2000000000000001,0.072463768115942,1.4977242896277128,37.26,2.18,0.0289855072463768,1.5818978775953476,11.4,2.2600000000000016,0.072463768115942,0.008487606,4.375632163641259,0.8954545454545455,0.1503260135650634,정상 위험,deployment_demo_not_oof_validation,정상,0.010065745,5.647281341358662,0.8909090909090909,0.04356123134493828,정상 위험,1
2021-09-13,8,2021-09-13 17:11:42.100,2021-09-13 17:17:22.400,340.3,69,2.0117391304347825,42.690000000000005,17.556376811594205,0,0.121109533817886,1.81,0.1999999999999999,0.0434782608695652,1.2495422691341582,40.03,1.9200000000000017,0.0579710144927536,1.411687528971759,15.04,2.43,0.0434782608695652,0.00036086052,-0.1014643685761471,0.3727272727272727,0.1503260135650634,정상 위험,deployment_demo_not_oof_validation,정상,0.00050862465,-0.16199433667513669,0.31363636363636366,0.04356123134493828,정상 위험,1
2021-09-13,9,2021-09-13 17:17:49.700,2021-09-13 17:23:30.000,340.3,69,2.0094202898550724,42.221449275362325,17.524927536231885,0,0.1207560016529566,1.81,0.2000000000000001,0.0434782608695652,1.4668406178329214,35.78,2.140000000000001,0.0144927536231884,1.4949243765925435,11.6,2.1300000000000026,0.0579710144927536,0.00079515384,0.137791682952921,0.5545454545454546,0.1503260135650634,정상 위험,deployment_demo_not_oof_validation,정상,0.002103231,0.8072837932901462,0.7545454545454545,0.04356123134493828,정상 위험,1
2021-09-13,10,2021-09-13 17:23:57.500,2021-09-13 17:29:37.800,340.3,69,2.016231884057971,42.40695652173913,17.613478260869563,0,0.1468502783878008,1.81,0.2199999999999999,0.0869565217391304,1.3600014104099802,40.21,2.3799999999999955,0.0144927536231884,1.451471693394791,15.03,2.5100000000000016,0.0869565217391304,0.00061891245,0.0406987359194338,0.5181818181818182,0.1503260135650634,정상 위험,deployment_demo_not_oof_validation,정상,0.0011188783,0.20894705552837575,0.5909090909090909,0.04356123134493828,정상 위험,1
2021-09-13,11,2021-09-13 17:30:04.000,2021-09-13 17:35:44.300,340.3,69,2.030869565217391,42.31275362318841,17.701884057971014,0,0.1571224618910057,1.81,0.2100000000000002,0.0869565217391304,1.295977809425549,40.02,2.1300000000000026,0.0144927536231884,1.3281137391077693,15.05,2.2300000000000004,0.072463768115942,0.002077995,0.8445203314564703,0.75,0.1503260135650634,정상 위험,deployment_demo_not_oof_validation,정상,0.004362121,2.1803456108878496,0.8045454545454546,0.04356123134493828,정상 위험,1
2021-09-13,12,2021-09-13 17:36:12.000,2021-09-13 17:41:52.300,340.3,69,2.005072463768116,42.49086956521739,17.571014492753626,0,0.1294288719995499,1.82,0.1699999999999999,0.0434782608695652,1.7285694009535877,35.86,2.3700000000000045,0.1014492753623188,1.4531215334456171,15.02,2.7600000000000016,0.0289855072463768,0.00040679003,-0.0761613925363887,0.4181818181818181,0.1503260135650634,정상 위험,deployment_demo_not_oof_validation,정상,0.008908874,4.94408012897938,0.8863636363636364,0.04356123134493828,정상 위험,1
2021-09-13,13,2021-09-13 17:42:20.100,2021-09-13 17:48:00.500,340.4,69,2.004492753623188,42.2772463768116,17.59623188405797,0,0.1359988779352939,1.81,0.2599999999999998,0.0289855072463768,1.7816275474457508,34.79,2.140000000000001,0.0434782608695652,1.4929955098719716,15.07,2.43,0.0869565217391304,0.061367877,33.50784302573521,0.9727272727272728,0.1503260135650634,정상 위험,deployment_demo_not_oof_validation,정상,0.13781631,83.30019911771156,1.0,0.04356123134493828,불량 위험,1
2021-09-13,14,2021-09-13 17:48:25.600,2021-09-13 17:54:06.000,340.4,69,2.01,42.54188405797101,17.51086956521739,0,0.1201102434775456,1.81,0.2200000000000002,0.0579710144927536,1.511565487054358,40.02,2.9399999999999977,0.0289855072463768,1.6121649119506378,11.26,2.3500000000000014,0.0579710144927536,0.0015474653,0.552246768367076,0.7181818181818181,0.1503260135650634,정상 위험,deployment_demo_not_oof_validation,정상,0.000727687,-0.028837757055870692,0.4818181818181818,0.04356123134493828,정상 위험,1
2021-09-13,15,2021-09-13 17:54:33.100,2021-09-13 18:00:13.500,340.4,69,2.012608695652174,42.45130434782609,17.351304347826087,0,0.1123237465584224,1.81,0.1900000000000001,0.0289855072463768,1.5141945180072378,40.03,2.8000000000000043,0.072463768115942,1.4406115052127713,15.03,2.390000000000001,0.0579710144927536,0.00023652315,-0.1699629305322695,0.25,0.1503260135650634,정상 위험,deployment_demo_not_oof_validation,정상,0.0003909509,-0.23352207839582118,0.16363636363636364,0.04356123134493828,정상 위험,1
2021-09-13,16,2021-09-13 18:00:40.600,2021-09-13 18:06:21.000,340.4,69,2.0191304347826087,42.236666666666665,17.445507246376813,0,0.1298612283128641,1.81,0.1599999999999999,0.072463768115942,1.683023947495441,33.14,2.0600000000000023,0.0434782608695652,1.450891750362599,15.05,2.289999999999999,0.0579710144927536,0.012888852,6.800317228771238,0.9227272727272728,0.1503260135650634,정상 위험,deployment_demo_not_oof_validation,정상,0.026794443,15.815786104536311,0.9772727272727273,0.04356123134493828,정상 위험,1
2021-09-13,17,2021-09-13 18:06:48.400,2021-09-13 18:12:28.700,340.3,69,1.998405797101449,42.79797101449275,17.27144927536232,0,0.1351428785136613,1.81,0.2399999999999997,0.0579710144927536,1.5058206475795504,37.76,2.460000000000001,0.1014492753623188,1.4073580540296469,15.01,2.5500000000000007,0.0,0.00046782498,-0.0425366948336077,0.4681818181818182,0.1503260135650634,정상 위험,deployment_demo_not_oof_validation,정상,0.0019299191,0.7019365747596298,0.7181818181818181,0.04356123134493828,정상 위험,1
2021-09-13,18,2021-09-13 18:12:55.000,2021-09-13 18:18:35.300,340.3,69,2.0171014492753625,42.872608695652175,17.204492753623185,0,0.1251599147593773,1.81,0.2300000000000002,0.0579710144927536,1.4464598286180044,40.03,2.390000000000001,0.0434782608695652,1.613395703105614,13.41,2.1099999999999994,0.0289855072463768,0.0008617378,0.1744733870802008,0.5772727272727273,0.1503260135650634,정상 위험,deployment_demo_not_oof_validation,정상,0.00085729925,0.0499467996323518,0.5363636363636364,0.04356123134493828,정상 위험,1
2021-09-13,19,2021-09-13 18:19:02.400,2021-09-13 18:24:42.800,340.4,69,1.9918840579710144,42.21536231884058,17.09391304347826,0,0.1260750868975781,1.81,0.2099999999999999,0.0144927536231884,1.7665108345434084,35.17,2.440000000000005,0.0434782608695652,1.405297976975727,13.63,2.0799999999999983,0.0289855072463768,0.004623975,2.2471233580849126,0.8454545454545455,0.1503260135650634,정상 위험,deployment_demo_not_oof_validation,정상,0.0069022137,3.7243355703522565,0.8681818181818182,0.04356123134493828,정상 위험,1
2021-09-13,20,2021-09-13 18:25:09.800,2021-09-13 18:30:50.100,340.3,69,2.002608695652174,42.4736231884058,17.475797101449274,0,0.1390265756853813,1.81,0.2400000000000002,0.0579710144927536,1.4323386584169142,36.7,1.769999999999996,0.0289855072463768,1.6303458725402784,11.08,2.259999999999998,0.072463768115942,0.010784608,5.641070916506802,0.9136363636363636,0.1503260135650634,정상 위험,deployment_demo_not_oof_validation,정상,0.010250126,5.759357183526806,0.8909090909090909,0.04356123134493828,정상 위험,1
2021-09-13,21,2021-09-13 18:31:17.800,2021-09-13 18:36:58.200,340.4,69,2.000289855072464,42.43072463768116,17.553333333333335,0,0.1146217694970102,1.81,0.1599999999999999,0.0579710144927536,1.640004769398176,34.2,2.039999999999999,0.072463768115942,1.2811101190978478,13.91,1.8800000000000023,0.0144927536231884,0.0067060515,3.3941577423444054,0.8772727272727273,0.1503260135650634,정상 위험,deployment_demo_not_oof_validation,정상,0.01954547,11.409512521170244,0.95,0.04356123134493828,정상 위험,1
2021-09-13,22,2021-09-13 18:37:26.100,2021-09-13 18:43:06.400,340.3,69,2.0189855072463767,42.79028985507247,17.723333333333336,0,0.1343847081585969,1.81,0.2199999999999999,0.0869565217391304,1.3028283384446278,40.24,1.980000000000004,0.0579710144927536,1.500913120762968,12.41,2.0,0.072463768115942,0.007156142,3.642116601162431,0.8772727272727273,0.1503260135650634,정상 위험,deployment_demo_not_oof_validation,정상,0.0062480085,3.3266782794340353,0.8636363636363636,0.04356123134493828,정상 위험,1
2021-09-14,1,2021-09-14 16:23:51.000,2021-09-14 16:29:31.300,340.3,69,2.008695652173913,42.65376811594203,17.407826086956522,0,0.1085047172121516,1.81,0.1500000000000001,0.0144927536231884,1.2980665502848678,40.04,1.8200000000000005,0.0434782608695652,1.4541066284686697,15.21,2.640000000000001,0.0434782608695652,0.00036614633,-0.0985523696575786,0.3818181818181818,0.1503260135650634,정상 위험,deployment_demo_not_oof_validation,정상,0.00043395715,0.034455511508472536,0.5136363636363637,0.021240249276161194,정상 위험,2
2021-09-14,2,2021-09-14 16:29:58.100,2021-09-14 16:35:38.500,340.4,69,1.99768115942029,42.6536231884058,17.272173913043478,0,0.1116736965124447,1.81,0.1600000000000001,0.0289855072463768,1.4930012913339954,40.08,2.6499999999999986,0.1014492753623188,1.3905181742209898,15.04,2.3299999999999983,0.0289855072463768,0.00024371406,-0.1660013908871769,0.2636363636363636,0.1503260135650634,정상 위험,deployment_demo_not_oof_validation,정상,0.0001978055,-0.3210326226408004,0.2681818181818182,0.021240249276161194,정상 위험,2
2021-09-14,3,2021-09-14 16:36:06.200,2021-09-14 16:41:46.500,340.3,69,1.9971014492753625,42.69304347826087,17.46608695652174,0,0.1126564461129938,1.81,0.1899999999999999,0.0144927536231884,1.0964948222133404,40.49,1.730000000000004,0.0,1.3561669789079465,15.1,2.219999999999999,0.0144927536231884,0.0005865051,0.0228452399095593,0.5136363636363637,0.1503260135650634,정상 위험,deployment_demo_not_oof_validation,정상,0.0005787414,0.25240483845972445,0.6318181818181818,0.021240249276161194,정상 위험,2
2021-09-14,4,2021-09-14 16:42:12.000,2021-09-14 16:47:52.400,340.4,69,1.993913043478261,42.45695652173913,17.474057971014492,0,0.1132827980205544,1.81,0.1899999999999999,0.0434782608695652,1.4542213444555394,40.01,2.289999999999999,0.0434782608695652,1.4337346530699009,15.07,2.4499999999999997,0.072463768115942,0.00015090215,-0.217132297715882,0.0045454545454545,0.1503260135650634,정상 위험,deployment_demo_not_oof_validation,정상,0.00013272124,-0.41900644745127164,0.013636363636363636,0.021240249276161194,정상 위험,2
2021-09-14,5,2021-09-14 16:48:17.900,2021-09-14 16:53:58.300,340.4,69,2.0073913043478258,42.44927536231884,17.534637681159417,0,0.1250253171292664,1.81,0.25,0.0289855072463768,1.3619690750144886,40.04,1.8799999999999957,0.0434782608695652,1.493926507868507,13.85,2.34,0.0434782608695652,0.00048976095,-0.0304519770843086,0.4727272727272727,0.1503260135650634,정상 위험,deployment_demo_not_oof_validation,정상,0.0007059618,0.4439145101076013,0.7136363636363636,0.021240249276161194,정상 위험,2
2021-09-14,6,2021-09-14 16:54:25.300,2021-09-14 17:00:05.600,340.3,69,2.024057971014493,42.467971014492754,17.17014492753623,0,0.157445778160383,1.81,0.24,0.1014492753623188,1.3748653192972424,40.12,2.3000000000000043,0.0869565217391304,1.442994733953156,15.01,2.419999999999998,0.0434782608695652,0.007963208,4.086736165917768,0.8863636363636364,0.1503260135650634,정상 위험,deployment_demo_not_oof_validation,정상,0.0056855455,7.939872754350583,0.9454545454545454,0.021240249276161194,정상 위험,2
2021-09-14,7,2021-09-14 17:00:31.200,2021-09-14 17:06:11.500,340.3,69,2.008695652173913,42.64594202898551,17.41478260869565,0,0.1163780988527614,1.81,0.1699999999999999,0.0579710144927536,1.370529437030235,40.16,2.0500000000000043,0.0434782608695652,1.643365994013911,13.9,2.539999999999999,0.0869565217391304,0.0005134634,-0.0173940864491251,0.4818181818181818,0.1503260135650634,정상 위험,deployment_demo_not_oof_validation,정상,0.00050695305,0.1443390364922353,0.5909090909090909,0.021240249276161194,정상 위험,2
2021-09-14,8,2021-09-14 17:06:37.800,2021-09-14 17:12:18.100,340.3,69,2.0385507246376813,42.55608695652174,17.512028985507246,0,0.1555188220339265,1.81,0.2299999999999999,0.0869565217391304,1.3113645984143478,40.03,2.200000000000003,0.0289855072463768,1.384894962793574,15.04,2.120000000000001,0.0289855072463768,0.0021307687,0.8735937912544721,0.7545454545454545,0.1503260135650634,정상 위험,deployment_demo_not_oof_validation,정상,0.0010586593,0.9748435831053357,0.7909090909090909,0.021240249276161194,정상 위험,2
2021-09-14,9,2021-09-14 17:12:43.200,2021-09-14 17:18:23.500,340.3,69,2.0324637681159423,42.55811594202899,17.595942028985508,0,0.1550085936621641,1.81,0.2299999999999999,0.0869565217391304,1.244772924439869,40.19,2.039999999999999,0.0289855072463768,1.455845538470362,15.02,2.4599999999999973,0.0579710144927536,0.0022350822,0.9310610162251558,0.7636363636363637,0.1503260135650634,정상 위험,deployment_demo_not_oof_validation,정상,0.0016109187,1.8061808037036686,0.8545454545454545,0.021240249276161194,정상 위험,2
2021-09-14,10,2021-09-14 17:18:48.800,2021-09-14 17:24:29.100,340.3,69,2.0340579710144926,42.17913043478261,17.500144927536233,0,0.1117944389938083,1.81,0.1900000000000001,0.0,1.318471417890959,40.15,2.009999999999998,0.0434782608695652,1.3842862811206689,15.09,2.4899999999999984,0.0579710144927536,0.00035507994,-0.1046489379945844,0.3681818181818181,0.1503260135650634,정상 위험,deployment_demo_not_oof_validation,정상,0.0002668997,-0.21702245907628717,0.36363636363636365,0.021240249276161194,정상 위험,2
2021-09-14,11,2021-09-14 17:24:55.600,2021-09-14 17:30:36.000,340.4,69,1.9892753623188404,42.50217391304348,17.47159420289855,0,0.1112405824246511,1.81,0.1999999999999999,0.0289855072463768,1.341263528044509,40.02,1.93,0.0289855072463768,1.308843925432811,15.07,2.140000000000001,0.0289855072463768,0.00047624524,-0.0378978976641353,0.4727272727272727,0.1503260135650634,정상 위험,deployment_demo_not_oof_validation,정상,0.00054639153,0.2037072984459684,0.6227272727272727,0.021240249276161194,정상 위험,2
2021-09-14,12,2021-09-14 17:31:03.200,2021-09-14 17:36:43.500,340.3,69,1.998695652173913,42.57289855072464,17.511159420289854,0,0.0989788011093977,1.81,0.1399999999999999,0.0,1.4299785081162368,40.03,2.5,0.0289855072463768,1.2978733014298296,15.01,1.879999999999999,0.0434782608695652,0.00021223596,-0.1833429594144008,0.1909090909090909,0.1503260135650634,정상 위험,deployment_demo_not_oof_validation,정상,0.00015870701,-0.3798890612843957,0.12272727272727273,0.021240249276161194,정상 위험,2
2021-09-14,13,2021-09-14 17:37:09.200,2021-09-14 17:42:49.600,340.4,69,2.041449275362319,42.53782608695652,17.54449275362319,0,0.1312527351235332,1.81,0.1599999999999999,0.0579710144927536,1.3603479978269597,40.01,2.190000000000005,0.0289855072463768,1.3563093697841822,15.01,2.049999999999997,0.0,0.0002463411,-0.1645541297174473,0.2681818181818182,0.1503260135650634,정상 위험,deployment_demo_not_oof_validation,정상,0.00018754619,-0.3364763461235091,0.2409090909090909,0.021240249276161194,정상 위험,2
2021-09-14,14,2021-09-14 17:43:15.200,2021-09-14 17:48:55.500,340.3,69,2.050579710144928,42.57086956521739,17.332463768115943,0,0.1477864522363963,1.81,0.1300000000000001,0.0579710144927536,1.4156725060907551,40.05,2.299999999999997,0.0434782608695652,1.5265998414364612,15.01,2.52,0.072463768115942,0.0010060827,0.2539942911952662,0.6318181818181818,0.1503260135650634,정상 위험,deployment_demo_not_oof_validation,정상,0.00077547826,0.5485603290889165,0.7363636363636363,0.021240249276161194,정상 위험,2
2021-09-14,15,2021-09-14 17:49:23.000,2021-09-14 17:55:03.300,340.3,69,2.014057971014493,42.44289855072464,17.571014492753626,0,0.1032318755005066,1.83,0.1800000000000001,0.0,1.4730102246453125,40.05,2.6500000000000057,0.0434782608695652,1.37215818086556,15.05,2.16,0.0289855072463768,0.00024489456,-0.1653510456912694,0.2636363636363636,0.1503260135650634,정상 위험,deployment_demo_not_oof_validation,정상,0.00018822873,-0.33544888793653266,0.24545454545454545,0.021240249276161194,정상 위험,2
2021-09-14,16,2021-09-14 17:55:28.700,2021-09-14 18:01:09.000,340.3,69,1.9998550724637685,42.73956521739131,17.670724637681158,0,0.1190463670619831,1.81,0.1500000000000001,0.0289855072463768,1.4430334010061712,40.03,2.5799999999999983,0.0579710144927536,1.4295292508175137,15.24,2.710000000000001,0.0579710144927536,0.00017586072,-0.2033823986822082,0.05,0.1503260135650634,정상 위험,deployment_demo_not_oof_validation,정상,0.00015508926,-0.38533500149981864,0.09090909090909091,0.021240249276161194,정상 위험,2
2021-09-14,17,2021-09-14 18:01:34.600,2021-09-14 18:07:14.900,340.3,69,1.9995652173913043,42.5236231884058,17.67173913043478,0,0.1145250394225273,1.82,0.1999999999999999,0.0289855072463768,1.601756362297423,37.54,2.5700000000000003,0.072463768115942,1.385634232062682,15.03,2.299999999999997,0.0434782608695652,0.00021945522,-0.1793658030830216,0.2227272727272727,0.1503260135650634,정상 위험,deployment_demo_not_oof_validation,정상,0.0001773336,-0.3518497527722549,0.18181818181818182,0.021240249276161194,정상 위험,2
2021-09-14,18,2021-09-14 18:07:41.300,2021-09-14 18:13:21.600,340.3,69,2.0333333333333337,41.94144927536232,16.864202898550726,0,0.1184913333473439,1.81,0.2100000000000002,0.0579710144927536,2.063552245210356,35.78,2.5,0.0579710144927536,1.8637370789366292,11.6,2.370000000000001,0.0289855072463768,0.008480559,4.371749733575364,0.8954545454545455,0.1503260135650634,정상 위험,deployment_demo_not_oof_validation,정상,0.015972689,23.425503843389997,0.9818181818181818,0.021240249276161194,정상 위험,2
2021-09-14,19,2021-09-14 18:13:46.700,2021-09-14 18:19:27.000,340.3,69,2.0404347826086955,42.08014492753623,17.608840579710144,0,0.1156367891618953,1.84,0.1800000000000001,0.0434782608695652,1.698298883098669,34.71,2.1700000000000017,0.0579710144927536,1.3784801266269826,15.22,2.1499999999999986,0.072463768115942,0.002467801,1.05926791788578,0.7772727272727272,0.1503260135650634,정상 위험,deployment_demo_not_oof_validation,정상,0.0016461146,1.8591626323113366,0.8545454545454545,0.021240249276161194,정상 위험,2
2021-09-14,20,2021-09-14 18:19:53.600,2021-09-14 18:25:34.000,340.4,69,1.99231884057971,42.60028985507247,17.417536231884057,0,0.1165704145638041,1.81,0.1699999999999999,0.0434782608695652,1.3855939170564375,40.13,2.039999999999999,0.0579710144927536,1.3463189528981054,15.08,2.0700000000000003,0.0289855072463768,0.000320587,-0.1236514148627586,0.35,0.1503260135650634,정상 위험,deployment_demo_not_oof_validation,정상,0.00037755046,-0.05045563610727365,0.4727272727272727,0.021240249276161194,정상 위험,2
2021-09-14,21,2021-09-14 18:26:00.300,2021-09-14 18:31:40.700,340.4,69,2.01072463768116,42.74144927536232,17.41246376811594,0,0.1198567630497497,1.81,0.2200000000000002,0.0289855072463768,1.3043403509305551,40.23,2.020000000000003,0.0144927536231884,1.425877857359852,15.08,2.6000000000000014,0.0289855072463768,0.00041819667,-0.0698773758632673,0.4363636363636363,0.1503260135650634,정상 위험,deployment_demo_not_oof_validation,정상,0.00030698764,-0.15667655216935703,0.39090909090909093,0.021240249276161194,정상 위험,2
2021-09-14,22,2021-09-14 18:32:06.500,2021-09-14 18:37:46.800,340.3,69,1.9931884057971012,42.219130434782606,17.516376811594206,0,0.1213949891593939,1.81,0.2000000000000001,0.0289855072463768,1.341013377933046,40.03,1.6899999999999975,0.0289855072463768,1.4006048808980949,15.04,2.1899999999999977,0.0579710144927536,0.00042312616,-0.0671616758052807,0.4409090909090909,0.1503260135650634,정상 위험,deployment_demo_not_oof_validation,정상,0.00048858405,0.11668747822245484,0.5772727272727273,0.021240249276161194,정상 위험,2
2021-09-15,1,2021-09-15 16:29:51.000,2021-09-15 16:35:31.300,340.3,69,1.993913043478261,42.3868115942029,17.276521739130434,0,0.1227888837575476,1.81,0.2100000000000002,0.0579710144927536,1.506811488222753,40.02,2.5,0.072463768115942,1.4371753608738265,15.04,2.27,0.0434782608695652,0.0002151957,-0.1817124106170683,0.2,0.1503260135650634,정상 위험,deployment_demo_not_oof_validation,정상,0.00018710876,-0.3371348271294043,0.22727272727272727,0.021240249276161194,정상 위험,2
2021-09-15,2,2021-09-15 16:35:58.800,2021-09-15 16:41:39.100,340.3,69,2.0201449275362315,42.50782608695652,17.134347826086955,0,0.1208851272127579,1.81,0.1900000000000001,0.072463768115942,1.418584494948913,40.07,2.460000000000001,0.0434782608695652,1.5743574583459805,13.19,2.5799999999999983,0.0144927536231884,0.0016131051,0.5884082797121356,0.7227272727272728,0.1503260135650634,정상 위험,deployment_demo_not_oof_validation,정상,0.0005403885,0.194670730965066,0.6181818181818182,0.021240249276161194,정상 위험,2
2021-09-15,3,2021-09-15 16:42:04.600,2021-09-15 16:47:44.900,340.3,69,2.0071014492753623,42.20231884057971,17.512753623188406,0,0.1371570745025717,1.81,0.1700000000000001,0.072463768115942,1.35749243842281,40.23,2.240000000000002,0.0579710144927536,1.3964860143967777,12.35,1.870000000000001,0.0579710144927536,0.0021105544,0.8624575226433634,0.7545454545454545,0.1503260135650634,정상 위험,deployment_demo_not_oof_validation,정상,0.0021248155,2.5797693715183243,0.8681818181818182,0.021240249276161194,정상 위험,2
2021-09-15,4,2021-09-15 16:48:11.300,2021-09-15 16:53:51.700,340.4,69,1.9998550724637685,42.28782608695652,17.9131884057971,0,0.099550353112252,1.81,0.1200000000000001,0.0144927536231884,1.453128338898345,40.01,2.43,0.0434782608695652,1.3529504716312148,15.23,2.370000000000001,0.072463768115942,0.00016579009,-0.2089304028546693,0.0363636363636363,0.1503260135650634,정상 위험,deployment_demo_not_oof_validation,정상,0.00013577494,-0.41440958848233916,0.02727272727272727,0.021240249276161194,정상 위험,2
2021-09-15,5,2021-09-15 16:54:19.300,2021-09-15 16:59:59.600,340.3,69,2.024927536231884,42.54188405797101,17.558985507246376,0,0.1168913923818098,1.81,0.1700000000000001,0.1014492753623188,1.525419205027143,40.17,2.460000000000001,0.1159420289855072,1.2581804613473708,15.31,1.9600000000000009,0.0,0.0017824306,0.6816912042313396,0.7318181818181818,0.1503260135650634,정상 위험,deployment_demo_not_oof_validation,정상,0.0020984565,2.540090173563085,0.8681818181818182,0.021240249276161194,정상 위험,2
2021-09-15,6,2021-09-15 17:00:24.700,2021-09-15 17:06:05.000,340.3,69,2.031304347826087,42.23724637681159,17.226956521739133,0,0.097617396043073,1.82,0.1400000000000001,0.0289855072463768,1.3546172501072582,40.1,2.3500000000000014,0.0434782608695652,1.5212990814237235,13.67,2.1000000000000014,0.0434782608695652,0.00023823896,-0.1690176720722835,0.25,0.1503260135650634,정상 위험,deployment_demo_not_oof_validation,정상,0.00028491995,-0.18989588935565124,0.37272727272727274,0.021240249276161194,정상 위험,2
2021-09-15,7,2021-09-15 17:06:30.500,2021-09-15 17:12:10.900,340.4,69,1.9933333333333327,42.64188405797101,17.235072463768116,0,0.1090286884354791,1.82,0.2000000000000001,0.0144927536231884,1.337690366180278,40.07,2.1599999999999966,0.0144927536231884,1.604498843498938,13.7,2.799999999999999,0.0434782608695652,0.0003844625,-0.0884618257859958,0.4,0.1503260135650634,정상 위험,deployment_demo_not_oof_validation,정상,0.00032462642,-0.1301242146871954,0.4090909090909091,0.021240249276161194,정상 위험,2
2021-09-15,8,2021-09-15 17:12:36.500,2021-09-15 17:18:16.900,340.4,69,1.9988405797101447,42.18898550724638,17.746521739130436,0,0.1067919394386615,1.81,0.1899999999999999,0.0144927536231884,1.286849944320874,40.02,1.7199999999999989,0.0144927536231884,1.4051489622592002,15.06,1.9499999999999995,0.0579710144927536,0.00042312616,-0.0671616758052807,0.4409090909090909,0.1503260135650634,정상 위험,deployment_demo_not_oof_validation,정상,0.0004958303,0.127595568764557,0.5863636363636363,0.021240249276161194,정상 위험,2
2021-09-15,9,2021-09-15 17:18:44.800,2021-09-15 17:24:25.200,340.4,69,1.986086956521739,42.43608695652174,17.054927536231883,0,0.1071587249241317,1.81,0.1500000000000001,0.0289855072463768,1.4266416935373547,40.14,2.280000000000001,0.0434782608695652,1.433280506173744,15.01,2.5500000000000007,0.0144927536231884,0.00021109689,-0.183970480839334,0.1909090909090909,0.1503260135650634,정상 위험,deployment_demo_not_oof_validation,정상,0.00015492401,-0.3855837609909346,0.09090909090909091,0.021240249276161194,정상 위험,2
2021-09-15,10,2021-09-15 17:24:52.300,2021-09-15 17:30:32.700,340.4,69,1.9992753623188404,42.555652173913046,17.796521739130434,0,0.1372130035916647,1.81,0.2599999999999998,0.0144927536231884,1.5199249964669013,40.02,3.049999999999997,0.0434782608695652,1.4042391974963402,15.05,2.27,0.0869565217391304,0.0007129299,0.0924937687878486,0.5454545454545454,0.1503260135650634,정상 위험,deployment_demo_not_oof_validation,정상,0.00070597214,0.4439301068632965,0.7136363636363636,0.021240249276161194,정상 위험,2
2021-09-15,11,2021-09-15 17:30:58.300,2021-09-15 17:36:38.600,340.3,69,2.036231884057971,42.271884057971015,17.55536231884058,0,0.1464792843140723,1.81,0.1900000000000001,0.1014492753623188,1.3328312140639902,40.13,2.190000000000005,0.0144927536231884,1.4323895909716586,15.02,2.4499999999999997,0.0869565217391304,0.0032389855,1.4841202851852229,0.8090909090909091,0.1503260135650634,정상 위험,deployment_demo_not_oof_validation,정상,0.0057572024,8.0477406177163,0.9454545454545454,0.021240249276161194,정상 위험,2
2021-09-15,12,2021-09-15 17:37:05.700,2021-09-15 17:42:46.000,340.3,69,1.99768115942029,42.32782608695652,17.38086956521739,0,0.1126047868528038,1.81,0.1900000000000001,0.0144927536231884,1.3134573478433098,40.07,1.9200000000000017,0.0289855072463768,1.2766405122204352,15.31,2.0700000000000003,0.072463768115942,0.00042223049,-0.0676551085778373,0.4409090909090909,0.1503260135650634,정상 위험,deployment_demo_not_oof_validation,정상,0.0004958303,0.127595568764557,0.5863636363636363,0.021240249276161194,정상 위험,2
2021-09-15,13,2021-09-15 17:43:12.000,2021-09-15 17:48:52.300,340.3,69,2.003043478260869,42.78811594202899,17.297826086956523,0,0.114047259912749,1.81,0.1899999999999999,0.0434782608695652,1.4223047528181765,40.08,2.299999999999997,0.0579710144927536,1.4012881359298304,15.03,2.1099999999999994,0.0579710144927536,0.00017962694,-0.2013075599700895,0.0681818181818181,0.1503260135650634,정상 위험,deployment_demo_not_oof_validation,정상,0.00017300453,-0.3583664584583753,0.17272727272727273,0.021240249276161194,정상 위험,2
2021-09-15,14,2021-09-15 17:49:19.500,2021-09-15 17:54:59.900,340.4,69,2.0357971014492757,42.41289855072464,17.77159420289855,0,0.1244683493562715,1.82,0.1999999999999999,0.0434782608695652,1.5141082615823696,37.92,2.5700000000000003,0.0579710144927536,1.4387674700614677,15.02,2.4899999999999984,0.1159420289855072,0.0001760018,-0.2033046760058486,0.05,0.1503260135650634,정상 위험,deployment_demo_not_oof_validation,정상,0.00016636461,-0.3683617883034168,0.15,0.021240249276161194,정상 위험,2
2021-09-15,15,2021-09-15 17:55:26.000,2021-09-15 18:01:06.400,340.4,69,1.98536231884058,42.624057971014494,17.433188405797104,0,0.1177307460234996,1.81,0.2000000000000001,0.0434782608695652,1.4049809699784923,40.04,2.140000000000001,0.0289855072463768,1.4596559755375311,15.08,2.3000000000000007,0.0869565217391304,0.0001975392,-0.1914395378445319,0.1318181818181818,0.1503260135650634,정상 위험,deployment_demo_not_oof_validation,정상,0.00014920923,-0.39418644512906365,0.05454545454545454,0.021240249276161194,정상 위험,2
2021-09-15,16,2021-09-15 18:01:34.100,2021-09-15 18:07:14.400,340.3,69,2.0157971014492757,42.44753623188406,17.628985507246377,0,0.12379306496186,1.81,0.2000000000000001,0.072463768115942,1.51862302741768,40.08,2.640000000000001,0.1159420289855072,1.3840713014270365,15.12,2.4499999999999997,0.0434782608695652,0.00022746545,-0.1749528947069258,0.2409090909090909,0.1503260135650634,정상 위험,deployment_demo_not_oof_validation,정상,0.00018176284,-0.34518224924033997,0.19545454545454546,0.021240249276161194,정상 위험,2
2021-09-15,17,2021-09-15 18:07:41.500,2021-09-15 18:13:21.800,340.3,69,1.9879710144927532,42.592608695652174,17.50913043478261,0,0.1155113912150063,1.81,0.2000000000000001,0.0289855072463768,1.3500050677180624,40.07,2.25,0.0434782608695652,1.4392714038405137,15.05,2.6099999999999994,0.072463768115942,0.0001556454,-0.2145192044175372,0.0045454545454545,0.1503260135650634,정상 위험,deployment_demo_not_oof_validation,정상,0.00013599198,-0.414082867118303,0.02727272727272727,0.021240249276161194,정상 위험,2
2021-09-15,18,2021-09-15 18:13:48.500,2021-09-15 18:19:28.900,340.4,69,2.0027536231884056,42.58898550724638,17.25623188405797,0,0.1275664078266574,1.81,0.2299999999999999,0.0434782608695652,1.4658446119072308,40.06,2.5700000000000003,0.072463768115942,1.3558490952050886,15.03,2.18,0.0289855072463768,0.00023885554,-0.1686779931119911,0.2545454545454545,0.1503260135650634,정상 위험,deployment_demo_not_oof_validation,정상,0.00021238132,-0.29909107606102925,0.30454545454545456,0.021240249276161194,정상 위험,2
2021-09-15,19,2021-09-15 18:19:55.400,2021-09-15 18:25:35.800,340.4,69,1.9862318840579711,42.54202898550725,17.706376811594204,0,0.1125519677262249,1.81,0.1799999999999999,0.0434782608695652,1.4813374121243448,40.02,2.640000000000001,0.0434782608695652,1.4532205320420255,15.18,2.390000000000001,0.1159420289855072,0.0001854118,-0.1981206256017269,0.0818181818181818,0.1503260135650634,정상 위험,deployment_demo_not_oof_validation,정상,0.0001385118,-0.41028970108434365,0.031818181818181815,0.021240249276161194,정상 위험,2
2021-09-15,20,2021-09-15 18:26:02.300,2021-09-15 18:31:42.600,340.3,69,2.006666666666667,42.54159420289855,17.427246376811595,0,0.1311113880577555,1.81,0.2000000000000001,0.0869565217391304,1.5198312824207572,37.64,2.460000000000001,0.0579710144927536,1.6763685226405067,10.77,2.34,0.072463768115942,0.002424401,1.0353584184427036,0.7772727272727272,0.1503260135650634,정상 위험,deployment_demo_not_oof_validation,정상,0.0013906916,1.474664576380122,0.8318181818181818,0.021240249276161194,정상 위험,2
2021-09-15,21,2021-09-15 18:32:09.500,2021-09-15 18:37:49.800,340.3,69,2.017971014492754,42.890869565217386,17.34173913043478,0,0.1059630861105569,1.82,0.1700000000000001,0.0434782608695652,1.3360100157365358,40.01,1.93,0.072463768115942,1.2599369224661012,15.04,1.7199999999999989,0.0144927536231884,0.0005642078,0.0105614494940031,0.509090909090909,0.1503260135650634,정상 위험,deployment_demo_not_oof_validation,정상,0.0006348938,0.3369331207720429,0.6545454545454545,0.021240249276161194,정상 위험,2
2021-09-15,22,2021-09-15 18:38:16.200,2021-09-15 18:43:56.500,340.3,69,2.0137681159420286,42.51695652173913,17.332608695652176,0,0.1307343675198296,1.81,0.1999999999999999,0.0289855072463768,1.406525029939584,40.04,2.160000000000004,0.072463768115942,1.4739579092221622,11.33,2.120000000000001,0.0144927536231884,0.0006243322,0.0436845373092315,0.5181818181818182,0.1503260135650634,정상 위험,deployment_demo_not_oof_validation,정상,0.00073425093,0.486499260977742,0.7181818181818181,0.021240249276161194,정상 위험,2
2021-09-16,1,2021-09-16 16:28:22.000,2021-09-16 16:34:02.300,340.3,69,1.9998550724637685,42.37173913043478,17.684347826086956,0,0.1152426181586838,1.83,0.1799999999999999,0.0144927536231884,1.5959820474091102,36.8,2.8100000000000023,0.0434782608695652,1.350604960597581,15.07,2.1700000000000017,0.0579710144927536,0.00028544635,-0.1430107025488199,0.3227272727272727,0.1503260135650634,정상 위험,deployment_demo_not_oof_validation,정상,0.0002618618,-0.25563963339098933,0.31363636363636366,0.04622083529829979,정상 위험,3
2021-09-16,2,2021-09-16 16:34:28.800,2021-09-16 16:40:09.100,340.3,69,2.008405797101449,42.35217391304348,17.71985507246377,0,0.1181054263385272,1.81,0.1899999999999999,0.0289855072463768,1.5917876276885696,37.35,2.5999999999999943,0.0434782608695652,1.6373171139483955,13.2,2.539999999999999,0.144927536231884,0.00075250224,0.1142945345754697,0.55,0.1503260135650634,정상 위험,deployment_demo_not_oof_validation,정상,0.0009349845,0.3990478049589094,0.6909090909090909,0.04622083529829979,정상 위험,3
2021-09-16,3,2021-09-16 16:40:34.900,2021-09-16 16:46:15.200,340.3,69,2.0091304347826084,42.54579710144928,17.76942028985507,0,0.1335459728116874,1.81,0.2099999999999999,0.0289855072463768,1.3728292017036563,40.34,2.1099999999999994,0.1014492753623188,1.407431833118885,15.04,2.3599999999999994,0.072463768115942,0.00034561084,-0.1098655525566609,0.35,0.1503260135650634,정상 위험,deployment_demo_not_oof_validation,정상,0.0005085539,-0.015703874700559305,0.4863636363636364,0.04622083529829979,정상 위험,3
2021-09-16,4,2021-09-16 16:46:40.500,2021-09-16 16:52:20.800,340.3,69,2.028550724637681,42.13130434782609,17.438695652173912,1,0.1322461537561328,1.81,0.2000000000000001,0.1014492753623188,2.004099411238843,34.79,2.259999999999998,0.0434782608695652,1.4816901250256296,13.09,2.280000000000001,0.0434782608695652,0.96948224,533.7961169053431,1.0,0.1503260135650634,불량 위험,deployment_demo_not_oof_validation,불량,0.82607025,802.9358108633003,1.0,0.04622083529829979,불량 위험,3
2021-09-16,5,2021-09-16 16:52:46.100,2021-09-16 16:58:26.400,340.3,69,2.0243478260869567,42.33057971014493,17.660289855072463,0,0.1117702246584688,1.82,0.1900000000000001,0.0289855072463768,1.3195463615085687,40.18,1.769999999999996,0.0434782608695652,1.28285179903133,15.09,2.2399999999999984,0.0434782608695652,0.00044928267,-0.0527518194571893,0.4681818181818182,0.1503260135650634,정상 위험,deployment_demo_not_oof_validation,정상,0.0006328036,0.10514294324388912,0.5772727272727273,0.04622083529829979,정상 위험,3
2021-09-16,6,2021-09-16 16:58:52.000,2021-09-16 17:04:32.300,340.3,69,2.0071014492753623,42.221449275362325,17.596521739130434,0,0.1204293965636806,1.81,0.2100000000000002,0.0289855072463768,1.4198946474612733,37.17,2.049999999999997,0.0289855072463768,1.3876417003286723,15.07,2.5400000000000027,0.0144927536231884,0.00029435288,-0.138104016678653,0.3318181818181818,0.1503260135650634,정상 위험,deployment_demo_not_oof_validation,정상,0.0002741547,-0.24368340194599464,0.32272727272727275,0.04622083529829979,정상 위험,3
2021-09-16,7,2021-09-16 17:04:57.400,2021-09-16 17:10:37.700,340.3,69,1.998695652173913,42.14115942028985,17.535797101449276,0,0.1084504907845356,1.81,0.1899999999999999,0.0144927536231884,1.8564137915313752,33.98,2.8399999999999963,0.0434782608695652,1.494169458258157,11.36,1.5700000000000005,0.0289855072463768,0.026345016,14.21343802146269,0.9454545454545454,0.1503260135650634,정상 위험,deployment_demo_not_oof_validation,정상,0.046891168,45.09660002054574,0.9863636363636363,0.04622083529829979,불량 위험,3
2021-09-16,8,2021-09-16 17:11:03.100,2021-09-16 17:16:43.400,340.3,69,2.029275362318841,42.31086956521739,17.45159420289855,0,0.1260055885849758,1.81,0.2099999999999999,0.1014492753623188,1.526398817604243,37.45,2.0799999999999983,0.072463768115942,1.2754475837091184,15.03,1.75,0.0434782608695652,0.0022269133,0.9265607169367344,0.7636363636363637,0.1503260135650634,정상 위험,deployment_demo_not_oof_validation,정상,0.0012734946,0.7282869013482924,0.7545454545454545,0.04622083529829979,정상 위험,3
2021-09-16,9,2021-09-16 17:17:08.500,2021-09-16 17:22:48.800,340.3,69,2.000869565217392,42.56376811594203,17.418260869565216,0,0.1103035801567492,1.81,0.1800000000000001,0.0289855072463768,1.4205437043707174,40.03,2.440000000000005,0.0579710144927536,1.519158974488786,15.03,2.919999999999998,0.0289855072463768,0.00025108,-0.1619434334361454,0.2772727272727273,0.1503260135650634,정상 위험,deployment_demo_not_oof_validation,정상,0.00024334653,-0.2736478187039573,0.2818181818181818,0.04622083529829979,정상 위험,3
2021-09-16,10,2021-09-16 17:23:16.400,2021-09-16 17:28:56.700,340.3,69,2.017536231884058,42.47608695652174,17.38753623188406,0,0.1238880637689363,1.81,0.2000000000000001,0.072463768115942,1.3424409477551404,40.04,2.160000000000004,0.0434782608695652,1.373206215820459,15.05,2.140000000000001,0.0144927536231884,0.00028777283,-0.1417290279577606,0.3272727272727272,0.1503260135650634,정상 위험,deployment_demo_not_oof_validation,정상,0.00021115871,-0.30495408842267946,0.2,0.04622083529829979,정상 위험,3
2021-09-16,11,2021-09-16 17:29:24.300,2021-09-16 17:35:04.600,340.3,69,2.0,42.041739130434784,17.68159420289855,0,0.1240493260526539,1.81,0.2199999999999999,0.0289855072463768,1.573220709733547,37.09,2.0900000000000034,0.0434782608695652,1.4027332805763495,15.26,2.289999999999999,0.1014492753623188,0.00023057948,-0.1732373520143106,0.2409090909090909,0.1503260135650634,정상 위험,deployment_demo_not_oof_validation,정상,0.0002417753,-0.27517601496993743,0.2818181818181818,0.04622083529829979,정상 위험,3
2021-09-16,12,2021-09-16 17:35:29.900,2021-09-16 17:41:10.300,340.4,69,1.9943478260869567,42.364782608695656,17.54855072463768,0,0.1343445773864572,1.81,0.2400000000000002,0.0434782608695652,1.3057200050002298,40.02,1.9400000000000048,0.0144927536231884,1.4602983935225249,13.12,2.460000000000001,0.0579710144927536,0.0018086962,0.6961611703914314,0.7318181818181818,0.1503260135650634,정상 위험,deployment_demo_not_oof_validation,정상,0.0017223359,1.164835567584161,0.7954545454545454,0.04622083529829979,정상 위험,3
2021-09-16,13,2021-09-16 17:41:36.500,2021-09-16 17:47:16.800,340.3,69,2.004492753623188,42.41275362318841,17.570869565217393,0,0.1119156225214553,1.81,0.1800000000000001,0.0434782608695652,1.3658372610600118,40.18,2.390000000000001,0.0434782608695652,1.4854180824923997,12.9,2.1099999999999994,0.0869565217391304,0.0003792938,-0.0913093056638895,0.3954545454545454,0.1503260135650634,정상 위험,deployment_demo_not_oof_validation,정상,0.0002437164,-0.2732880824295541,0.2818181818181818,0.04622083529829979,정상 위험,3
2021-09-16,14,2021-09-16 17:47:42.700,2021-09-16 17:53:23.000,340.3,69,2.0392753623188407,42.45449275362319,17.53449275362319,0,0.1129330728479549,1.81,0.1699999999999999,0.0434782608695652,1.273286087061954,40.02,1.8299999999999983,0.0579710144927536,1.4580441535232014,15.12,2.629999999999999,0.0579710144927536,0.00036086602,-0.1014613382335309,0.3727272727272727,0.1503260135650634,정상 위험,deployment_demo_not_oof_validation,정상,0.00055365183,0.028158955920414015,0.5227272727272727,0.04622083529829979,정상 위험,3
2021-09-16,15,2021-09-16 17:53:49.900,2021-09-16 17:59:30.200,340.3,69,2.007536231884058,42.38101449275362,17.613768115942026,0,0.1197841907115293,1.81,0.2300000000000002,0.0434782608695652,1.4747653302131276,40.21,2.3999999999999986,0.0579710144927536,1.4156780764097745,15.11,2.5299999999999976,0.0289855072463768,0.00018950607,-0.1958650566146364,0.0909090909090909,0.1503260135650634,정상 위험,deployment_demo_not_oof_validation,정상,0.00019483134,-0.3208342858405742,0.14545454545454545,0.04622083529829979,정상 위험,3
2021-09-16,16,2021-09-16 17:59:56.900,2021-09-16 18:05:37.200,340.3,69,2.010144927536232,42.01608695652174,17.5136231884058,0,0.1351196937100713,1.81,0.2100000000000002,0.0579710144927536,1.48729641947602,40.04,2.18,0.0434782608695652,1.3556591309965755,15.07,2.280000000000001,0.0289855072463768,0.00040275315,-0.0783853433454944,0.4090909090909091,0.1503260135650634,정상 위험,deployment_demo_not_oof_validation,정상,0.00037210502,-0.14841571975620008,0.4,0.04622083529829979,정상 위험,3
2021-09-16,17,2021-09-16 18:06:04.400,2021-09-16 18:11:44.800,340.4,69,2.009710144927536,42.59811594202898,17.802463768115942,0,0.1190399218069392,1.81,0.2200000000000002,0.0289855072463768,1.471079311016554,40.09,2.68,0.0579710144927536,1.372892401633159,15.04,2.3500000000000014,0.0144927536231884,0.0002875526,-0.1418503538973198,0.3272727272727272,0.1503260135650634,정상 위험,deployment_demo_not_oof_validation,정상,0.00022604049,-0.29047988705070743,0.24545454545454545,0.04622083529829979,정상 위험,3
2021-09-16,18,2021-09-16 18:12:10.400,2021-09-16 18:17:50.700,340.3,69,2.0276811594202897,42.375652173913046,17.3031884057971,0,0.1316651828506935,1.81,0.1999999999999999,0.072463768115942,1.5838379282995485,40.03,3.049999999999997,0.0579710144927536,1.3232796742692703,15.04,2.1000000000000014,0.0289855072463768,0.0003709907,-0.0958835677591282,0.3909090909090909,0.1503260135650634,정상 위험,deployment_demo_not_oof_validation,정상,0.00042571896,-0.09627013727274819,0.45454545454545453,0.04622083529829979,정상 위험,3
2021-09-16,19,2021-09-16 18:18:15.800,2021-09-16 18:23:56.200,340.4,69,1.998695652173913,42.30753623188406,17.50623188405797,0,0.126954288247179,1.81,0.1799999999999999,0.0144927536231884,1.4389614369573278,36.92,1.8999999999999984,0.0144927536231884,1.3172566205043628,15.04,2.099999999999998,0.0289855072463768,0.00047624524,-0.0378978976641353,0.4727272727272727,0.1503260135650634,정상 위험,deployment_demo_not_oof_validation,정상,0.0007334477,0.20303066948471168,0.6272727272727273,0.04622083529829979,정상 위험,3
2021-09-16,20,2021-09-16 18:24:21.300,2021-09-16 18:30:01.600,340.3,69,2.026521739130435,42.39159420289855,17.46,0,0.1302918227644539,1.81,0.1900000000000001,0.0579710144927536,1.5242603058421156,40.15,2.8400000000000034,0.0289855072463768,1.601795867144125,13.31,2.890000000000001,0.0579710144927536,0.0010430655,0.2743683909194565,0.6363636363636364,0.1503260135650634,정상 위험,deployment_demo_not_oof_validation,정상,0.0007538577,0.22288168053920698,0.6409090909090909,0.04622083529829979,정상 위험,3
2021-09-16,21,2021-09-16 18:30:29.000,2021-09-16 18:36:09.300,340.3,69,1.996086956521739,42.61014492753623,17.519565217391303,0,0.1165839433917788,1.82,0.1599999999999999,0.0434782608695652,1.4508319041092403,40.02,2.519999999999996,0.0869565217391304,1.3110676327313966,15.08,2.02,0.0434782608695652,0.00021574607,-0.1814092080030819,0.2045454545454545,0.1503260135650634,정상 위험,deployment_demo_not_oof_validation,정상,0.00020103752,-0.3147980846764374,0.17727272727272728,0.04622083529829979,정상 위험,3
2021-09-16,22,2021-09-16 18:36:34.900,2021-09-16 18:42:15.300,340.4,69,2.0011594202898557,42.48159420289855,17.600289855072464,0,0.1117446699858531,1.81,0.2000000000000001,0.0144927536231884,1.467891267800019,40.01,2.530000000000001,0.072463768115942,1.717730180666346,10.46,2.5,0.144927536231884,0.0009775655,0.238283904790948,0.6272727272727273,0.1503260135650634,정상 위험,deployment_demo_not_oof_validation,정상,0.0009845739,0.4472790457629103,0.7,0.04622083529829979,정상 위험,3
2021-09-17,1,2021-09-17 16:28:36.000,2021-09-17 16:34:16.300,340.3,69,2.0269565217391308,42.471739130434784,17.442463768115942,0,0.1134655214258043,1.82,0.1999999999999999,0.0144927536231884,1.4204193213953935,40.03,2.269999999999996,0.0434782608695652,1.2483487985866175,15.06,1.870000000000001,0.0434782608695652,0.00019094658,-0.1950714676042685,0.109090909090909,0.1503260135650634,정상 위험,deployment_demo_not_oof_validation,정상,0.00015512608,-0.3852795804437669,0.09090909090909091,0.021240249276161194,정상 위험,2
2021-09-17,2,2021-09-17 16:34:41.400,2021-09-17 16:40:21.800,340.4,69,2.0171014492753625,42.17507246376812,17.42159420289855,0,0.1271069657145619,1.81,0.1799999999999999,0.0579710144927536,1.3768470195559186,40.01,2.1099999999999994,0.0579710144927536,1.520490075009105,12.72,2.460000000000001,0.0434782608695652,0.0004291487,-0.0638438033788488,0.4545454545454545,0.1503260135650634,정상 위험,deployment_demo_not_oof_validation,정상,0.0004393327,0.04254755523647436,0.5181818181818182,0.021240249276161194,정상 위험,2
2021-09-17,3,2021-09-17 16:40:46.900,2021-09-17 16:46:27.200,340.3,69,2.0281159420289856,42.64521739130435,17.327246376811594,0,0.1207364090794833,1.81,0.1699999999999999,0.072463768115942,1.4819895299063075,40.03,2.3000000000000043,0.0869565217391304,1.4522375069667808,15.01,2.3999999999999986,0.0434782608695652,0.00017934422,-0.2014633099604263,0.0636363636363636,0.1503260135650634,정상 위험,deployment_demo_not_oof_validation,정상,0.0001691562,-0.36415949220468347,0.15454545454545454,0.021240249276161194,정상 위험,2
2021-09-17,4,2021-09-17 16:46:54.900,2021-09-17 16:52:35.200,340.3,69,2.0384057971014493,42.48608695652174,17.71014492753623,0,0.15224422319192,1.82,0.2400000000000002,0.0869565217391304,1.5023190087634757,40.06,2.449999999999996,0.072463768115942,1.351679230954227,15.08,2.2300000000000004,0.0289855072463768,0.0027712581,1.2264450897248174,0.7863636363636364,0.1503260135650634,정상 위험,deployment_demo_not_oof_validation,정상,0.0015919078,1.7775630351807936,0.85,0.021240249276161194,정상 위험,2
2021-09-17,5,2021-09-17 16:53:03.200,2021-09-17 16:58:43.600,340.4,69,2.035072463768116,42.40942028985507,17.39768115942029,0,0.1197623036588062,1.81,0.1699999999999999,0.0434782608695652,1.5359964040034988,37.2,2.18,0.0869565217391304,1.3605093606348713,15.02,2.1300000000000026,0.0434782608695652,0.00020280744,-0.1885372151787087,0.1545454545454545,0.1503260135650634,정상 위험,deployment_demo_not_oof_validation,정상,0.00021696131,-0.29219663097152704,0.31363636363636366,0.021240249276161194,정상 위험,2
2021-09-17,6,2021-09-17 16:59:09.700,2021-09-17 17:04:50.100,340.4,69,2.013188405797101,42.595652173913045,17.688840579710146,0,0.106045117390765,1.83,0.1700000000000001,0.0144927536231884,1.5221496779041588,37.21,2.259999999999998,0.0289855072463768,1.613110382634854,11.41,2.390000000000001,0.0434782608695652,0.0009100773,0.2011040379912611,0.6090909090909091,0.1503260135650634,정상 위험,deployment_demo_not_oof_validation,정상,0.00068570534,0.41342171363460606,0.6909090909090909,0.021240249276161194,정상 위험,2
2021-09-17,7,2021-09-17 17:05:15.900,2021-09-17 17:10:56.200,340.3,69,1.982608695652174,42.46652173913044,17.74855072463768,0,0.1041019321444843,1.83,0.1899999999999999,0.0,1.4527315306882251,40.03,2.6200000000000045,0.0434782608695652,1.3044350539176617,15.34,2.030000000000001,0.0579710144927536,0.00021709208,-0.1806676799581889,0.2181818181818181,0.1503260135650634,정상 위험,deployment_demo_not_oof_validation,정상,0.00016125354,-0.3760556766500762,0.1409090909090909,0.021240249276161194,정상 위험,2
2021-09-17,8,2021-09-17 17:11:22.000,2021-09-17 17:17:02.400,340.4,69,2.000869565217392,42.57666666666667,17.358840579710144,0,0.1218332893081021,1.81,0.1700000000000001,0.0579710144927536,1.370264751862237,40.02,2.020000000000003,0.0434782608695652,1.530565578117222,13.73,2.5500000000000007,0.0579710144927536,0.0005900003,0.0247707741219851,0.5181818181818182,0.1503260135650634,정상 위험,deployment_demo_not_oof_validation,정상,0.0004880283,0.11585090504829852,0.5727272727272728,0.021240249276161194,정상 위험,2
2021-09-17,9,2021-09-17 17:17:28.200,2021-09-17 17:23:08.600,340.4,69,2.0143478260869565,42.20014492753623,17.757536231884057,0,0.1314341510467545,1.81,0.2000000000000001,0.0579710144927536,1.664150103482983,36.76,2.43,0.0434782608695652,1.3274947721145551,15.09,1.91,0.0579710144927536,0.00028719177,-0.1420491379595182,0.3272727272727272,0.1503260135650634,정상 위험,deployment_demo_not_oof_validation,정상,0.00025089813,-0.24111024629193978,0.35,0.021240249276161194,정상 위험,2
2021-09-17,10,2021-09-17 17:23:35.500,2021-09-17 17:29:15.900,340.4,69,2.0143478260869565,42.56376811594203,17.059565217391302,0,0.1198832552315396,1.81,0.2199999999999999,0.0579710144927536,1.4279387668627923,40.01,2.160000000000004,0.0579710144927536,1.5284694716713192,11.52,1.7199999999999989,0.0144927536231884,0.0010227335,0.2631673467307319,0.6363636363636364,0.1503260135650634,정상 위험,deployment_demo_not_oof_validation,정상,0.0007963394,0.5799634328367281,0.7363636363636363,0.021240249276161194,정상 위험,2
2021-09-17,11,2021-09-17 17:29:43.300,2021-09-17 17:35:23.600,340.3,69,2.003043478260869,42.4868115942029,17.14246376811594,0,0.1224180920383585,1.81,0.2099999999999999,0.072463768115942,1.36608338040419,40.09,2.3500000000000014,0.0434782608695652,1.4543336919835606,13.41,2.02,0.0289855072463768,0.0006564288,0.0613668269780708,0.5272727272727272,0.1503260135650634,정상 위험,deployment_demo_not_oof_validation,정상,0.0003590683,-0.07827753197857913,0.45454545454545453,0.021240249276161194,정상 위험,2
2021-09-17,12,2021-09-17 17:35:49.300,2021-09-17 17:41:29.700,340.4,69,1.9907246376811591,42.5372463768116,17.049855072463767,0,0.1058761601864304,1.81,0.1399999999999999,0.0,1.4216124689714875,40.02,1.9200000000000017,0.1014492753623188,1.5873104266185087,13.82,2.49,0.0434782608695652,0.0007961467,0.1383386517783635,0.5590909090909091,0.1503260135650634,정상 위험,deployment_demo_not_oof_validation,정상,0.0012187603,1.2158497341963437,0.8090909090909091,0.021240249276161194,정상 위험,2
2021-09-17,13,2021-09-17 17:41:54.900,2021-09-17 17:47:35.200,340.3,69,1.9956521739130435,42.26405797101449,17.537391304347825,0,0.1000952232049057,1.82,0.1700000000000001,0.0144927536231884,1.6178592598941466,36.51,2.449999999999996,0.072463768115942,1.3958000574980318,13.26,2.030000000000001,0.0434782608695652,0.00084324146,0.1642835794459893,0.5727272727272728,0.1503260135650634,정상 위험,deployment_demo_not_oof_validation,정상,0.00043501204,0.036043489056022684,0.5136363636363637,0.021240249276161194,정상 위험,2
2021-09-17,14,2021-09-17 17:48:03.000,2021-09-17 17:53:43.400,340.4,69,2.027536231884058,42.70405797101449,17.663768115942027,0,0.1549231858725046,1.81,0.2299999999999999,0.1014492753623188,1.35443424138531,40.01,1.9199999999999944,0.0869565217391304,1.3732872770979294,15.14,2.09,0.0434782608695652,0.02743501,14.813925327010743,0.9545454545454546,0.1503260135650634,정상 위험,deployment_demo_not_oof_validation,정상,0.045246992,67.49323490174082,0.9954545454545455,0.021240249276161194,불량 위험,2
2021-09-17,15,2021-09-17 17:54:09.100,2021-09-17 17:59:49.500,340.4,69,2.000289855072464,42.56463768115942,17.5763768115942,0,0.1114077172120066,1.82,0.2000000000000001,0.0434782608695652,1.568945486727935,33.62,1.5800000000000054,0.0434782608695652,1.2610569458318928,13.68,1.8200000000000005,0.0579710144927536,0.0033008812,1.5182191753899816,0.8136363636363636,0.1503260135650634,정상 위험,deployment_demo_not_oof_validation,정상,0.0030525678,3.9763505429549384,0.9,0.021240249276161194,정상 위험,2
2021-09-17,16,2021-09-17 18:00:17.300,2021-09-17 18:05:57.700,340.4,69,2.013188405797101,42.47376811594203,17.507391304347827,0,0.1257506023096695,1.81,0.2200000000000002,0.0434782608695652,1.5989105679376114,36.25,2.3599999999999994,0.0579710144927536,1.2512319249137125,15.47,1.91,0.0579710144927536,0.00028406558,-0.1437713826797184,0.3181818181818182,0.1503260135650634,정상 위험,deployment_demo_not_oof_validation,정상,0.00018558178,-0.3394334428110944,0.22272727272727272,0.021240249276161194,정상 위험,2
2021-09-17,17,2021-09-17 18:06:23.500,2021-09-17 18:12:03.800,340.3,69,1.9962318840579711,42.51652173913043,17.34,0,0.1068410233130261,1.81,0.1399999999999999,0.0289855072463768,1.4958489878237713,40.05,2.3200000000000003,0.0579710144927536,1.3558088534372477,12.71,1.41,0.0144927536231884,0.00042745576,-0.0647764594616056,0.45,0.1503260135650634,정상 위험,deployment_demo_not_oof_validation,정상,0.0004090074,-0.0031023086166631687,0.5,0.021240249276161194,정상 위험,2
2021-09-17,18,2021-09-17 18:12:31.300,2021-09-17 18:18:11.700,340.4,69,2.0273913043478258,42.59376811594203,17.446376811594202,0,0.137345123191361,1.81,0.2299999999999999,0.072463768115942,1.4203521740681866,40.03,2.160000000000004,0.0434782608695652,1.70366471001787,11.55,2.84,0.0434782608695652,0.010099593,5.263689684001443,0.9045454545454544,0.1503260135650634,정상 위험,deployment_demo_not_oof_validation,정상,0.0029880123,3.879172590796037,0.9,0.021240249276161194,정상 위험,2
2021-09-17,19,2021-09-17 18:18:39.600,2021-09-17 18:24:20.000,340.4,69,2.008260869565217,42.46594202898551,17.249855072463767,0,0.1248523424565185,1.81,0.2300000000000002,0.072463768115942,1.6205376003774177,36.34,2.529999999999994,0.1159420289855072,1.537721282740474,13.91,2.7700000000000014,0.0289855072463768,0.0012578778,0.3927104210488303,0.6909090909090909,0.1503260135650634,정상 위험,deployment_demo_not_oof_validation,정상,0.0005195908,0.16336313544033162,0.6,0.021240249276161194,정상 위험,2
2021-09-17,20,2021-09-17 18:24:47.500,2021-09-17 18:30:27.800,340.3,69,2.01536231884058,42.54985507246377,17.431014492753622,0,0.1501428702950168,1.81,0.2100000000000002,0.0869565217391304,1.4367912500896525,40.03,2.039999999999999,0.0869565217391304,1.2470956198628027,15.19,1.7899999999999991,0.0579710144927536,0.0024104696,1.027683474508752,0.7772727272727272,0.1503260135650634,정상 위험,deployment_demo_not_oof_validation,정상,0.0024101313,3.0092661705635133,0.8727272727272727,0.021240249276161194,정상 위험,2
2021-09-17,21,2021-09-17 18:30:53.500,2021-09-17 18:36:33.900,340.4,69,2.00231884057971,42.61072463768116,17.53797101449275,0,0.1305096900564704,1.81,0.25,0.072463768115942,1.5559150124610612,40.01,2.979999999999997,0.1014492753623188,1.4196184032732853,13.35,2.16,0.0869565217391304,0.0009435091,0.2195219152714521,0.6181818181818182,0.1503260135650634,정상 위험,deployment_demo_not_oof_validation,정상,0.0009288184,0.7793891589776979,0.7636363636363637,0.021240249276161194,정상 위험,2
2021-09-17,22,2021-09-17 18:37:00.200,2021-09-17 18:42:40.600,340.4,69,1.9943478260869565,42.59666666666667,17.729855072463767,0,0.1113616031207182,1.81,0.1799999999999999,0.0289855072463768,1.4952155723651148,40.07,2.5500000000000043,0.072463768115942,1.3408891834214112,15.13,2.0700000000000003,0.072463768115942,0.00020917488,-0.1850293370635301,0.1863636363636363,0.1503260135650634,정상 위험,deployment_demo_not_oof_validation,정상,0.00017836363,-0.3502992118194843,0.18636363636363637,0.021240249276161194,정상 위험,2
2021-09-23,1,2021-09-23 16:20:20.000,2021-09-23 16:26:00.300,340.3,69,2.0320289855072464,42.1272463768116,17.232028985507245,0,0.1139476106419721,1.81,0.1599999999999999,0.0434782608695652,1.693187807985777,34.16,2.1700000000000017,0.0289855072463768,1.1962743386302044,15.01,1.599999999999998,0.0144927536231884,0.0028678104,1.2796366134989714,0.7909090909090909,0.1503260135650634,정상 위험,deployment_demo_not_oof_validation,정상,0.00416568,3.541262369530274,0.8727272727272727,0.04622083529829979,정상 위험,3
2021-09-23,2,2021-09-23 16:26:26.800,2021-09-23 16:32:07.100,340.3,69,2.026231884057971,42.74434782608696,17.33231884057971,0,0.1168344913979671,1.81,0.1800000000000001,0.0434782608695652,1.2811294170068082,40.19,2.1899999999999977,0.0289855072463768,1.3247398689460157,15.06,2.140000000000001,0.0289855072463768,0.00022351458,-0.1771294663497307,0.2318181818181818,0.1503260135650634,정상 위험,deployment_demo_not_oof_validation,정상,0.00019957875,-0.31621690367804367,0.16363636363636364,0.04622083529829979,정상 위험,3
2021-09-23,3,2021-09-23 16:32:33.700,2021-09-23 16:38:14.100,340.4,69,1.9865217391304344,42.29304347826087,17.422028985507247,0,0.1297829192848867,1.81,0.2299999999999999,0.0434782608695652,1.4578149486654437,40.02,2.3400000000000034,0.0434782608695652,1.47330019674733,13.77,2.41,0.0434782608695652,0.00015756633,-0.2134609414350173,0.009090909090909,0.1503260135650634,정상 위험,deployment_demo_not_oof_validation,정상,0.00015524417,-0.35933726251954184,0.02727272727272727,0.04622083529829979,정상 위험,3
2021-09-23,4,2021-09-23 16:38:41.900,2021-09-23 16:44:22.300,340.4,69,2.04463768115942,42.33681159420289,17.440579710144927,0,0.128206860766049,1.81,0.1800000000000001,0.0869565217391304,1.7629324607142691,35.37,2.1599999999999966,0.0434782608695652,1.4702959726630984,13.33,2.43,0.0144927536231884,0.13958344,76.59749105027791,0.9863636363636364,0.1503260135650634,정상 위험,deployment_demo_not_oof_validation,정상,0.062161986,59.94918649049676,0.990909090909091,0.04622083529829979,불량 위험,3
2021-09-23,5,2021-09-23 16:44:50.000,2021-09-23 16:50:30.300,340.3,69,2.0291304347826085,42.66594202898551,17.02376811594203,0,0.1209489334441556,1.83,0.1800000000000001,0.0579710144927536,1.353167654975647,40.21,2.219999999999999,0.0434782608695652,1.362496736584624,15.14,2.089999999999998,0.0144927536231884,0.0002449562,-0.1653170866136976,0.2681818181818182,0.1503260135650634,정상 위험,deployment_demo_not_oof_validation,정상,0.00020370958,-0.3121991999176245,0.18181818181818182,0.04622083529829979,정상 위험,3
2021-09-23,6,2021-09-23 16:50:57.900,2021-09-23 16:56:38.200,340.3,69,2.0204347826086955,42.31217391304348,17.26753623188406,0,0.1224436819234326,1.81,0.1899999999999999,0.0144927536231884,1.2723575495965536,40.18,1.8799999999999957,0.0434782608695652,1.3606177293000383,15.07,1.9800000000000004,0.0579710144927536,0.00042497148,-0.0661450680085643,0.4454545454545454,0.1503260135650634,정상 위험,deployment_demo_not_oof_validation,정상,0.0005573813,0.03178629550786563,0.5272727272727272,0.04622083529829979,정상 위험,3
2021-09-23,7,2021-09-23 16:57:04.000,2021-09-23 17:02:44.400,340.4,69,2.004492753623188,42.16724637681159,17.769710144927537,0,0.1227328067734235,1.81,0.1900000000000001,0.0289855072463768,1.5144994164817114,36.35,1.8499999999999943,0.0144927536231884,1.4474592049666293,15.07,2.41,0.0289855072463768,0.0005399599,-0.0027969421005062,0.5,0.1503260135650634,정상 위험,deployment_demo_not_oof_validation,정상,0.0013443686,0.7972198275207018,0.7636363636363637,0.04622083529829979,정상 위험,3
2021-09-23,8,2021-09-23 17:03:09.600,2021-09-23 17:08:50.000,340.4,69,2.0007246376811594,42.41057971014493,17.479130434782608,0,0.1271210497747036,1.81,0.1900000000000001,0.0434782608695652,1.5399435475309695,35.67,2.010000000000005,0.0144927536231884,1.2769595543026444,15.04,1.8299999999999983,0.0289855072463768,0.0032223098,1.4749334407891757,0.8090909090909091,0.1503260135650634,정상 위험,deployment_demo_not_oof_validation,정상,0.003982141,3.3627500688216596,0.8727272727272727,0.04622083529829979,정상 위험,3
2021-09-23,9,2021-09-23 17:09:17.200,2021-09-23 17:14:57.600,340.4,69,2.008985507246377,42.95608695652174,17.552608695652175,0,0.1217657457813764,1.81,0.2100000000000002,0.0144927536231884,1.3317869655989016,40.23,2.270000000000003,0.0869565217391304,1.475278290969411,15.01,2.6499999999999986,0.0579710144927536,0.0001652486,-0.2092287152332168,0.0318181818181818,0.1503260135650634,정상 위험,deployment_demo_not_oof_validation,정상,0.00021444929,-0.3017536287098109,0.2,0.04622083529829979,정상 위험,3
2021-09-23,10,2021-09-23 17:15:25.100,2021-09-23 17:21:05.400,340.3,69,2.0185507246376813,42.62144927536232,17.645942028985505,0,0.1234584398077397,1.82,0.1300000000000001,0.072463768115942,1.2669059988369984,40.08,2.049999999999997,0.0289855072463768,1.4761409533770815,15.02,2.52,0.072463768115942,0.00026214006,-0.1558503443814026,0.2863636363636364,0.1503260135650634,정상 위험,deployment_demo_not_oof_validation,정상,0.0002851121,-0.2330261104356748,0.34545454545454546,0.04622083529829979,정상 위험,3
2021-09-23,11,2021-09-23 17:21:31.100,2021-09-23 17:27:11.400,340.3,69,2.005652173913043,42.37231884057971,17.36159420289855,0,0.1298242959776288,1.81,0.2000000000000001,0.0289855072463768,1.5360464386051538,36.02,1.8599999999999997,0.0144927536231884,1.3842003671566077,15.07,2.120000000000001,0.0434782608695652,0.0005781485,0.0182415241667759,0.5136363636363637,0.1503260135650634,정상 위험,deployment_demo_not_oof_validation,정상,0.0014367178,0.887039848244141,0.7818181818181819,0.04622083529829979,정상 위험,3
2021-09-23,12,2021-09-23 17:27:36.800,2021-09-23 17:33:17.100,340.3,69,1.9978260869565216,42.56057971014493,17.122463768115942,0,0.1279346060575869,1.81,0.2299999999999999,0.0289855072463768,1.507346601363167,40.02,2.5700000000000003,0.0869565217391304,1.588312465366476,10.47,2.4499999999999997,0.0289855072463768,0.0011521253,0.3344504327960577,0.6590909090909091,0.1503260135650634,정상 위험,deployment_demo_not_oof_validation,정상,0.0011057298,0.5651168566672624,0.7363636363636363,0.04622083529829979,정상 위험,3
2021-09-23,13,2021-09-23 17:33:44.500,2021-09-23 17:39:24.800,340.3,69,1.9937681159420289,42.31188405797101,17.47086956521739,0,0.1212569155004869,1.81,0.1700000000000001,0.0289855072463768,1.5538399071165587,35.45,2.030000000000001,0.0434782608695652,1.5931819244836036,11.62,1.84,0.0289855072463768,0.013658306,7.224216304797729,0.9318181818181818,0.1503260135650634,정상 위험,deployment_demo_not_oof_validation,정상,0.018732809,17.70943159067962,0.9454545454545454,0.04622083529829979,정상 위험,3
2021-09-23,14,2021-09-23 17:39:51.600,2021-09-23 17:45:31.900,340.3,69,2.0295652173913044,42.66434782608696,17.468985507246376,0,0.1424412653218728,1.81,0.2000000000000001,0.0869565217391304,1.3422199327331146,40.08,2.18,0.0289855072463768,1.3782513910189589,15.06,2.27,0.0434782608695652,0.00088255707,0.1859428971777373,0.5909090909090909,0.1503260135650634,정상 위험,deployment_demo_not_oof_validation,정상,0.0006950771,0.16571094307181242,0.6,0.04622083529829979,정상 위험,3
2021-09-23,15,2021-09-23 17:45:59.300,2021-09-23 17:51:39.700,340.4,69,2.010144927536232,42.20101449275362,17.55536231884058,0,0.1257973715429977,1.81,0.2000000000000001,0.0579710144927536,1.7450443656314771,36.2,2.6300000000000026,0.0289855072463768,1.4152546847394276,15.1,2.1800000000000037,0.0434782608695652,0.0005162932,-0.0158351114583463,0.4863636363636364,0.1503260135650634,정상 위험,deployment_demo_not_oof_validation,정상,0.0011287659,0.5875219853626598,0.7363636363636363,0.04622083529829979,정상 위험,3
2021-09-23,16,2021-09-23 17:52:07.200,2021-09-23 17:57:47.500,340.3,69,1.9833333333333327,42.431304347826085,17.659855072463767,0,0.097160671459348,1.81,0.1300000000000001,0.0,1.2494091698308,40.07,2.270000000000003,0.0144927536231884,1.3065294089052055,15.21,2.219999999999999,0.0289855072463768,0.00020882016,-0.1852247540783771,0.1818181818181818,0.1503260135650634,정상 위험,deployment_demo_not_oof_validation,정상,0.00019957875,-0.31621690367804367,0.16363636363636364,0.04622083529829979,정상 위험,3
2021-09-23,17,2021-09-23 17:58:13.600,2021-09-23 18:03:54.000,340.4,69,2.000289855072464,42.48884057971014,17.26623188405797,0,0.1240489824328508,1.81,0.2299999999999999,0.0869565217391304,1.3503556571074202,40.09,2.219999999999999,0.0144927536231884,1.6317845711415204,13.85,2.5100000000000016,0.0289855072463768,0.00051239267,-0.0179839610779587,0.4818181818181818,0.1503260135650634,정상 위험,deployment_demo_not_oof_validation,정상,0.00082111824,0.288300097811482,0.6590909090909091,0.04622083529829979,정상 위험,3
2021-09-23,18,2021-09-23 18:04:19.800,2021-09-23 18:10:00.100,340.3,69,2.024057971014493,42.47507246376812,17.37,0,0.1218644237109867,1.81,0.2099999999999999,0.0434782608695652,1.4583770423360891,40.01,2.230000000000004,0.072463768115942,1.4072867093641372,15.08,2.3599999999999994,0.0289855072463768,0.00019022461,-0.1954692040810329,0.1,0.1503260135650634,정상 위험,deployment_demo_not_oof_validation,정상,0.00021643011,-0.2998270574619042,0.21363636363636362,0.04622083529829979,정상 위험,3
2021-09-23,19,2021-09-23 18:10:26.100,2021-09-23 18:16:06.400,340.3,69,1.9978260869565216,42.35956521739131,17.56826086956522,0,0.111327148599725,1.81,0.1900000000000001,0.0144927536231884,1.3612488154617095,40.12,2.369999999999997,0.0289855072463768,1.3843834436967184,15.01,2.3999999999999986,0.0579710144927536,0.00015970164,-0.2122845832750396,0.0136363636363636,0.1503260135650634,정상 위험,deployment_demo_not_oof_validation,정상,0.00014822268,-0.36616644885038857,0.022727272727272728,0.04622083529829979,정상 위험,3
2021-09-23,20,2021-09-23 18:16:32.800,2021-09-23 18:22:13.200,340.4,69,1.9908695652173916,42.23304347826087,17.399420289855072,0,0.1218694954163817,1.82,0.1900000000000001,0.0144927536231884,1.4221600227944753,40.09,2.5799999999999983,0.0434782608695652,1.4089387788415235,15.04,2.630000000000001,0.0144927536231884,0.00022742923,-0.174972848470872,0.2409090909090909,0.1503260135650634,정상 위험,deployment_demo_not_oof_validation,정상,0.00018401498,-0.33135441701587254,0.13636363636363635,0.04622083529829979,정상 위험,3
2021-09-23,21,2021-09-23 18:22:40.100,2021-09-23 18:28:20.400,340.3,69,1.9863768115942029,42.3572463768116,17.58478260869565,0,0.1203056281321568,1.81,0.1899999999999999,0.0144927536231884,1.3671168503545863,40.11,2.469999999999999,0.0289855072463768,1.4985911115755004,12.96,2.6099999999999994,0.1014492753623188,0.00038410895,-0.0886566014584902,0.4,0.1503260135650634,정상 위험,deployment_demo_not_oof_validation,정상,0.00025101058,-0.26619366189395005,0.3,0.04622083529829979,정상 위험,3
2021-09-23,22,2021-09-23 18:28:48.300,2021-09-23 18:34:28.600,340.3,69,1.9921739130434784,42.48014492753623,17.382753623188407,0,0.1131483872830586,1.83,0.2199999999999999,0.0,1.4374676392814014,40.18,2.43,0.072463768115942,1.2344644993560985,15.03,1.6400000000000006,0.0144927536231884,0.00027096053,-0.150991069744654,0.3,0.1503260135650634,정상 위험,deployment_demo_not_oof_validation,정상,0.0002483712,-0.26876077233100837,0.3,0.04622083529829979,정상 위험,3
2021-09-24,1,2021-09-24 16:23:37.000,2021-09-24 16:29:17.300,340.3,69,2.008260869565217,42.18782608695652,17.397391304347828,0,0.1377546467854984,1.81,0.2199999999999999,0.0869565217391304,1.3826592766085994,40.16,2.299999999999997,0.0289855072463768,1.4021702214507603,15.11,2.240000000000002,0.072463768115942,0.00044127373,-0.0571640143399179,0.4545454545454545,0.1503260135650634,정상 위험,deployment_demo_not_oof_validation,정상,0.00029646064,-0.22198837626666362,0.34545454545454546,0.04622083529829979,정상 위험,3
2021-09-24,2,2021-09-24 16:29:43.600,2021-09-24 16:35:23.900,340.3,69,1.991304347826087,42.50927536231884,17.35,0,0.1182459182665548,1.81,0.1899999999999999,0.0289855072463768,1.435750796458465,40.02,2.1099999999999994,0.0289855072463768,1.5086875870418357,13.64,1.8999999999999984,0.0434782608695652,0.0002598094,-0.1571343278049315,0.2818181818181818,0.1503260135650634,정상 위험,deployment_demo_not_oof_validation,정상,0.00026762925,-0.2500301422609629,0.3181818181818182,0.04622083529829979,정상 위험,3
2021-09-24,3,2021-09-24 16:35:49.800,2021-09-24 16:41:30.100,340.3,69,2.024057971014493,42.20173913043478,17.58927536231884,0,0.1187968958866066,1.82,0.1700000000000001,0.0434782608695652,1.291248776005045,40.03,1.8700000000000043,0.0434782608695652,1.2091870371069926,15.5,1.93,0.0289855072463768,0.00047624524,-0.0378978976641353,0.4727272727272727,0.1503260135650634,정상 위험,deployment_demo_not_oof_validation,정상,0.0007246051,0.19443023101817852,0.6181818181818182,0.04622083529829979,정상 위험,3
2021-09-24,4,2021-09-24 16:41:56.100,2021-09-24 16:47:36.400,340.3,69,2.006231884057971,42.38942028985507,17.64913043478261,0,0.1059980778027069,1.82,0.1800000000000001,0.0,1.8821990299662248,35.3,2.93,0.0869565217391304,1.4665803954321717,15.08,2.6099999999999994,0.0579710144927536,0.0054203095,2.6858310290336846,0.8636363636363636,0.1503260135650634,정상 위험,deployment_demo_not_oof_validation,정상,0.009800873,9.022120401758063,0.9318181818181818,0.04622083529829979,정상 위험,3
2021-09-24,5,2021-09-24 16:48:03.000,2021-09-24 16:53:43.300,340.3,69,2.0205797101449274,42.46565217391304,17.29695652173913,0,0.124615692265213,1.81,0.2300000000000002,0.072463768115942,1.4125316011674485,40.09,2.260000000000005,0.0289855072463768,1.5043410755580842,13.82,1.9399999999999975,0.072463768115942,0.00024584087,-0.1648297145263734,0.2681818181818182,0.1503260135650634,정상 위험,deployment_demo_not_oof_validation,정상,0.00023559204,-0.28118992457204156,0.2636363636363636,0.04622083529829979,정상 위험,3
2021-09-24,6,2021-09-24 16:54:09.800,2021-09-24 16:59:50.100,340.3,69,2.0015942028985507,42.52101449275362,17.198695652173914,0,0.1280696408485472,1.81,0.2299999999999999,0.072463768115942,1.5471074955309496,40.06,2.710000000000001,0.0579710144927536,1.3249693814924868,15.09,2.1999999999999997,0.0,0.00036006465,-0.1019028222755242,0.3681818181818181,0.1503260135650634,정상 위험,deployment_demo_not_oof_validation,정상,0.00031070647,-0.2081327055892649,0.35909090909090907,0.04622083529829979,정상 위험,3
2021-09-24,7,2021-09-24 17:00:17.500,2021-09-24 17:05:57.800,340.3,69,1.9894202898550728,42.58463768115942,17.477826086956522,0,0.1264548752109645,1.81,0.1899999999999999,0.072463768115942,1.428334673780608,40.03,2.230000000000004,0.0579710144927536,1.392854527226496,12.85,1.8000000000000007,0.0,0.000768159,0.1229199799431402,0.55,0.1503260135650634,정상 위험,deployment_demo_not_oof_validation,정상,0.00048544817,-0.03817676974453612,0.4772727272727273,0.04622083529829979,정상 위험,3
2021-09-24,8,2021-09-24 17:06:25.100,2021-09-24 17:12:05.400,340.3,69,2.021014492753623,42.51391304347826,17.42768115942029,0,0.1253951979512142,1.81,0.2099999999999999,0.0579710144927536,1.4375338537101174,40.05,2.440000000000005,0.0144927536231884,1.887288862306688,11.83,2.120000000000001,0.072463768115942,0.0010085963,0.2553790134688347,0.6318181818181818,0.1503260135650634,정상 위험,deployment_demo_not_oof_validation,정상,0.0007943844,0.26229842726766994,0.6409090909090909,0.04622083529829979,정상 위험,3
2021-09-24,9,2021-09-24 17:12:33.200,2021-09-24 17:18:13.500,340.3,69,1.9914492753623187,42.29434782608696,17.47942028985507,0,0.1209432944706251,1.81,0.2299999999999999,0.0144927536231884,1.2468695840346704,40.03,1.6099999999999994,0.0289855072463768,1.2427068227177829,15.03,1.639999999999997,0.0144927536231884,0.00058991933,0.0247261687613596,0.5136363636363637,0.1503260135650634,정상 위험,deployment_demo_not_oof_validation,정상,0.0007464443,0.21567127311416934,0.6363636363636364,0.04622083529829979,정상 위험,3
2021-09-24,10,2021-09-24 17:18:40.900,2021-09-24 17:24:21.300,340.4,69,1.9808695652173915,42.174202898550725,17.282608695652176,0,0.1131206946588567,1.81,0.1600000000000001,0.0144927536231884,1.705998418898913,33.77,1.8500000000000012,0.0579710144927536,1.53134375071845,15.07,2.900000000000002,0.0869565217391304,0.005858458,2.9272109979984067,0.8681818181818182,0.1503260135650634,정상 위험,deployment_demo_not_oof_validation,정상,0.008386098,7.646092820457897,0.9272727272727272,0.04622083529829979,정상 위험,3
2021-09-24,11,2021-09-24 17:24:48.100,2021-09-24 17:30:28.500,340.4,69,2.012608695652174,42.54463768115942,17.550144927536234,0,0.1333025326743318,1.81,0.24,0.0869565217391304,1.3819525612337156,40.07,2.3100000000000023,0.0434782608695652,1.668879064410691,13.82,2.5,0.0579710144927536,0.0008814188,0.1853158246924509,0.5863636363636363,0.1503260135650634,정상 위험,deployment_demo_not_oof_validation,정상,0.0010441198,0.5051941940218425,0.7136363636363636,0.04622083529829979,정상 위험,3
2021-09-24,12,2021-09-24 17:30:53.500,2021-09-24 17:36:33.800,340.3,69,2.002898550724637,42.6631884057971,17.137391304347826,0,0.1453707375003584,1.81,0.2299999999999999,0.072463768115942,1.3120992304135508,40.01,1.8400000000000036,0.0579710144927536,1.1902565864921646,15.11,1.6800000000000033,0.0,0.0028416638,1.2652321925273189,0.7863636363636364,0.1503260135650634,정상 위험,deployment_demo_not_oof_validation,정상,0.0049466128,4.300807079449098,0.8772727272727273,0.04622083529829979,정상 위험,3
2021-09-24,13,2021-09-24 17:36:59.100,2021-09-24 17:42:39.400,340.3,69,2.0098550724637683,42.44579710144928,17.37405797101449,0,0.1363979121974853,1.81,0.2099999999999999,0.072463768115942,1.345943148214949,40.15,2.25,0.0144927536231884,1.5994248220206608,10.68,1.8599999999999997,0.0289855072463768,0.0142118335,7.529159714331846,0.9318181818181818,0.1503260135650634,정상 위험,deployment_demo_not_oof_validation,정상,0.0047734072,4.132345258548842,0.8772727272727273,0.04622083529829979,정상 위험,3
2021-09-24,14,2021-09-24 17:43:07.300,2021-09-24 17:48:47.600,340.3,69,2.014057971014493,42.846376811594205,17.679710144927537,0,0.1077213021778027,1.81,0.1700000000000001,0.0,1.425122255864483,40.13,2.549999999999997,0.144927536231884,1.2917850975599303,15.11,1.9800000000000004,0.0434782608695652,0.00022257949,-0.1776446165777033,0.2227272727272727,0.1503260135650634,정상 위험,deployment_demo_not_oof_validation,정상,0.00024629317,-0.2707818739553064,0.2909090909090909,0.04622083529829979,정상 위험,3
2021-09-24,15,2021-09-24 17:49:15.400,2021-09-24 17:54:55.700,340.3,69,1.9994202898550728,42.38478260869565,17.42,0,0.117547037618376,1.81,0.1899999999999999,0.0434782608695652,1.3556435509897695,40.03,2.229999999999997,0.0144927536231884,1.422549492574346,15.19,2.2900000000000027,0.0579710144927536,0.00017670436,-0.2029176339128143,0.0545454545454545,0.1503260135650634,정상 위험,deployment_demo_not_oof_validation,정상,0.00016626899,-0.34861438428004143,0.05909090909090909,0.04622083529829979,정상 위험,3
2021-09-24,16,2021-09-24 17:55:21.100,2021-09-24 18:01:01.400,340.3,69,2.019710144927536,42.59739130434782,17.638840579710145,0,0.1239778326306852,1.82,0.24,0.0289855072463768,1.388863958287188,40.01,2.3400000000000034,0.0289855072463768,1.3811190435464709,15.02,1.8900000000000008,0.0579710144927536,0.00017888787,-0.2017147161626582,0.059090909090909,0.1503260135650634,정상 위험,deployment_demo_not_oof_validation,정상,0.0001634075,-0.35139750349153975,0.03636363636363636,0.04622083529829979,정상 위험,3
2021-09-24,17,2021-09-24 18:01:27.900,2021-09-24 18:07:08.200,340.3,69,2.0010144927536238,41.93028985507247,17.40391304347826,0,0.1213423078288203,1.81,0.2099999999999999,0.072463768115942,1.7295765981494309,37.58,2.240000000000002,0.0434782608695652,1.5054100647051625,13.61,1.9899999999999984,0.0144927536231884,0.0016558565,0.6119604231963252,0.7318181818181818,0.1503260135650634,정상 위험,deployment_demo_not_oof_validation,정상,0.0020484584,1.4820263506856384,0.8136363636363636,0.04622083529829979,정상 위험,3
2021-09-24,18,2021-09-24 18:07:34.900,2021-09-24 18:13:15.300,340.4,69,2.0214492753623188,42.442463768115935,17.373768115942028,0,0.1184244033167901,1.81,0.1800000000000001,0.0289855072463768,1.417830162604631,40.1,2.289999999999999,0.0579710144927536,1.4832308747433711,12.14,2.1899999999999977,0.0434782608695652,0.00043627035,-0.0599204236037378,0.4545454545454545,0.1503260135650634,정상 위험,deployment_demo_not_oof_validation,정상,0.00028789192,-0.23032241995187647,0.34545454545454546,0.04622083529829979,정상 위험,3
2021-09-24,19,2021-09-24 18:13:40.800,2021-09-24 18:19:21.100,340.3,69,1.9992753623188404,42.176811594202896,17.645797101449276,0,0.1318122421407648,1.81,0.2400000000000002,0.0869565217391304,1.8307781154740987,37.72,2.890000000000001,0.0289855072463768,1.2907298503025575,15.22,1.5300000000000011,0.1014492753623188,0.0017842284,0.6826816292265098,0.7318181818181818,0.1503260135650634,정상 위험,deployment_demo_not_oof_validation,정상,0.0037601285,3.146817835821294,0.8727272727272727,0.04622083529829979,정상 위험,3
2021-09-24,20,2021-09-24 18:19:46.600,2021-09-24 18:25:27.000,340.4,69,1.9839130434782608,42.40347826086957,17.281884057971016,0,0.1140461386419129,1.81,0.1900000000000001,0.0289855072463768,1.6034611700272534,35.01,2.1700000000000017,0.0289855072463768,1.3297647684086604,15.12,2.1000000000000014,0.0434782608695652,0.0018907854,0.7413848491791866,0.740909090909091,0.1503260135650634,정상 위험,deployment_demo_not_oof_validation,정상,0.0023669899,1.7918339419879223,0.8363636363636363,0.04622083529829979,정상 위험,3
2021-09-24,21,2021-09-24 18:25:53.600,2021-09-24 18:31:33.900,340.3,69,1.9927536231884055,42.59782608695652,17.44724637681159,0,0.1420219955828199,1.81,0.26,0.0579710144927536,1.5466252346215894,40.04,2.6099999999999994,0.072463768115942,1.6916254661767072,10.75,2.620000000000001,0.0869565217391304,0.012955951,6.837282662755323,0.9227272727272728,0.1503260135650634,정상 위험,deployment_demo_not_oof_validation,정상,0.026839113,25.593723437768322,0.9681818181818181,0.04622083529829979,정상 위험,3
2021-09-24,22,2021-09-24 18:32:01.800,2021-09-24 18:37:42.100,340.3,69,1.9979710144927536,42.29594202898551,17.359710144927536,0,0.1131446199774342,1.81,0.1800000000000001,0.0579710144927536,1.4385749881705645,40.03,2.5999999999999943,0.0289855072463768,1.385151266972516,15.08,2.210000000000001,0.0289855072463768,0.00022153802,-0.1782183694631476,0.2227272727272727,0.1503260135650634,정상 위험,deployment_demo_not_oof_validation,정상,0.0002106905,-0.3054094731899189,0.19545454545454546,0.04622083529829979,정상 위험,3
2021-09-27,1,2021-09-27 16:20:21.000,2021-09-27 16:26:01.300,340.3,69,2.0005797101449274,42.23652173913044,17.441304347826087,0,0.111498932439772,1.81,0.1699999999999999,0.0289855072463768,1.6609598802455063,34.87,2.410000000000004,0.0579710144927536,1.532770380181967,15.03,2.799999999999997,0.0434782608695652,0.0035892685,1.6770942987426631,0.8227272727272728,0.1503260135650634,정상 위험,deployment_demo_not_oof_validation,정상,0.004355876,3.7262489890555472,0.8772727272727273,0.04622083529829979,정상 위험,3
2021-09-27,2,2021-09-27 16:26:28.600,2021-09-27 16:32:09.000,340.4,69,1.991014492753623,42.259855072463765,17.432173913043478,0,0.1140065133270416,1.81,0.1999999999999999,0.0289855072463768,1.3342617398590997,40.03,2.140000000000001,0.0144927536231884,1.5692269261582443,15.08,2.700000000000001,0.0579710144927536,0.0003915598,-0.0845518660996136,0.4090909090909091,0.1503260135650634,정상 위험,deployment_demo_not_oof_validation,정상,0.00033601755,-0.18351483860295187,0.38181818181818183,0.04622083529829979,정상 위험,3
2021-09-27,3,2021-09-27 16:32:36.300,2021-09-27 16:38:16.600,340.3,69,2.0071014492753623,42.43043478260869,17.367246376811593,0,0.131754020468574,1.81,0.2000000000000001,0.0434782608695652,1.4107751673778588,40.05,2.3599999999999994,0.0289855072463768,1.5790250939200827,10.66,2.469999999999999,0.0579710144927536,0.0008652712,0.1764199573217929,0.5818181818181818,0.1503260135650634,정상 위험,deployment_demo_not_oof_validation,정상,0.0005273457,0.0025732813075638678,0.5,0.04622083529829979,정상 위험,3
2021-09-27,4,2021-09-27 16:38:43.100,2021-09-27 16:44:23.500,340.4,69,2.042898550724638,42.30014492753623,17.737826086956524,0,0.1179743422912168,1.81,0.1900000000000001,0.1014492753623188,1.6015511715701487,37.96,2.0800000000000054,0.0,1.3564550138517608,15.08,2.2300000000000004,0.0869565217391304,0.0020912406,0.8518173964762511,0.7545454545454545,0.1503260135650634,정상 위험,deployment_demo_not_oof_validation,정상,0.0012822127,0.7367662435578403,0.759090909090909,0.04622083529829979,정상 위험,3
2021-09-27,5,2021-09-27 16:44:49.000,2021-09-27 16:50:29.400,340.4,69,2.010434782608696,42.62695652173913,17.57623188405797,0,0.1139844517597323,1.81,0.1699999999999999,0.0144927536231884,1.4256054486219762,40.01,2.25,0.0869565217391304,1.287009874098595,15.05,2.150000000000002,0.0434782608695652,0.00019410468,-0.1933316420868268,0.1272727272727272,0.1503260135650634,정상 위험,deployment_demo_not_oof_validation,정상,0.0002381329,-0.2787186607750375,0.2681818181818182,0.04622083529829979,정상 위험,3
2021-09-27,6,2021-09-27 16:50:56.400,2021-09-27 16:56:36.700,340.3,69,2.0184057971014493,42.39420289855072,17.823043478260868,0,0.1313574287337661,1.81,0.2299999999999999,0.0579710144927536,1.3505591497784537,40.13,2.199999999999996,0.0579710144927536,1.44906390102656,15.25,2.330000000000002,0.1304347826086956,0.00018718744,-0.1971424101615949,0.0863636363636363,0.1503260135650634,정상 위험,deployment_demo_not_oof_validation,정상,0.00018584404,-0.3295754512920541,0.13636363636363635,0.04622083529829979,정상 위험,3
2021-09-27,7,2021-09-27 16:57:03.000,2021-09-27 17:02:43.300,340.3,69,2.0142028985507245,41.93710144927536,17.609855072463766,0,0.1326694897890491,1.81,0.1999999999999999,0.072463768115942,1.8580778346336009,36.71,2.3400000000000034,0.0289855072463768,1.3326891133361802,15.19,2.360000000000003,0.0289855072463768,0.010609885,5.544814151632677,0.9090909090909092,0.1503260135650634,정상 위험,deployment_demo_not_oof_validation,정상,0.009101158,8.341569175021382,0.9318181818181818,0.04622083529829979,정상 위험,3
2021-09-27,8,2021-09-27 17:03:08.300,2021-09-27 17:08:48.700,340.4,69,1.996086956521739,42.164927536231886,17.47289855072464,0,0.1325010254267129,1.81,0.2299999999999999,0.0289855072463768,1.590802260781357,37.73,2.6499999999999986,0.072463768115942,1.3561907091396446,13.69,1.93,0.0,0.0008682063,0.1780369417283673,0.5863636363636363,0.1503260135650634,정상 위험,deployment_demo_not_oof_validation,정상,0.00092063553,0.38509184348242265,0.6909090909090909,0.04622083529829979,정상 위험,3
2021-09-27,9,2021-09-27 17:09:14.500,2021-09-27 17:14:54.800,340.3,69,2.016231884057971,42.3668115942029,17.658985507246378,0,0.1348866784648523,1.81,0.2100000000000002,0.0869565217391304,1.41114523031475,40.03,2.1700000000000017,0.072463768115942,1.3250273525784246,15.37,2.41,0.072463768115942,0.00036056564,-0.1016268205940689,0.3727272727272727,0.1503260135650634,정상 위험,deployment_demo_not_oof_validation,정상,0.00031229592,-0.20658678930064042,0.36818181818181817,0.04622083529829979,정상 위험,3
2021-09-27,10,2021-09-27 17:15:19.900,2021-09-27 17:21:00.300,340.4,69,2.0027536231884056,42.383478260869566,17.41710144927536,0,0.1350477481787461,1.81,0.2400000000000002,0.0579710144927536,1.264794596305657,40.01,1.93,0.0144927536231884,1.3743887426879196,15.02,2.1499999999999986,0.0289855072463768,0.00078223145,0.1306726225031134,0.5545454545454546,0.1503260135650634,정상 위험,deployment_demo_not_oof_validation,정상,0.0012987469,0.7528476453223109,0.759090909090909,0.04622083529829979,정상 위험,3
2021-09-27,11,2021-09-27 17:21:25.900,2021-09-27 17:27:06.200,340.3,69,2.002463768115942,42.373333333333335,17.606521739130432,0,0.1130383302651003,1.81,0.1799999999999999,0.0579710144927536,1.2689141567714115,40.07,2.1700000000000017,0.0144927536231884,1.4030427293050467,15.11,2.469999999999999,0.0434782608695652,0.00016563683,-0.2090148355753933,0.0363636363636363,0.1503260135650634,정상 위험,deployment_demo_not_oof_validation,정상,0.00015129072,-0.3631824366665143,0.022727272727272728,0.04622083529829979,정상 위험,3
2021-09-27,12,2021-09-27 17:27:32.100,2021-09-27 17:33:12.400,340.3,69,2.006666666666667,42.33144927536232,17.850434782608698,0,0.107411614371821,1.81,0.1799999999999999,0.0144927536231884,1.4847531735476307,40.08,2.43,0.0579710144927536,1.3195414029375871,15.03,1.879999999999999,0.072463768115942,0.00019734791,-0.1915449184098488,0.1318181818181818,0.1503260135650634,정상 위험,deployment_demo_not_oof_validation,정상,0.00018526372,-0.33013987364272207,0.13636363636363635,0.04622083529829979,정상 위험,3
2021-09-27,13,2021-09-27 17:33:38.900,2021-09-27 17:39:19.200,340.3,69,1.979710144927536,42.52855072463768,17.434347826086956,0,0.1157452961119263,1.81,0.2000000000000001,0.0289855072463768,1.4489156953536375,40.01,2.190000000000005,0.0579710144927536,1.454476334166224,15.07,2.669999999999998,0.0434782608695652,0.00016931145,-0.206990454472868,0.0409090909090909,0.1503260135650634,정상 위험,deployment_demo_not_oof_validation,정상,0.0001623138,-0.3524612568317401,0.031818181818181815,0.04622083529829979,정상 위험,3
2021-09-27,14,2021-09-27 17:39:46.800,2021-09-27 17:45:27.100,340.3,69,2.0142028985507245,42.466086956521735,17.50985507246377,0,0.1227552059169392,1.83,0.1699999999999999,0.0579710144927536,1.4606366635531238,40.11,2.479999999999997,0.0434782608695652,1.415413567450313,13.34,2.210000000000001,0.0579710144927536,0.00036680017,-0.0981921597252226,0.3863636363636363,0.1503260135650634,정상 위험,deployment_demo_not_oof_validation,정상,0.0002513188,-0.26589389345975795,0.3,0.04622083529829979,정상 위험,3
2021-09-27,15,2021-09-27 17:45:52.600,2021-09-27 17:51:32.900,340.3,69,1.9937681159420289,42.28768115942029,17.735797101449275,0,0.120160449709292,1.81,0.2100000000000002,0.0579710144927536,1.4261673700635316,40.11,2.299999999999997,0.0579710144927536,1.405507450539088,12.41,2.1099999999999994,0.0434782608695652,0.00036276036,-0.1004177299237687,0.3772727272727272,0.1503260135650634,정상 위험,deployment_demo_not_oof_validation,정상,0.00030553355,-0.2131639465234768,0.35909090909090907,0.04622083529829979,정상 위험,3
2021-09-27,16,2021-09-27 17:51:59.600,2021-09-27 17:57:39.900,340.3,69,2.0055072463768115,42.717971014492754,17.64855072463768,0,0.1223487809968848,1.81,0.2100000000000002,0.0,1.2321902781228338,40.1,1.8900000000000008,0.0579710144927536,1.441100759185307,15.15,2.3800000000000026,0.0869565217391304,0.00035419315,-0.1051374805317021,0.3681818181818181,0.1503260135650634,정상 위험,deployment_demo_not_oof_validation,정상,0.0005690709,0.043155756426668836,0.5272727272727272,0.04622083529829979,정상 위험,3
2021-09-27,17,2021-09-27 17:58:04.900,2021-09-27 18:03:45.200,340.3,69,1.9769565217391305,42.45246376811594,17.36710144927536,0,0.1089563370160683,1.81,0.1599999999999999,0.0289855072463768,2.0107098584075613,33.45,2.479999999999997,0.0434782608695652,1.4938846926221616,13.68,2.52,0.0869565217391304,0.004645423,2.2589391930528704,0.85,0.1503260135650634,정상 위험,deployment_demo_not_oof_validation,정상,0.008181709,7.44730156731725,0.9272727272727272,0.04622083529829979,정상 위험,3
2021-09-27,18,2021-09-27 18:04:10.800,2021-09-27 18:09:51.100,340.3,69,2.0055072463768115,42.35159420289855,17.558115942028984,0,0.1145776930333102,1.81,0.2099999999999999,0.0289855072463768,2.0547503234530966,36.07,2.490000000000002,0.0434782608695652,1.5029004070192358,15.16,2.6099999999999994,0.0869565217391304,0.0008609802,0.1740560014771076,0.5772727272727273,0.1503260135650634,정상 위험,deployment_demo_not_oof_validation,정상,0.0019490321,1.3853230352874473,0.8045454545454546,0.04622083529829979,정상 위험,3
2021-09-27,19,2021-09-27 18:10:16.200,2021-09-27 18:15:56.600,340.4,69,2.0120289855072464,42.36405797101449,17.60768115942029,0,0.1200561107804195,1.81,0.2000000000000001,0.0579710144927536,1.5472987076539515,40.05,2.700000000000003,0.072463768115942,1.3669783604805763,15.43,2.2900000000000027,0.0579710144927536,0.00023286106,-0.1719804091877246,0.2454545454545454,0.1503260135650634,정상 위험,deployment_demo_not_oof_validation,정상,0.0002483319,-0.2687989864373501,0.3,0.04622083529829979,정상 위험,3
2021-09-27,20,2021-09-27 18:16:22.600,2021-09-27 18:22:03.000,340.4,69,1.9924637681159416,42.53927536231884,17.60231884057971,0,0.1274686327863291,1.81,0.1999999999999999,0.0579710144927536,1.2861459971565068,40.02,1.769999999999996,0.0144927536231884,1.4599568334951638,15.23,2.7200000000000024,0.0434782608695652,0.00036614633,-0.0985523696575786,0.3818181818181818,0.1503260135650634,정상 위험,deployment_demo_not_oof_validation,정상,0.0005462593,0.020968872738601086,0.5181818181818182,0.04622083529829979,정상 위험,3
2021-09-27,21,2021-09-27 18:22:30.300,2021-09-27 18:28:10.700,340.4,69,2.023623188405797,42.69869565217391,17.166086956521738,0,0.1343171292840058,1.81,0.2199999999999999,0.1159420289855072,1.4155791924607666,40.16,2.289999999999999,0.0434782608695652,1.4616370932373626,13.4,2.1700000000000017,0.0144927536231884,0.052293777,28.50884105464565,0.9727272727272728,0.1503260135650634,정상 위험,deployment_demo_not_oof_validation,정상,0.004379321,3.749051997364826,0.8772727272727273,0.04622083529829979,정상 위험,3
2021-09-27,22,2021-09-27 18:28:38.200,2021-09-27 18:34:18.600,340.4,69,2.0184057971014493,42.83391304347826,17.426666666666666,0,0.1175062349835831,1.82,0.1700000000000001,0.0434782608695652,1.3457834121162902,40.13,2.219999999999999,0.0869565217391304,1.674356475737212,11.81,2.1899999999999977,0.0869565217391304,0.00097082154,0.234568576475031,0.6272727272727273,0.1503260135650634,정상 위험,deployment_demo_not_oof_validation,정상,0.00095322926,0.4167929073797734,0.6954545454545454,0.04622083529829979,정상 위험,3
2021-09-28,1,2021-09-28 16:26:52.000,2021-09-28 16:32:32.300,340.3,69,2.01536231884058,42.30159420289855,17.68072463768116,0,0.1087168436290419,1.81,0.1700000000000001,0.072463768115942,1.56863243472141,36.0,2.520000000000003,0.0144927536231884,1.8065650855572977,11.22,2.3800000000000026,0.1014492753623188,0.003054134,1.3822839701116667,0.8045454545454546,0.1503260135650634,정상 위험,deployment_demo_not_oof_validation,정상,0.0013372487,0.6058118039395041,0.7045454545454546,0.16456955671310425,정상 위험,4
2021-09-28,2,2021-09-28 16:32:58.700,2021-09-28 16:38:39.100,340.4,69,2.028840579710145,42.47942028985507,17.343333333333334,0,0.1178924763338593,1.81,0.1800000000000001,0.0579710144927536,1.523274225107346,36.71,2.3599999999999994,0.0579710144927536,1.392821582538235,15.07,2.129999999999999,0.0144927536231884,0.00024375798,-0.1659771962469238,0.2636363636363636,0.1503260135650634,정상 위험,deployment_demo_not_oof_validation,정상,0.00035960582,-0.17567534965977336,0.2727272727272727,0.16456955671310425,정상 위험,4
2021-09-28,3,2021-09-28 16:39:04.500,2021-09-28 16:44:44.800,340.3,69,2.01072463768116,42.65913043478261,17.587391304347825,0,0.1154826042486831,1.81,0.1900000000000001,0.0579710144927536,1.3890154565802806,40.05,1.8299999999999983,0.0579710144927536,1.4255253440026456,15.06,2.370000000000001,0.072463768115942,0.00034987094,-0.107518624351438,0.35,0.1503260135650634,정상 위험,deployment_demo_not_oof_validation,정상,0.00028641874,-0.23417806581269124,0.13636363636363635,0.16456955671310425,정상 위험,4
2021-09-28,4,2021-09-28 16:45:10.000,2021-09-28 16:50:50.300,340.3,69,2.0184057971014493,42.39565217391305,17.184057971014493,0,0.1188996510706525,1.81,0.1900000000000001,0.0579710144927536,1.393978097410925,40.1,2.270000000000003,0.0434782608695652,1.5393345762914603,11.83,2.33,0.0579710144927536,0.00068274327,0.0758636974498556,0.5454545454545454,0.1503260135650634,정상 위험,deployment_demo_not_oof_validation,정상,0.00078398286,0.16355404194305057,0.5727272727272728,0.16456955671310425,정상 위험,4
2021-09-28,5,2021-09-28 16:51:16.700,2021-09-28 16:56:56.900,340.2,69,2.0073913043478258,42.43666666666667,17.72463768115942,0,0.1360433773158728,1.81,0.24,0.0289855072463768,1.5041097295182202,40.08,2.68,0.0579710144927536,1.438694853504532,12.89,2.52,0.0289855072463768,0.0015310039,0.5431779950981482,0.7181818181818181,0.1503260135650634,정상 위험,deployment_demo_not_oof_validation,정상,0.0017056243,0.9002759413058877,0.7545454545454545,0.16456955671310425,정상 위험,4
2021-09-28,6,2021-09-28 16:57:22.700,2021-09-28 17:03:03.100,340.4,69,2.0065217391304344,42.14434782608696,17.65,0,0.1077828165797875,1.81,0.1700000000000001,0.0289855072463768,1.494763878914807,40.07,2.480000000000004,0.0434782608695652,1.579020545259922,12.72,2.2099999999999973,0.0434782608695652,0.00082503184,0.1542517344332312,0.5681818181818182,0.1503260135650634,정상 위험,deployment_demo_not_oof_validation,정상,0.0012423422,0.5299474520149187,0.6863636363636364,0.16456955671310425,정상 위험,4
2021-09-28,7,2021-09-28 17:03:28.400,2021-09-28 17:09:08.700,340.3,69,2.0091304347826084,42.51275362318841,17.53695652173913,0,0.1466662791593733,1.81,0.1799999999999999,0.072463768115942,1.3929411161681169,40.11,2.490000000000002,0.072463768115942,1.337656317800813,15.44,2.4399999999999977,0.0434782608695652,0.0007816528,0.1303538432867375,0.55,0.1503260135650634,정상 위험,deployment_demo_not_oof_validation,정상,0.0028481595,1.813571195944104,0.8136363636363636,0.16456955671310425,정상 위험,4
2021-09-28,8,2021-09-28 17:09:35.800,2021-09-28 17:15:16.200,340.4,69,2.0114492753623185,42.45057971014493,17.14536231884058,0,0.1171258167442028,1.81,0.1999999999999999,0.0144927536231884,1.431650511963655,40.02,2.3399999999999963,0.0434782608695652,1.6881521221094915,10.24,2.009999999999998,0.0144927536231884,0.0013314919,0.4332650633751865,0.7045454545454546,0.1503260135650634,정상 위험,deployment_demo_not_oof_validation,정상,0.0015516839,0.777222371385763,0.7363636363636363,0.16456955671310425,정상 위험,4
2021-09-28,9,2021-09-28 17:15:43.100,2021-09-28 17:21:23.500,340.4,69,2.014057971014493,42.33579710144927,17.733623188405794,0,0.1116101255234133,1.81,0.2000000000000001,0.0289855072463768,1.3678637335352108,40.08,2.25,0.0144927536231884,1.3438180582102766,15.01,2.2300000000000004,0.0434782608695652,0.00019094658,-0.1950714676042685,0.109090909090909,0.1503260135650634,정상 위험,deployment_demo_not_oof_validation,정상,0.00027720543,-0.2415428052871872,0.11363636363636363,0.16456955671310425,정상 위험,4
2021-09-28,10,2021-09-28 17:21:51.400,2021-09-28 17:27:31.800,340.4,69,2.0217391304347827,42.5231884057971,17.47304347826087,0,0.1341416779745242,1.81,0.24,0.0289855072463768,1.5127220233286744,37.68,2.3599999999999994,0.072463768115942,1.41951763176981,12.66,2.2399999999999984,0.0434782608695652,0.002411216,1.02809470322526,0.7772727272727272,0.1503260135650634,정상 위험,deployment_demo_not_oof_validation,정상,0.00097313256,0.3147524571911301,0.6227272727272727,0.16456955671310425,정상 위험,4
2021-09-28,11,2021-09-28 17:27:59.100,2021-09-28 17:33:39.400,340.3,69,2.027536231884058,42.24202898550725,17.435072463768115,0,0.1464723001026378,1.81,0.2200000000000002,0.0869565217391304,1.4013434517404078,40.08,2.3100000000000023,0.0434782608695652,1.271172019632005,15.22,2.169999999999998,0.0434782608695652,0.00093170657,0.2130197940977592,0.6136363636363636,0.1503260135650634,정상 위험,deployment_demo_not_oof_validation,정상,0.0012358446,0.5247535364263765,0.6863636363636364,0.16456955671310425,정상 위험,4
2021-09-28,12,2021-09-28 17:34:07.100,2021-09-28 17:39:47.400,340.3,69,1.988405797101449,42.713478260869564,17.490579710144925,0,0.1154992129894983,1.81,0.2000000000000001,0.0289855072463768,1.400232991208077,40.03,2.210000000000001,0.0579710144927536,1.3829177212328705,15.01,2.27,0.0,0.00024066973,-0.1676785412232076,0.2545454545454545,0.1503260135650634,정상 위험,deployment_demo_not_oof_validation,정상,0.0004048109,-0.13954027835521943,0.34545454545454546,0.16456955671310425,정상 위험,4
2021-09-28,13,2021-09-28 17:40:14.800,2021-09-28 17:45:55.100,340.3,69,2.0368115942028986,42.5336231884058,17.614637681159422,0,0.1100199547892695,1.81,0.1799999999999999,0.0289855072463768,1.282281939969536,40.24,1.6799999999999995,0.0579710144927536,1.3741003256785285,15.05,2.2900000000000027,0.0434782608695652,0.00045768026,-0.0481255124300345,0.4681818181818182,0.1503260135650634,정상 위험,deployment_demo_not_oof_validation,정상,0.00046600887,-0.09062116653674666,0.4409090909090909,0.16456955671310425,정상 위험,4
2021-09-28,14,2021-09-28 17:46:21.300,2021-09-28 17:52:01.600,340.3,69,1.9921739130434784,42.59463768115943,17.382028985507244,0,0.1096903337102359,1.82,0.1999999999999999,0.0144927536231884,1.3258899117087417,40.05,2.119999999999997,0.0434782608695652,1.4913570406434864,15.04,2.6499999999999986,0.0144927536231884,0.00027941304,-0.1463345073920137,0.3136363636363636,0.1503260135650634,정상 위험,deployment_demo_not_oof_validation,정상,0.00047558112,-0.08296950728874633,0.45454545454545453,0.16456955671310425,정상 위험,4
2021-09-28,15,2021-09-28 17:52:27.600,2021-09-28 17:58:08.000,340.4,69,2.023188405797101,42.5268115942029,17.367391304347827,0,0.1184146845228937,1.81,0.2200000000000002,0.0579710144927536,1.3013358439262048,40.15,2.1200000000000045,0.0289855072463768,1.4612259681251472,15.02,2.4499999999999997,0.0579710144927536,0.00018531425,-0.1981743700908775,0.0818181818181818,0.1503260135650634,정상 위험,deployment_demo_not_oof_validation,정상,0.000292162,-0.22958714005707362,0.16818181818181818,0.16456955671310425,정상 위험,4
2021-09-28,16,2021-09-28 17:58:35.300,2021-09-28 18:04:15.700,340.4,69,1.9833333333333327,42.28869565217392,17.455652173913045,1,0.1322616242713734,1.81,0.1699999999999999,0.072463768115942,2.0301853820333737,33.82,2.780000000000001,0.0869565217391304,1.602987540097689,13.35,2.280000000000001,0.0579710144927536,0.9441337,519.831378701552,1.0,0.1503260135650634,불량 위험,deployment_demo_not_oof_validation,불량,0.70693177,564.6287880918686,1.0,0.16456955671310425,불량 위험,4
2021-09-28,17,2021-09-28 18:04:42.500,2021-09-28 18:10:22.900,340.4,69,1.9959420289855072,42.49057971014493,17.483043478260868,0,0.1201386312040693,1.81,0.2199999999999997,0.0289855072463768,1.360831151796546,40.05,2.3500000000000014,0.0434782608695652,1.5034287325856834,13.31,2.5799999999999983,0.0434782608695652,0.00035668182,-0.1037664509173622,0.3681818181818181,0.1503260135650634,정상 위험,deployment_demo_not_oof_validation,정상,0.00058413163,0.003801262423739025,0.5,0.16456955671310425,정상 위험,4
2021-09-28,18,2021-09-28 18:10:49.200,2021-09-28 18:16:29.500,340.3,69,1.9859420289855072,42.07376811594203,17.421449275362317,0,0.1098303349366342,1.82,0.2000000000000001,0.0144927536231884,1.808535401472756,36.94,2.1200000000000045,0.0579710144927536,1.7146670705505338,13.5,2.710000000000001,0.1014492753623188,0.0035658856,1.6642124245161596,0.8181818181818182,0.1503260135650634,정상 위험,deployment_demo_not_oof_validation,정상,0.005023225,3.552228436994937,0.8454545454545455,0.16456955671310425,정상 위험,4
2021-09-28,19,2021-09-28 18:16:56.400,2021-09-28 18:22:36.700,340.3,69,2.004782608695652,42.24289855072464,17.574637681159423,0,0.1283791339978417,1.81,0.1899999999999999,0.072463768115942,1.261090915985133,40.21,2.1899999999999977,0.0144927536231884,1.5897850203446349,13.36,2.9399999999999977,0.0434782608695652,0.0012191806,0.3713918164419183,0.6863636363636364,0.1503260135650634,정상 위험,deployment_demo_not_oof_validation,정상,0.0012074255,0.5020365069061168,0.6818181818181818,0.16456955671310425,정상 위험,4
2021-09-28,20,2021-09-28 18:23:02.100,2021-09-28 18:28:42.500,340.4,69,1.9857971014492757,42.47347826086957,17.736666666666665,0,0.1168886573914208,1.81,0.2000000000000001,0.0289855072463768,1.504951461096255,37.69,2.4599999999999937,0.0434782608695652,1.4404264755177714,13.29,2.2300000000000004,0.0434782608695652,0.00037853487,-0.0917274127771294,0.3909090909090909,0.1503260135650634,정상 위험,deployment_demo_not_oof_validation,정상,0.00039419366,-0.14802726894088683,0.32727272727272727,0.16456955671310425,정상 위험,4
2021-09-28,21,2021-09-28 18:29:09.400,2021-09-28 18:34:49.700,340.3,69,2.0120289855072464,42.46115942028986,17.46855072463768,0,0.1464840857662674,1.82,0.2300000000000002,0.1014492753623188,1.2973825870392284,40.01,1.6599999999999966,0.0579710144927536,1.551018901696103,15.07,2.879999999999999,0.1304347826086956,0.018064583,9.651673508112726,0.9409090909090908,0.1503260135650634,정상 위험,deployment_demo_not_oof_validation,정상,0.014376254,11.028651334453793,0.9136363636363637,0.16456955671310425,정상 위험,4
2021-09-28,22,2021-09-28 18:35:14.900,2021-09-28 18:40:55.300,340.4,69,2.026666666666667,42.47130434782608,17.265942028985506,0,0.135143351631503,1.81,0.2000000000000001,0.072463768115942,1.2974147518674095,40.03,1.9699999999999989,0.0434782608695652,1.3290723421648605,13.87,1.8500000000000012,0.0144927536231884,0.0012194738,0.3715533064463112,0.6863636363636364,0.1503260135650634,정상 위험,deployment_demo_not_oof_validation,정상,0.003227983,2.117186243177455,0.8272727272727273,0.16456955671310425,정상 위험,4
2021-09-29,1,2021-09-29 16:27:56.000,2021-09-29 16:33:36.300,340.3,69,2.03,42.90217391304348,17.79536231884058,0,0.1593091703722855,1.81,0.2100000000000002,0.0869565217391304,1.2894639442136837,40.17,1.8799999999999957,0.1014492753623188,1.2820566883288202,15.2,1.7199999999999989,0.0434782608695652,0.0052852985,2.611452247566437,0.8636363636363636,0.1503260135650634,정상 위험,deployment_demo_not_oof_validation,정상,0.003852667,2.6165328277701305,0.8318181818181818,0.16456955671310425,정상 위험,4
2021-09-29,2,2021-09-29 16:34:04.200,2021-09-29 16:39:44.600,340.4,69,1.9985507246376808,42.46217391304348,17.21217391304348,0,0.1141242274932793,1.81,0.1800000000000001,0.0434782608695652,1.3305780141210826,40.04,2.030000000000001,0.0,1.9202687232024225,11.47,2.080000000000002,0.072463768115942,0.002040273,0.8237389152041231,0.75,0.1503260135650634,정상 위험,deployment_demo_not_oof_validation,정상,0.0010534228,0.3789331511824326,0.6272727272727273,0.16456955671310425,정상 위험,4
2021-09-29,3,2021-09-29 16:40:12.500,2021-09-29 16:45:52.900,340.4,69,1.979855072463768,42.48420289855072,17.59536231884058,0,0.1236038828823658,1.81,0.2199999999999997,0.0434782608695652,1.5213272125478243,36.6,2.18,0.0579710144927536,1.503607015802671,15.05,2.780000000000001,0.1014492753623188,0.00020797786,-0.1856887813040655,0.1681818181818181,0.1503260135650634,정상 위험,deployment_demo_not_oof_validation,정상,0.0003899762,-0.15139853556687338,0.31363636363636366,0.16456955671310425,정상 위험,4
2021-09-29,4,2021-09-29 16:46:18.400,2021-09-29 16:51:58.800,340.4,69,1.9824637681159416,42.71869565217391,17.25144927536232,0,0.1184011848746039,1.81,0.2099999999999999,0.0,1.3597035933954806,40.02,2.030000000000001,0.072463768115942,1.3580427908036914,15.12,2.3999999999999986,0.0144927536231884,0.0004758983,-0.0380890337187786,0.4727272727272727,0.1503260135650634,정상 위험,deployment_demo_not_oof_validation,정상,0.00041910398,-0.12811499478377386,0.38181818181818183,0.16456955671310425,정상 위험,4
2021-09-29,5,2021-09-29 16:52:26.700,2021-09-29 16:58:07.000,340.3,69,2.025072463768116,42.46217391304348,17.747101449275362,0,0.1463640022080907,1.81,0.1699999999999999,0.0869565217391304,1.2813158098624946,40.03,2.0,0.0579710144927536,1.3725706897570784,15.19,1.900000000000002,0.0579710144927536,0.0016385309,0.6024155814990384,0.7318181818181818,0.1503260135650634,정상 위험,deployment_demo_not_oof_validation,정상,0.0018634372,1.0264250715164926,0.7818181818181819,0.16456955671310425,정상 위험,4
2021-09-29,6,2021-09-29 16:58:32.500,2021-09-29 17:04:12.800,340.3,69,2.02463768115942,42.21391304347826,17.447391304347825,0,0.1313905237668241,1.81,0.2099999999999999,0.072463768115942,1.8236277817704496,36.92,2.0899999999999963,0.0579710144927536,1.380878505723922,15.02,2.18,0.0434782608695652,0.0015654975,0.5621808407381753,0.7227272727272728,0.1503260135650634,정상 위험,deployment_demo_not_oof_validation,정상,0.001957778,1.101837070560512,0.7818181818181819,0.16456955671310425,정상 위험,4
2021-09-29,7,2021-09-29 17:04:40.600,2021-09-29 17:10:20.900,340.3,69,2.0182608695652173,42.30028985507247,17.184927536231886,0,0.1143904114880666,1.81,0.1700000000000001,0.0289855072463768,1.7608745913645338,34.46,2.4399999999999977,0.0869565217391304,1.6529115338666582,13.7,3.0100000000000016,0.072463768115942,0.0051204143,2.5206161082567613,0.8590909090909091,0.1503260135650634,정상 위험,deployment_demo_not_oof_validation,정상,0.009385144,7.038965557087671,0.8863636363636364,0.16456955671310425,정상 위험,4
2021-09-29,8,2021-09-29 17:10:46.100,2021-09-29 17:16:26.500,340.4,69,2.002898550724637,42.74782608695652,17.496376811594203,0,0.1204538165009038,1.81,0.2199999999999999,0.0579710144927536,1.450698482440966,40.08,2.43,0.072463768115942,1.2536393737651952,15.2,1.8599999999999997,0.0434782608695652,0.00020606261,-0.1867439097258369,0.1636363636363636,0.1503260135650634,정상 위험,deployment_demo_not_oof_validation,정상,0.00024624623,-0.2662903046032722,0.05454545454545454,0.16456955671310425,정상 위험,4
2021-09-29,9,2021-09-29 17:16:52.900,2021-09-29 17:22:33.200,340.3,69,2.01536231884058,42.49869565217391,17.30927536231884,0,0.1146424070770771,1.82,0.2099999999999999,0.0434782608695652,1.74128917171722,34.16,2.4099999999999966,0.0579710144927536,1.5707653799797352,13.96,2.729999999999998,0.0434782608695652,0.005009992,2.4597835034248745,0.8545454545454545,0.1503260135650634,정상 위험,deployment_demo_not_oof_validation,정상,0.009928307,7.473146898527064,0.8863636363636364,0.16456955671310425,정상 위험,4
2021-09-29,10,2021-09-29 17:23:01.200,2021-09-29 17:28:41.500,340.3,69,2.000869565217392,42.46057971014493,17.311739130434784,0,0.1285523369091678,1.81,0.2300000000000002,0.0289855072463768,1.3985758345103732,40.08,2.3000000000000043,0.0869565217391304,1.309961782695496,15.06,2.1099999999999994,0.0289855072463768,0.00021489675,-0.1818771073332243,0.2,0.1503260135650634,정상 위험,deployment_demo_not_oof_validation,정상,0.0003922201,-0.14960485077508004,0.31363636363636366,0.16456955671310425,정상 위험,4
2021-09-29,11,2021-09-29 17:29:07.700,2021-09-29 17:34:48.000,340.3,69,2.0055072463768115,42.46536231884058,17.621159420289853,0,0.1402679812514776,1.81,0.2399999999999997,0.0869565217391304,1.53521657766061,37.89,2.780000000000001,0.0579710144927536,1.5129475868918962,12.91,2.5599999999999987,0.0434782608695652,0.015035524,7.982938160956656,0.9363636363636364,0.1503260135650634,정상 위험,deployment_demo_not_oof_validation,정상,0.005596147,4.010198272893252,0.8545454545454545,0.16456955671310425,정상 위험,4
2021-09-29,12,2021-09-29 17:35:14.600,2021-09-29 17:40:54.900,340.3,69,2.005652173913043,42.59144927536232,17.437101449275364,0,0.1184145045377063,1.82,0.2000000000000001,0.0289855072463768,1.4658387233356711,40.17,2.5700000000000003,0.0289855072463768,1.6301642838983648,10.6,1.8499999999999976,0.0579710144927536,0.0011615808,0.3396595436526085,0.6636363636363637,0.1503260135650634,정상 위험,deployment_demo_not_oof_validation,정상,0.00103804,0.3666368021638492,0.6272727272727273,0.16456955671310425,정상 위험,4
2021-09-29,13,2021-09-29 17:41:21.300,2021-09-29 17:47:01.600,340.3,69,2.001884057971014,42.49463768115943,17.842753623188408,0,0.1212226362369334,1.82,0.2299999999999999,0.0434782608695652,1.511318648720717,40.01,2.660000000000004,0.0434782608695652,1.4548437191771928,12.91,1.9699999999999989,0.072463768115942,0.00041070618,-0.074003948929251,0.4272727272727272,0.1503260135650634,정상 위험,deployment_demo_not_oof_validation,정상,0.00039887743,-0.14428326019124124,0.33181818181818185,0.16456955671310425,정상 위험,4
2021-09-29,14,2021-09-29 17:47:27.900,2021-09-29 17:53:08.200,340.3,69,2.02536231884058,42.8240579710145,17.416086956521738,0,0.1231042087270318,1.82,0.2199999999999999,0.0869565217391304,1.3757033696607066,40.05,1.8200000000000005,0.1159420289855072,1.3973401385903153,15.19,2.41,0.0289855072463768,0.0005543642,0.0051385150970847,0.509090909090909,0.1503260135650634,정상 위험,deployment_demo_not_oof_validation,정상,0.0004971694,-0.0657127474060724,0.4727272727272727,0.16456955671310425,정상 위험,4
2021-09-29,15,2021-09-29 17:53:35.400,2021-09-29 17:59:15.800,340.4,69,1.997391304347826,42.72536231884058,17.449710144927536,0,0.132838382275706,1.81,0.2099999999999999,0.0434782608695652,1.4453419905806792,40.14,2.25,0.1159420289855072,1.5340660801536288,15.09,2.849999999999998,0.072463768115942,0.00062473223,0.043904902541596,0.5227272727272727,0.1503260135650634,정상 위험,deployment_demo_not_oof_validation,정상,0.0009572219,0.30203413859078865,0.6227272727272727,0.16456955671310425,정상 위험,4
2021-09-29,16,2021-09-29 17:59:41.100,2021-09-29 18:05:21.500,340.4,69,2.021304347826087,42.38797101449276,17.540579710144925,0,0.1138615392829257,1.81,0.1799999999999999,0.072463768115942,1.4208485241429678,40.01,2.4099999999999966,0.0579710144927536,1.4312323814050143,15.02,2.539999999999999,0.0144927536231884,0.00024710846,-0.1641313889057096,0.2727272727272727,0.1503260135650634,정상 위험,deployment_demo_not_oof_validation,정상,0.00038599444,-0.15458138386434198,0.31363636363636366,0.16456955671310425,정상 위험,4
2021-09-29,17,2021-09-29 18:05:48.400,2021-09-29 18:11:28.800,340.4,69,2.0218840579710142,42.11855072463768,17.531739130434783,0,0.1457866628524148,1.81,0.1599999999999999,0.072463768115942,1.3425100233630842,40.02,1.93,0.0579710144927536,1.273287727431881,15.06,1.8299999999999983,0.0289855072463768,0.0023373887,0.9874225669799014,0.7727272727272727,0.1503260135650634,정상 위험,deployment_demo_not_oof_validation,정상,0.0029423803,1.8888873456840745,0.8181818181818182,0.16456955671310425,정상 위험,4
2021-09-29,18,2021-09-29 18:11:56.700,2021-09-29 18:17:37.000,340.3,69,1.9939130434782608,42.57304347826087,17.76623188405797,0,0.103954421450607,1.82,0.1499999999999999,0.0289855072463768,1.366851582316764,40.04,2.219999999999999,0.0869565217391304,1.412651971469926,15.1,2.3000000000000007,0.072463768115942,0.00017962694,-0.2013075599700895,0.0681818181818181,0.1503260135650634,정상 위험,deployment_demo_not_oof_validation,정상,0.00028048575,-0.23892065215401187,0.12272727272727273,0.16456955671310425,정상 위험,4
2021-09-29,19,2021-09-29 18:18:02.400,2021-09-29 18:23:42.700,340.3,69,2.000289855072464,42.21666666666666,17.35144927536232,0,0.110825392801851,1.82,0.1799999999999999,0.0289855072463768,1.2977465385934852,40.02,2.030000000000001,0.0289855072463768,1.395643721773027,15.04,2.0100000000000016,0.0434782608695652,0.0004156744,-0.0712669082044806,0.4363636363636363,0.1503260135650634,정상 위험,deployment_demo_not_oof_validation,정상,0.00027853294,-0.24048164647515,0.12272727272727273,0.16456955671310425,정상 위험,4
2021-09-29,20,2021-09-29 18:24:10.600,2021-09-29 18:29:50.900,340.3,69,2.0330434782608697,42.4436231884058,17.140579710144927,0,0.14399044441157,1.82,0.2100000000000002,0.1159420289855072,1.3718953945443646,40.08,2.3700000000000045,0.0434782608695652,1.7275934332934753,13.09,2.390000000000001,0.0434782608695652,0.15284592,83.90390940692944,0.990909090909091,0.1503260135650634,불량 위험,deployment_demo_not_oof_validation,정상,0.21617195,172.33575592449318,0.9954545454545455,0.16456955671310425,불량 위험,4
2021-09-29,21,2021-09-29 18:30:17.600,2021-09-29 18:35:58.000,340.4,69,2.0215942028985507,42.5531884057971,17.117391304347827,0,0.1578124649181631,1.81,0.2300000000000002,0.1014492753623188,1.3870965155291135,40.26,2.530000000000001,0.0869565217391304,2.17368868663244,10.6,2.6,0.0869565217391304,0.21212131,116.55924777372331,1.0,0.1503260135650634,불량 위험,deployment_demo_not_oof_validation,정상,0.20917924,166.7460716732713,0.9954545454545455,0.16456955671310425,불량 위험,4
2021-09-29,22,2021-09-29 18:36:24.200,2021-09-29 18:42:04.600,340.4,69,2.0118840579710144,42.39739130434783,17.366086956521738,0,0.1185361121733502,1.81,0.1799999999999999,0.0434782608695652,1.496915114271694,37.87,2.3299999999999983,0.0289855072463768,1.4472359226666458,15.02,2.52,0.072463768115942,0.00015090215,-0.217132297715882,0.0045454545454545,0.1503260135650634,정상 위험,deployment_demo_not_oof_validation,정상,0.0002353792,-0.2749769618520468,0.02727272727272727,0.16456955671310425,정상 위험,4
2021-09-30,1,2021-09-30 16:25:13.000,2021-09-30 16:30:53.300,340.3,69,2.005652173913043,42.647971014492754,17.25840579710145,0,0.115089201477268,1.81,0.1399999999999999,0.0434782608695652,1.379318437522192,40.02,2.18,0.0144927536231884,1.4820867871591668,15.01,2.5100000000000016,0.0869565217391304,0.00015847837,-0.2129584897856269,0.009090909090909,0.1503260135650634,정상 위험,deployment_demo_not_oof_validation,정상,0.00028070138,-0.23874828625748273,0.12272727272727273,0.16456955671310425,정상 위험,4
2021-09-30,2,2021-09-30 16:31:20.000,2021-09-30 16:37:00.400,340.4,69,2.010869565217391,42.55492753623189,17.493333333333332,0,0.1283233408051567,1.81,0.24,0.0579710144927536,1.5394714746114555,40.03,2.8299999999999983,0.0869565217391304,1.4160390766736155,15.06,2.140000000000001,0.0434782608695652,0.00028919036,-0.1409480974420777,0.3272727272727272,0.1503260135650634,정상 위험,deployment_demo_not_oof_validation,정상,0.0003154706,-0.2109552218340248,0.21818181818181817,0.16456955671310425,정상 위험,4
2021-09-30,3,2021-09-30 16:37:26.400,2021-09-30 16:43:06.700,340.3,69,2.017246376811594,42.55101449275362,17.0763768115942,0,0.1299986884319699,1.82,0.1899999999999999,0.0434782608695652,1.7747237936942524,36.01,2.6699999999999946,0.0579710144927536,1.5014384975107475,11.46,2.030000000000001,0.0289855072463768,0.003933858,1.8669317633903195,0.8318181818181818,0.1503260135650634,정상 위험,deployment_demo_not_oof_validation,정상,0.0055536027,3.9761901953560037,0.8545454545454545,0.16456955671310425,정상 위험,4
2021-09-30,4,2021-09-30 16:43:32.800,2021-09-30 16:49:13.200,340.4,69,2.0318840579710145,42.57028985507246,17.33101449275362,0,0.1189571767031021,1.81,0.2000000000000001,0.0579710144927536,1.3478555637125442,40.13,2.219999999999999,0.0579710144927536,1.3588794528706107,15.05,1.9800000000000004,0.0289855072463768,0.00021365233,-0.1825626702410707,0.1909090909090909,0.1503260135650634,정상 위험,deployment_demo_not_oof_validation,정상,0.0004311214,-0.11850875419378509,0.39090909090909093,0.16456955671310425,정상 위험,4
2021-09-30,5,2021-09-30 16:49:38.400,2021-09-30 16:55:18.700,340.3,69,2.0330434782608697,42.22971014492754,17.493333333333332,0,0.1173268981223739,1.82,0.1600000000000001,0.0579710144927536,1.6464828566072136,35.71,2.559999999999995,0.0144927536231884,1.4579171955291588,15.15,2.6999999999999997,0.072463768115942,0.0033981944,1.5718298805258162,0.8181818181818182,0.1503260135650634,정상 위험,deployment_demo_not_oof_validation,정상,0.004401408,3.05517367440238,0.8363636363636363,0.16456955671310425,정상 위험,4
2021-09-30,6,2021-09-30 16:55:44.300,2021-09-30 17:01:24.600,340.3,69,1.9988405797101447,42.56768115942029,17.262753623188406,0,0.1438804265791569,1.81,0.1600000000000001,0.0869565217391304,1.3673387042499063,40.01,2.210000000000001,0.0434782608695652,1.3328418158404456,15.28,2.140000000000001,0.0289855072463768,0.0010400242,0.2726929481574396,0.6363636363636364,0.1503260135650634,정상 위험,deployment_demo_not_oof_validation,정상,0.0027108507,1.703812203668325,0.8136363636363636,0.16456955671310425,정상 위험,4
2021-09-30,7,2021-09-30 17:01:50.500,2021-09-30 17:07:30.900,340.4,69,2.017246376811594,42.49884057971015,17.34304347826087,0,0.1276125115797015,1.81,0.1999999999999999,0.0434782608695652,1.490600487201959,40.09,2.700000000000003,0.072463768115942,1.461107863663156,15.02,2.280000000000001,0.072463768115942,0.00022070397,-0.1786778591916911,0.2227272727272727,0.1503260135650634,정상 위험,deployment_demo_not_oof_validation,정상,0.00025754608,-0.25725767091635027,0.07272727272727272,0.16456955671310425,정상 위험,4
2021-09-30,8,2021-09-30 17:07:57.500,2021-09-30 17:13:37.800,340.3,69,2.0118840579710144,42.30057971014492,17.47086956521739,0,0.1239814426616627,1.81,0.1600000000000001,0.0869565217391304,1.5752178972129265,36.8,2.489999999999995,0.0579710144927536,1.552252385416331,12.19,2.1000000000000014,0.0289855072463768,0.0019839949,0.7927347583877569,0.7454545454545455,0.1503260135650634,정상 위험,deployment_demo_not_oof_validation,정상,0.0017941669,0.971053207740036,0.7681818181818182,0.16456955671310425,정상 위험,4
2021-09-30,9,2021-09-30 17:14:03.900,2021-09-30 17:19:44.300,340.4,69,2.0091304347826084,42.625652173913046,17.35159420289855,0,0.1093528978399047,1.82,0.1700000000000001,0.0434782608695652,1.4011145545189767,40.03,2.269999999999996,0.0579710144927536,1.4525521385685325,15.09,2.490000000000002,0.0434782608695652,0.00015821731,-0.2131023108082047,0.009090909090909,0.1503260135650634,정상 위험,deployment_demo_not_oof_validation,정상,0.00023898607,-0.2720937705838998,0.031818181818181815,0.16456955671310425,정상 위험,4
2021-09-30,10,2021-09-30 17:20:09.400,2021-09-30 17:25:49.700,340.3,69,2.0121739130434784,42.60623188405797,17.23231884057971,0,0.1080014918908039,1.81,0.1499999999999999,0.0434782608695652,1.4538186041161871,40.13,2.5899999999999963,0.0579710144927536,1.3277370674855418,15.1,2.0,0.0434782608695652,0.00022257949,-0.1776446165777033,0.2227272727272727,0.1503260135650634,정상 위험,deployment_demo_not_oof_validation,정상,0.00026149256,-0.25410301906463595,0.07727272727272727,0.16456955671310425,정상 위험,4
2021-09-30,11,2021-09-30 17:26:15.400,2021-09-30 17:31:55.700,340.3,69,2.003333333333333,42.8031884057971,17.769130434782607,0,0.1130287140335518,1.81,0.2000000000000001,0.0289855072463768,1.277042185439858,40.09,1.8599999999999997,0.0579710144927536,1.2982598524568487,15.13,2.0299999999999976,0.0434782608695652,0.0004426923,-0.0563825066161177,0.4545454545454545,0.1503260135650634,정상 위험,deployment_demo_not_oof_validation,정상,0.00030971068,-0.2155594548231172,0.21363636363636362,0.16456955671310425,정상 위험,4
2021-09-30,12,2021-09-30 17:32:23.000,2021-09-30 17:38:03.400,340.4,69,2.017826086956521,42.54594202898551,17.55086956521739,0,0.1124966609336811,1.81,0.1900000000000001,0.0289855072463768,1.8013282018298578,33.85,2.3700000000000045,0.1014492753623188,1.2805211934420375,15.19,1.7699999999999996,0.0289855072463768,0.0051688026,2.5472736314123967,0.8590909090909091,0.1503260135650634,정상 위험,deployment_demo_not_oof_validation,정상,0.0073697283,5.427925615635776,0.8590909090909091,0.16456955671310425,정상 위험,4
2021-09-30,13,2021-09-30 17:38:30.600,2021-09-30 17:44:10.900,340.3,69,2.0166666666666666,42.24173913043478,17.320289855072463,0,0.1345763140887931,1.81,0.1999999999999999,0.0434782608695652,1.3526835599279057,40.1,2.259999999999998,0.0289855072463768,1.2748528992587764,15.01,1.6900000000000013,0.0289855072463768,0.0003766853,-0.0927463614734329,0.3909090909090909,0.1503260135650634,정상 위험,deployment_demo_not_oof_validation,정상,0.0009545116,0.2998676186177595,0.6227272727272727,0.16456955671310425,정상 위험,4
2021-09-30,14,2021-09-30 17:44:36.800,2021-09-30 17:50:17.200,340.4,69,1.9824637681159416,42.61971014492753,17.43246376811594,0,0.1513119663739304,1.81,0.2199999999999999,0.072463768115942,1.440809587589451,40.03,2.3700000000000045,0.0579710144927536,1.1687542460408578,15.09,1.5599999999999987,0.0289855072463768,0.0022866684,0.9594803068234726,0.7636363636363637,0.1503260135650634,정상 위험,deployment_demo_not_oof_validation,정상,0.0032985932,2.1736291996622663,0.8272727272727273,0.16456955671310425,정상 위험,4
2021-09-30,15,2021-09-30 17:50:43.300,2021-09-30 17:56:23.700,340.4,69,2.02536231884058,42.51623188405797,17.313913043478262,0,0.1394693695039811,1.81,0.2100000000000002,0.072463768115942,1.3654972176175963,40.01,2.119999999999997,0.0434782608695652,1.398704460848665,12.44,1.9400000000000013,0.0,0.004640073,2.255991840137113,0.8454545454545455,0.1503260135650634,정상 위험,deployment_demo_not_oof_validation,정상,0.006591963,4.80621241215452,0.8545454545454545,0.16456955671310425,정상 위험,4
2021-09-30,16,2021-09-30 17:56:50.100,2021-09-30 18:02:30.400,340.3,69,2.006666666666667,41.73956521739131,17.46159420289855,0,0.1203507944530911,1.81,0.2100000000000002,0.0434782608695652,2.2130252349526165,34.46,2.0700000000000003,0.0289855072463768,1.3592792458509746,15.09,2.3999999999999986,0.0289855072463768,0.005123447,2.52228693335384,0.8590909090909091,0.1503260135650634,정상 위험,deployment_demo_not_oof_validation,정상,0.011977045,9.110823268516638,0.8909090909090909,0.16456955671310425,정상 위험,4
2021-09-30,17,2021-09-30 18:02:55.700,2021-09-30 18:08:36.000,340.3,69,1.988985507246377,42.67507246376812,17.43144927536232,0,0.1144056884581232,1.81,0.2100000000000002,0.0144927536231884,1.617832267162385,36.87,2.950000000000003,0.072463768115942,1.436227979775207,15.15,2.3100000000000023,0.0434782608695652,0.00041442394,-0.0719558060925607,0.4318181818181818,0.1503260135650634,정상 위험,deployment_demo_not_oof_validation,정상,0.00029802322,-0.22490192371181733,0.19090909090909092,0.16456955671310425,정상 위험,4
2021-09-30,18,2021-09-30 18:09:02.100,2021-09-30 18:14:42.500,340.4,69,2.003188405797101,42.18985507246376,17.372028985507246,0,0.1206293881082148,1.81,0.2199999999999999,0.0289855072463768,1.422895238954741,40.01,1.990000000000002,0.0434782608695652,1.292054428499941,15.15,1.7399999999999984,0.0289855072463768,0.00048212789,-0.034657098554931,0.4727272727272727,0.1503260135650634,정상 위험,deployment_demo_not_oof_validation,정상,0.00041910398,-0.12811499478377386,0.38181818181818183,0.16456955671310425,정상 위험,4
2021-09-30,19,2021-09-30 18:15:09.200,2021-09-30 18:20:49.600,340.4,69,2.0055072463768115,42.27391304347826,17.407971014492755,0,0.1343233174962128,1.81,0.2000000000000001,0.0869565217391304,1.3346515489195103,40.13,2.0700000000000003,0.0144927536231884,1.5464842287381142,13.12,2.8099999999999987,0.072463768115942,0.005531512,2.747093589778776,0.8681818181818182,0.1503260135650634,정상 위험,deployment_demo_not_oof_validation,정상,0.006494851,4.728584898323314,0.8545454545454545,0.16456955671310425,정상 위험,4
2021-09-30,20,2021-09-30 18:21:15.400,2021-09-30 18:26:55.700,340.3,69,2.02536231884058,42.45811594202899,17.767101449275362,0,0.1339620195312717,1.81,0.1399999999999999,0.1014492753623188,1.3271766531674305,40.06,1.970000000000006,0.0289855072463768,1.3558946487025536,15.11,2.2099999999999973,0.072463768115942,0.005621601,2.796724252542645,0.8681818181818182,0.1503260135650634,정상 위험,deployment_demo_not_oof_validation,정상,0.0034280217,2.277088938452905,0.8272727272727273,0.16456955671310425,정상 위험,4
2021-09-30,21,2021-09-30 18:27:22.500,2021-09-30 18:33:02.800,340.3,69,1.9878260869565216,42.30231884057971,17.26782608695652,0,0.1269653677330182,1.81,0.26,0.0144927536231884,1.366928873023216,40.04,1.8599999999999997,0.0579710144927536,1.4862525610379331,15.05,2.709999999999999,0.0434782608695652,0.00043759734,-0.059189373489531,0.4545454545454545,0.1503260135650634,정상 위험,deployment_demo_not_oof_validation,정상,0.00031019768,-0.21517017171519143,0.21363636363636362,0.16456955671310425,정상 위험,4
2021-09-30,22,2021-09-30 18:33:30.600,2021-09-30 18:39:11.000,340.4,69,1.9934782608695651,42.66869565217391,17.156811594202896,0,0.1173710316870559,1.82,0.2299999999999999,0.0289855072463768,1.3148606647759051,40.22,2.25,0.0289855072463768,1.8543038116085373,11.81,2.219999999999999,0.0434782608695652,0.0009971794,0.2490893690165689,0.6272727272727273,0.1503260135650634,정상 위험,deployment_demo_not_oof_validation,정상,0.0010938268,0.4112304582287686,0.6454545454545455,0.16456955671310425,정상 위험,4
2021-10-01,1,2021-10-01 16:21:23.000,2021-10-01 16:27:03.300,340.3,69,1.9882608695652173,42.24913043478261,17.22478260869565,0,0.1248287829947028,1.81,0.2200000000000002,0.0289855072463768,1.7337877093150322,35.6,2.3599999999999994,0.1159420289855072,1.332733379513534,13.99,2.0599999999999987,0.0289855072463768,0.0025323457,1.0948261184797183,0.7772727272727272,0.1503260135650634,정상 위험,deployment_demo_not_oof_validation,정상,0.0023229271,1.4153639086727772,0.8136363636363636,0.037678174674510956,정상 위험,5
2021-10-01,2,2021-10-01 16:27:31.100,2021-10-01 16:33:11.400,340.3,69,2.034202898550725,42.38695652173913,17.765797101449273,0,0.1200172266691627,1.81,0.1999999999999999,0.0434782608695652,1.3333817073492518,40.01,1.93,0.0144927536231884,1.3771564969350067,15.09,2.5100000000000016,0.0579710144927536,0.00034417954,-0.1106540669456636,0.35,0.1503260135650634,정상 위험,deployment_demo_not_oof_validation,정상,0.00018361221,-0.25186104335849624,0.013636363636363636,0.037678174674510956,정상 위험,5
2021-10-01,3,2021-10-01 16:33:38.700,2021-10-01 16:39:19.100,340.4,69,1.986086956521739,42.57782608695652,17.378840579710147,0,0.1190058994002886,1.81,0.1700000000000001,0.0144927536231884,1.387784808675976,40.06,2.4199999999999946,0.0579710144927536,1.2870537904476027,15.05,2.02,0.0144927536231884,0.0002594361,-0.1573399742303031,0.2818181818181818,0.1503260135650634,정상 위험,deployment_demo_not_oof_validation,정상,0.00044944652,-0.04468929834881137,0.4409090909090909,0.037678174674510956,정상 위험,5
2021-10-01,4,2021-10-01 16:39:44.300,2021-10-01 16:45:24.700,340.4,69,2.00463768115942,42.3468115942029,17.378695652173914,0,0.1367326686527285,1.81,0.2200000000000002,0.0434782608695652,1.397410938710694,40.16,2.239999999999995,0.0289855072463768,1.3819944166945597,15.13,2.09,0.072463768115942,0.000335213,-0.1155938140141088,0.35,0.1503260135650634,정상 위험,deployment_demo_not_oof_validation,정상,0.00044869247,-0.045276950441058596,0.4318181818181818,0.037678174674510956,정상 위험,5
2021-10-01,5,2021-10-01 16:45:51.900,2021-10-01 16:51:32.200,340.3,69,2.010579710144927,42.6131884057971,17.65144927536232,0,0.1266408081470978,1.81,0.25,0.0434782608695652,1.5170263993530848,40.03,2.9200000000000017,0.0579710144927536,1.3946528931035544,15.11,2.3999999999999986,0.0434782608695652,0.00024696736,-0.1642091195988487,0.2681818181818182,0.1503260135650634,정상 위험,deployment_demo_not_oof_validation,정상,0.00033817958,-0.13140258241329258,0.32727272727272727,0.037678174674510956,정상 위험,5
2021-10-01,6,2021-10-01 16:51:58.500,2021-10-01 16:57:38.900,340.4,69,2.002173913043478,42.33260869565217,17.421304347826087,0,0.1230120697714777,1.81,0.1999999999999999,0.0144927536231884,1.5242323546952232,37.12,2.479999999999997,0.0144927536231884,1.2462625455660692,15.06,2.02,0.0289855072463768,0.00023958863,-0.1682741318157591,0.2545454545454545,0.1503260135650634,정상 위험,deployment_demo_not_oof_validation,정상,0.00032520105,-0.14151709807829838,0.30454545454545456,0.037678174674510956,정상 위험,5
2021-10-01,7,2021-10-01 16:58:05.100,2021-10-01 17:03:45.400,340.3,69,2.0027536231884056,42.56376811594203,17.329420289855072,0,0.1169827043270904,1.82,0.1999999999999999,0.0289855072463768,1.345398586740655,40.05,2.0700000000000003,0.0579710144927536,1.7322052283467104,12.98,2.3200000000000003,0.0869565217391304,0.0009217564,0.2075381448084573,0.6136363636363636,0.1503260135650634,정상 위험,deployment_demo_not_oof_validation,정상,0.0013415982,0.6505882273489607,0.7,0.037678174674510956,정상 위험,5
2021-10-01,8,2021-10-01 17:04:12.500,2021-10-01 17:09:52.800,340.3,69,1.9975362318840584,42.38855072463768,17.257971014492753,0,0.1120189820718614,1.81,0.1800000000000001,0.0,1.3124094090442953,40.03,2.1200000000000045,0.0434782608695652,1.3847908949285077,15.14,2.259999999999998,0.0144927536231884,0.0002731359,-0.1497926413909663,0.3,0.1503260135650634,정상 위험,deployment_demo_not_oof_validation,정상,0.00046821136,-0.030065359766200703,0.4636363636363636,0.037678174674510956,정상 위험,5
2021-10-01,9,2021-10-01 17:10:20.600,2021-10-01 17:16:01.000,340.4,69,2.035072463768116,42.62057971014493,17.54927536231884,0,0.1375801711559887,1.81,0.2199999999999999,0.0869565217391304,1.472703480455918,40.01,2.759999999999998,0.072463768115942,1.3807503489051542,15.06,2.2399999999999984,0.0289855072463768,0.0007454029,0.1103834365064116,0.55,0.1503260135650634,정상 위험,deployment_demo_not_oof_validation,정상,0.0018762168,1.0672307255786926,0.7863636363636364,0.037678174674510956,정상 위험,5
2021-10-01,10,2021-10-01 17:16:26.200,2021-10-01 17:22:06.600,340.4,69,2.0057971014492755,42.396086956521735,16.97927536231884,0,0.1210542634414715,1.81,0.1899999999999999,0.0579710144927536,1.4304649772542128,40.12,2.3599999999999994,0.0434782608695652,1.2857777674147954,15.03,2.110000000000001,0.0,0.00025108454,-0.1619409322009702,0.2772727272727273,0.1503260135650634,정상 위험,deployment_demo_not_oof_validation,정상,0.00038705012,-0.09331647130874962,0.36363636363636365,0.037678174674510956,정상 위험,5
2021-10-01,11,2021-10-01 17:22:32.000,2021-10-01 17:28:12.300,340.3,69,2.019710144927536,42.69855072463768,17.353478260869565,0,0.1177231424908452,1.82,0.1599999999999999,0.0434782608695652,1.5211356780595358,37.81,2.3700000000000045,0.0869565217391304,1.3108885918550648,15.03,1.8900000000000008,0.0144927536231884,0.0002619739,-0.1559418799686821,0.2818181818181818,0.1503260135650634,정상 위험,deployment_demo_not_oof_validation,정상,0.00047035026,-0.02839845916936435,0.4636363636363636,0.037678174674510956,정상 위험,5
2021-10-01,12,2021-10-01 17:28:38.200,2021-10-01 17:34:18.500,340.3,69,1.9905797101449276,42.59347826086956,17.75782608695652,0,0.1089776563441685,1.81,0.1500000000000001,0.0144927536231884,1.331263029305979,40.12,2.0600000000000023,0.0144927536231884,1.660225772709328,15.1,3.09,0.1304347826086956,0.0005134634,-0.0173940864491251,0.4818181818181818,0.1503260135650634,정상 위험,deployment_demo_not_oof_validation,정상,0.00089932984,0.3059167231163897,0.6272727272727273,0.037678174674510956,정상 위험,5
2021-10-01,13,2021-10-01 17:34:45.200,2021-10-01 17:40:25.500,340.3,69,2.0055072463768115,42.075362318840575,17.643623188405797,0,0.1221683533668391,1.81,0.1799999999999999,0.0434782608695652,1.773016356142121,35.49,2.259999999999998,0.0434782608695652,1.666633601547542,11.35,2.8099999999999987,0.0289855072463768,0.022302093,11.986155567103548,0.9454545454545454,0.1503260135650634,정상 위험,deployment_demo_not_oof_validation,정상,0.028526552,21.83654506612977,0.9818181818181818,0.037678174674510956,정상 위험,5
2021-10-01,14,2021-10-01 17:40:51.200,2021-10-01 17:46:31.500,340.3,69,1.9881159420289856,42.5268115942029,17.408115942028985,0,0.113387354859853,1.81,0.1900000000000001,0.0144927536231884,1.4011534038213187,40.12,2.229999999999997,0.0434782608695652,1.4182956583854631,15.03,2.41,0.0289855072463768,0.0001756042,-0.2035237184696107,0.05,0.1503260135650634,정상 위험,deployment_demo_not_oof_validation,정상,0.0002945609,-0.1653957916169441,0.2636363636363636,0.037678174674510956,정상 위험,5
2021-10-01,15,2021-10-01 17:46:58.000,2021-10-01 17:52:38.400,340.4,69,2.0011594202898557,42.45304347826088,17.32144927536232,0,0.1197735146000942,1.82,0.2199999999999999,0.0434782608695652,1.5084207795180498,37.96,2.490000000000002,0.0289855072463768,1.4282437542849185,15.04,2.3599999999999994,0.0289855072463768,0.0002147028,-0.1819839549691728,0.1954545454545454,0.1503260135650634,정상 위험,deployment_demo_not_oof_validation,정상,0.00025812845,-0.1937885577578182,0.15,0.037678174674510956,정상 위험,5
2021-10-01,16,2021-10-01 17:53:04.800,2021-10-01 17:58:45.100,340.3,69,2.009710144927536,42.42101449275363,17.293478260869566,0,0.1056488497542233,1.82,0.1899999999999999,0.0144927536231884,1.5070346271515889,37.26,2.3799999999999955,0.072463768115942,1.3659943868704718,15.12,2.3200000000000003,0.0144927536231884,0.0002612683,-0.1563306136021714,0.2818181818181818,0.1503260135650634,정상 위험,deployment_demo_not_oof_validation,정상,0.0004182509,-0.06900088886660065,0.4,0.037678174674510956,정상 위험,5
2021-10-01,17,2021-10-01 17:59:13.000,2021-10-01 18:04:53.300,340.3,69,2.006086956521739,41.974782608695655,17.271884057971015,0,0.1258175311746941,1.82,0.2100000000000002,0.0579710144927536,1.4781910732732964,36.93,2.020000000000003,0.0144927536231884,1.4585712946763616,12.15,2.3200000000000003,0.0144927536231884,0.0010871284,0.2986430706981217,0.6409090909090909,0.1503260135650634,정상 위험,deployment_demo_not_oof_validation,정상,0.0004948633,-0.009294787606574102,0.4909090909090909,0.037678174674510956,정상 위험,5
2021-10-01,18,2021-10-01 18:05:20.400,2021-10-01 18:11:00.800,340.4,69,2.003043478260869,42.673478260869565,17.746666666666666,0,0.107516132138748,1.81,0.1699999999999999,0.0,1.3331947764750889,40.21,2.3000000000000043,0.0434782608695652,1.3421642604244777,15.12,2.27,0.0434782608695652,0.00019699466,-0.1917395257299757,0.1272727272727272,0.1503260135650634,정상 위험,deployment_demo_not_oof_validation,정상,0.00030231784,-0.15935058920888603,0.2681818181818182,0.037678174674510956,정상 위험,5
2021-10-01,19,2021-10-01 18:11:28.100,2021-10-01 18:17:08.400,340.3,69,2.0117391304347825,42.14971014492753,17.54898550724638,0,0.1280734683657498,1.81,0.1700000000000001,0.072463768115942,1.4709920332236104,37.71,2.490000000000002,0.0434782608695652,1.361116696522226,15.08,2.09,0.0579710144927536,0.0002345787,-0.1710341406135332,0.2454545454545454,0.1503260135650634,정상 위험,deployment_demo_not_oof_validation,정상,0.0002961177,-0.16418251878825568,0.2636363636363636,0.037678174674510956,정상 위험,5
2021-10-01,20,2021-10-01 18:17:35.100,2021-10-01 18:23:15.500,340.4,69,1.9981159420289856,42.59768115942029,17.588115942028985,0,0.1155584313914118,1.81,0.2000000000000001,0.0289855072463768,1.4034465401159184,40.04,2.479999999999997,0.072463768115942,1.444440941478254,15.06,2.43,0.072463768115942,0.00017050187,-0.2063346418334044,0.0409090909090909,0.1503260135650634,정상 위험,deployment_demo_not_oof_validation,정상,0.0001867496,-0.24941598968817894,0.01818181818181818,0.037678174674510956,정상 위험,5
2021-10-01,21,2021-10-01 18:23:41.600,2021-10-01 18:29:21.900,340.3,69,2.030869565217391,42.33463768115942,17.443478260869565,1,0.1451139423556008,1.81,0.2300000000000002,0.1159420289855072,2.0530125495376907,35.62,2.8100000000000023,0.0579710144927536,1.4867560681356264,12.88,2.2300000000000004,0.0434782608695652,0.994994,547.8507620716434,1.0,0.1503260135650634,불량 위험,deployment_demo_not_oof_validation,불량,0.9670088,753.2207204893859,1.0,0.037678174674510956,불량 위험,5
2021-10-01,22,2021-10-01 18:29:48.100,2021-10-01 18:35:28.400,340.3,69,1.9995652173913043,42.69652173913043,17.28521739130435,0,0.1276303806563945,1.81,0.2100000000000002,0.0434782608695652,1.320758278288468,40.08,2.199999999999996,0.0579710144927536,1.5255525601600035,11.74,2.120000000000001,0.0289855072463768,0.00075825263,0.117462477193415,0.55,0.1503260135650634,정상 위험,deployment_demo_not_oof_validation,정상,0.0009119583,0.3157584043602429,0.6272727272727273,0.037678174674510956,정상 위험,5
2021-10-05,1,2021-10-05 16:22:40.000,2021-10-05 16:28:20.300,340.3,69,2.0130434782608697,42.30579710144927,17.264202898550725,0,0.1153040016119292,1.82,0.2000000000000001,0.0289855072463768,1.3931232429298828,40.1,2.539999999999999,0.0,1.4238281102852737,12.9,1.93,0.0289855072463768,0.000401027,-0.0793362937188601,0.4090909090909091,0.1503260135650634,정상 위험,deployment_demo_not_oof_validation,정상,0.00064893736,0.0556042750743815,0.5272727272727272,0.16456955671310425,정상 위험,4
2021-10-05,2,2021-10-05 16:28:47.900,2021-10-05 16:34:28.200,340.3,69,2.012028985507246,42.467971014492754,17.35739130434783,0,0.1162474504482587,1.82,0.1999999999999999,0.0579710144927536,1.5712551929907592,40.01,3.020000000000003,0.0434782608695652,1.390309584836406,15.03,2.219999999999999,0.0289855072463768,0.0003073162,-0.1309624130451503,0.3454545454545454,0.1503260135650634,정상 위험,deployment_demo_not_oof_validation,정상,0.0004484261,-0.10467611764068985,0.42272727272727273,0.16456955671310425,정상 위험,4
2021-10-05,3,2021-10-05 16:34:56.200,2021-10-05 16:40:36.500,340.3,69,2.01072463768116,42.59072463768116,17.605217391304347,0,0.112854915196716,1.81,0.2000000000000001,0.0289855072463768,1.3545286990647116,40.34,2.3599999999999994,0.072463768115942,1.561624916078321,11.85,2.27,0.1014492753623188,0.000930622,0.2124222874949292,0.6136363636363636,0.1503260135650634,정상 위험,deployment_demo_not_oof_validation,정상,0.0007972073,0.1741251034887495,0.5772727272727273,0.16456955671310425,정상 위험,4
2021-10-05,4,2021-10-05 16:41:01.900,2021-10-05 16:46:42.200,340.3,69,2.0343478260869565,42.3368115942029,17.4031884057971,0,0.133432933813534,1.81,0.2299999999999999,0.0869565217391304,1.580335493749595,37.16,2.68,0.0579710144927536,1.526618227973597,13.95,2.509999999999998,0.1014492753623188,0.0013194041,0.4266058133250987,0.7045454545454546,0.1503260135650634,정상 위험,deployment_demo_not_oof_validation,정상,0.0019960543,1.1324336573342246,0.7818181818181819,0.16456955671310425,정상 위험,4
2021-10-05,5,2021-10-05 16:47:07.900,2021-10-05 16:52:48.200,340.3,69,2.006086956521739,42.5268115942029,17.617971014492753,0,0.1154558406963248,1.81,0.1699999999999999,0.0289855072463768,1.4377315596141915,40.03,2.4599999999999937,0.0144927536231884,1.4053590494855803,15.3,2.219999999999999,0.072463768115942,0.00019640614,-0.1920637483395696,0.1272727272727272,0.1503260135650634,정상 위험,deployment_demo_not_oof_validation,정상,0.0002353792,-0.2749769618520468,0.02727272727272727,0.16456955671310425,정상 위험,4
2021-10-05,6,2021-10-05 16:53:15.800,2021-10-05 16:58:56.100,340.3,69,1.9947826086956524,42.30231884057971,17.256666666666668,0,0.1364746118994101,1.81,0.2399999999999997,0.0579710144927536,1.3228813749311807,40.13,2.140000000000001,0.0434782608695652,1.4475676014557364,13.79,2.1000000000000014,0.0434782608695652,0.00042859314,-0.0641498679830838,0.45,0.1503260135650634,정상 위험,deployment_demo_not_oof_validation,정상,0.00097140623,0.31337250638555275,0.6227272727272727,0.16456955671310425,정상 위험,4
2021-10-05,7,2021-10-05 16:59:21.700,2021-10-05 17:05:02.000,340.3,69,1.99463768115942,42.37898550724638,17.646666666666665,0,0.1230086045549005,1.81,0.2199999999999999,0.072463768115942,1.389406501444937,40.04,2.639999999999993,0.0434782608695652,1.493978764581213,15.18,2.5,0.0869565217391304,0.000252952,-0.1609121228659949,0.2818181818181818,0.1503260135650634,정상 위험,deployment_demo_not_oof_validation,정상,0.00027802723,-0.2408858885885378,0.11818181818181818,0.16456955671310425,정상 위험,4
2021-10-05,8,2021-10-05 17:05:28.900,2021-10-05 17:11:09.200,340.3,69,1.97536231884058,42.59347826086956,17.4968115942029,0,0.1091353680492707,1.81,0.1699999999999999,0.0144927536231884,1.4269515285957108,40.06,2.1899999999999977,0.072463768115942,1.2550468619720745,15.05,1.7600000000000016,0.0289855072463768,0.00022023563,-0.1789358712201551,0.2227272727272727,0.1503260135650634,정상 위험,deployment_demo_not_oof_validation,정상,0.00041910398,-0.12811499478377386,0.38181818181818183,0.16456955671310425,정상 위험,4
2021-10-05,9,2021-10-05 17:11:37.000,2021-10-05 17:17:17.400,340.4,69,2.0331884057971013,42.62463768115942,17.366811594202897,0,0.1508260856048837,1.81,0.2300000000000002,0.1304347826086956,1.4705066950966104,40.11,2.3700000000000045,0.072463768115942,1.3684055693457766,15.2,2.4400000000000013,0.0144927536231884,0.010904508,5.707124561162998,0.9136363636363636,0.1503260135650634,정상 위험,deployment_demo_not_oof_validation,정상,0.018984754,14.712494824544708,0.9227272727272727,0.16456955671310425,정상 위험,4
2021-10-05,10,2021-10-05 17:17:42.400,2021-10-05 17:23:22.700,340.3,69,2.030434782608696,42.43913043478261,17.36521739130435,0,0.1324257259373177,1.81,0.1799999999999999,0.0434782608695652,1.394961246700207,40.02,1.6699999999999946,0.0869565217391304,1.484404821008835,12.02,1.91,0.0434782608695652,0.004604678,2.236492467247678,0.8454545454545455,0.1503260135650634,정상 위험,deployment_demo_not_oof_validation,정상,0.0017795508,0.9593697359219067,0.7681818181818182,0.16456955671310425,정상 위험,4
2021-10-05,11,2021-10-05 17:23:48.900,2021-10-05 17:29:29.300,340.4,69,2.010869565217391,42.37492753623188,17.097391304347827,0,0.1373888762775508,1.81,0.2299999999999999,0.0579710144927536,1.73727950203794,36.77,2.5500000000000043,0.1014492753623188,1.349002520572704,15.05,2.180000000000001,0.072463768115942,0.001403876,0.4731421275059866,0.7090909090909091,0.1503260135650634,정상 위험,deployment_demo_not_oof_validation,정상,0.0060130646,4.343465000266028,0.8545454545454545,0.16456955671310425,정상 위험,4
2021-10-05,12,2021-10-05 17:29:56.300,2021-10-05 17:35:36.700,340.4,69,2.0417391304347827,42.47826086956522,17.533768115942028,0,0.1105328873303582,1.81,0.1700000000000001,0.072463768115942,1.282447059475773,40.21,2.230000000000004,0.072463768115942,1.40438399877928,15.27,2.5100000000000016,0.0289855072463768,0.00020779707,-0.1857883817714293,0.1636363636363636,0.1503260135650634,정상 위험,deployment_demo_not_oof_validation,정상,0.00046275553,-0.09322175357651093,0.4409090909090909,0.16456955671310425,정상 위험,4
2021-10-05,13,2021-10-05 17:36:04.400,2021-10-05 17:41:44.700,340.3,69,1.9969565217391303,42.62101449275362,17.848840579710146,0,0.1252679991508334,1.83,0.1899999999999999,0.0434782608695652,1.4522013157794542,37.72,2.140000000000001,0.0434782608695652,1.440551912444226,13.95,2.16,0.0579710144927536,0.0001975392,-0.1914395378445319,0.1318181818181818,0.1503260135650634,정상 위험,deployment_demo_not_oof_validation,정상,0.0003477091,-0.18518508954267576,0.23636363636363636,0.16456955671310425,정상 위험,4
2021-10-05,14,2021-10-05 17:42:10.600,2021-10-05 17:47:51.000,340.4,69,2.0117391304347825,42.60666666666667,17.63289855072464,0,0.1173350722571289,1.81,0.1899999999999999,0.0579710144927536,1.3849725699839122,40.03,2.210000000000001,0.0289855072463768,1.4708182011156792,13.18,2.370000000000001,0.0579710144927536,0.00027841533,-0.1468841538217785,0.3136363636363636,0.1503260135650634,정상 위험,deployment_demo_not_oof_validation,정상,0.0004370493,-0.11377023912144714,0.4,0.16456955671310425,정상 위험,4
2021-10-05,15,2021-10-05 17:48:17.600,2021-10-05 17:53:58.000,340.4,69,1.9979710144927532,42.71420289855073,17.66898550724638,0,0.119096842825553,1.81,0.1700000000000001,0.0289855072463768,1.4209932377587795,40.37,2.410000000000004,0.1014492753623188,1.5421195735735398,13.13,2.0100000000000016,0.1014492753623188,0.0005962259,0.028200512688275,0.5181818181818182,0.1503260135650634,정상 위험,deployment_demo_not_oof_validation,정상,0.00080883206,0.1834174608723715,0.5818181818181818,0.16456955671310425,정상 위험,4
2021-10-05,16,2021-10-05 17:54:25.600,2021-10-05 18:00:06.000,340.4,69,1.9939130434782608,42.86449275362319,17.60536231884058,0,0.11541762266432,1.81,0.1600000000000001,0.0144927536231884,1.3474906266528552,40.01,2.269999999999996,0.0579710144927536,1.411857953726375,15.02,2.240000000000002,0.0434782608695652,0.0001852699,-0.1981987972177334,0.0818181818181818,0.1503260135650634,정상 위험,deployment_demo_not_oof_validation,정상,0.00023898607,-0.2720937705838998,0.031818181818181815,0.16456955671310425,정상 위험,4
2021-10-05,17,2021-10-05 18:00:32.700,2021-10-05 18:06:13.000,340.3,69,1.9905797101449276,42.39652173913044,17.471014492753625,0,0.1235609406441045,1.81,0.1900000000000001,0.0289855072463768,1.3669704868871384,40.11,2.3100000000000023,0.0289855072463768,1.5962097983583194,10.6,2.25,0.0289855072463768,0.0011787708,0.3491296689658135,0.6681818181818182,0.1503260135650634,정상 위험,deployment_demo_not_oof_validation,정상,0.0014349082,0.6838767814389963,0.7090909090909091,0.16456955671310425,정상 위험,4
2021-10-05,18,2021-10-05 18:06:40.100,2021-10-05 18:12:20.400,340.3,69,2.030579710144927,42.350724637681154,17.64246376811594,0,0.1284738936398114,1.81,0.2199999999999999,0.0579710144927536,1.5046880845823354,36.17,2.039999999999999,0.0289855072463768,1.4518997755447065,13.76,2.52,0.0579710144927536,0.00036253425,-0.1005422946422087,0.3727272727272727,0.1503260135650634,정상 위험,deployment_demo_not_oof_validation,정상,0.0003477091,-0.18518508954267576,0.23636363636363636,0.16456955671310425,정상 위험,4
2021-10-05,19,2021-10-05 18:12:47.500,2021-10-05 18:18:27.900,340.4,69,2.009710144927536,42.37159420289855,17.560000000000002,0,0.1171722087920765,1.81,0.1699999999999999,0.0289855072463768,1.5555116646266045,36.97,2.25,0.0869565217391304,1.4644332370860589,15.02,2.369999999999997,0.072463768115942,0.0001583465,-0.2130311378406214,0.009090909090909,0.1503260135650634,정상 위험,deployment_demo_not_oof_validation,정상,0.00028048575,-0.23892065215401187,0.12272727272727273,0.16456955671310425,정상 위험,4
2021-10-05,20,2021-10-05 18:18:54.200,2021-10-05 18:24:34.500,340.3,69,2.0163768115942027,42.56260869565217,17.621739130434783,0,0.1338015542696671,1.81,0.1800000000000001,0.072463768115942,1.2789134314789998,40.21,2.0,0.0434782608695652,1.502627068642409,15.01,2.7399999999999984,0.0579710144927536,0.0011883202,0.3543905361502217,0.6727272727272727,0.1503260135650634,정상 위험,deployment_demo_not_oof_validation,정상,0.0011438351,0.45120501535671026,0.6727272727272727,0.16456955671310425,정상 위험,4
2021-10-05,21,2021-10-05 18:25:01.000,2021-10-05 18:30:41.300,340.3,69,2.01072463768116,42.322463768115945,17.581304347826084,0,0.1099373998421737,1.81,0.1800000000000001,0.0144927536231884,1.3928255304332875,40.03,1.9799999999999969,0.072463768115942,1.3132200132000174,15.05,2.2300000000000004,0.0289855072463768,0.00048411966,-0.0335598098902534,0.4727272727272727,0.1503260135650634,정상 위험,deployment_demo_not_oof_validation,정상,0.00041910398,-0.12811499478377386,0.38181818181818183,0.16456955671310425,정상 위험,4
2021-10-05,22,2021-10-05 18:31:09.100,2021-10-05 18:36:49.400,340.3,69,2.0011594202898557,42.438550724637686,17.49028985507246,0,0.1316918889802572,1.81,0.2200000000000002,0.0579710144927536,1.491667321531335,36.9,2.219999999999999,0.0144927536231884,1.4912450098673895,12.99,2.539999999999999,0.0434782608695652,0.0003416797,-0.1120312534465888,0.35,0.1503260135650634,정상 위험,deployment_demo_not_oof_validation,정상,0.00049013033,-0.07133947378406376,0.4727272727272727,0.16456955671310425,정상 위험,4
2021-10-06,1,2021-10-06 16:22:22.000,2021-10-06 16:28:02.200,340.2,69,2.015072463768116,42.453768115942026,17.471449275362318,0,0.114578809102343,1.82,0.1900000000000001,0.0289855072463768,1.6633560170801356,36.56,3.0799999999999983,0.0289855072463768,1.3766116494562235,13.45,2.0700000000000003,0.0579710144927536,0.001115942,0.3145167428654201,0.6454545454545455,0.1503260135650634,정상 위험,deployment_demo_not_oof_validation,정상,0.0005800663,-0.06481748959666878,0.42272727272727273,0.1887761950492859,정상 위험,6
2021-10-06,2,2021-10-06 16:28:28.100,2021-10-06 16:34:08.400,340.3,69,1.9994202898550728,42.57652173913044,17.426666666666666,0,0.1075924234426741,1.81,0.1899999999999999,0.0289855072463768,1.3184547841707783,40.04,2.119999999999997,0.0579710144927536,1.3725680811001333,15.01,2.120000000000001,0.0144927536231884,0.0002776527,-0.1473042971969879,0.3090909090909091,0.1503260135650634,정상 위험,deployment_demo_not_oof_validation,정상,0.00046479487,-0.12154502092790341,0.2681818181818182,0.1887761950492859,정상 위험,6
2021-10-06,3,2021-10-06 16:34:35.200,2021-10-06 16:40:15.600,340.4,69,2.027536231884058,42.56898550724638,17.788695652173914,0,0.1566694327810803,1.81,0.1799999999999999,0.072463768115942,1.298053004591125,40.05,2.0700000000000003,0.0144927536231884,1.2585319564564084,15.16,1.990000000000002,0.0434782608695652,0.0025735705,1.1175372056026658,0.7772727272727272,0.1503260135650634,정상 위험,deployment_demo_not_oof_validation,정상,0.0039997785,1.6180959790280796,0.8045454545454546,0.1887761950492859,정상 위험,6
2021-10-06,4,2021-10-06 16:40:41.800,2021-10-06 16:46:22.100,340.3,69,1.987391304347826,42.56434782608696,17.527391304347823,0,0.1192951378861421,1.81,0.1900000000000001,0.0289855072463768,1.5921041185477391,36.92,2.519999999999996,0.072463768115942,1.3903064116080914,15.08,2.3400000000000034,0.072463768115942,0.00020176436,-0.1891118579266674,0.1454545454545454,0.1503260135650634,정상 위험,deployment_demo_not_oof_validation,정상,0.00039940726,-0.15372365856366646,0.22272727272727272,0.1887761950492859,정상 위험,6
2021-10-06,5,2021-10-06 16:46:49.400,2021-10-06 16:52:29.800,340.4,69,1.9907246376811591,42.618115942028986,17.631449275362318,0,0.1332657544000808,1.81,0.2200000000000002,0.0579710144927536,1.5101521888268696,40.04,2.5999999999999943,0.072463768115942,1.4767385321180295,12.35,2.169999999999998,0.0289855072463768,0.0019641276,0.7817897380662031,0.740909090909091,0.1503260135650634,정상 위험,deployment_demo_not_oof_validation,정상,0.0024577219,0.8592169367751675,0.75,0.1887761950492859,정상 위험,6
2021-10-06,6,2021-10-06 16:52:54.900,2021-10-06 16:58:35.300,340.4,69,2.031014492753623,42.42927536231884,17.557246376811595,1,0.1408706637469928,1.81,0.1699999999999999,0.1014492753623188,1.626321470682136,35.73,1.6500000000000057,0.0144927536231884,1.2868267903668298,15.11,2.200000000000003,0.0289855072463768,0.7753382,426.8404234926253,1.0,0.1503260135650634,불량 위험,deployment_demo_not_oof_validation,불량,0.015175402,7.117859170671142,0.9181818181818182,0.1887761950492859,정상 위험,6
2021-10-06,7,2021-10-06 16:59:00.900,2021-10-06 17:04:41.300,340.4,69,2.0543478260869565,42.7136231884058,17.340579710144926,0,0.1018429913391711,1.81,0.1700000000000001,0.0289855072463768,1.428554360816322,40.13,2.43,0.1014492753623188,1.471263846511854,15.03,2.43,0.072463768115942,0.00016595647,-0.2088387389989193,0.0363636363636363,0.1503260135650634,정상 위험,deployment_demo_not_oof_validation,정상,0.000378377,-0.16407309557543465,0.16363636363636364,0.1887761950492859,정상 위험,6
2021-10-06,8,2021-10-06 17:05:08.300,2021-10-06 17:10:48.600,340.3,69,2.006231884057971,42.513333333333335,17.402898550724636,0,0.1146875736803784,1.81,0.2099999999999999,0.0289855072463768,1.315979468222933,40.03,2.140000000000001,0.072463768115942,1.4040184989661089,13.66,2.18,0.0434782608695652,0.00020967347,-0.184754658150677,0.1863636363636363,0.1503260135650634,정상 위험,deployment_demo_not_oof_validation,정상,0.00047172734,-0.11813340223562371,0.2818181818181818,0.1887761950492859,정상 위험,6
2021-10-06,9,2021-10-06 17:11:14.800,2021-10-06 17:16:55.100,340.3,69,2.0207246376811594,42.471739130434784,17.58,0,0.1067889457897281,1.82,0.1400000000000001,0.0434782608695652,1.2385023647199391,40.05,1.7700000000000031,0.0289855072463768,1.5909671494371704,11.19,2.360000000000003,0.0579710144927536,0.0019816528,0.7914445058427311,0.7454545454545455,0.1503260135650634,정상 위험,deployment_demo_not_oof_validation,정상,0.0022225515,0.7434845780309827,0.7272727272727273,0.1887761950492859,정상 위험,6
2021-10-06,10,2021-10-06 17:17:21.800,2021-10-06 17:23:02.100,340.3,69,2.0330434782608697,42.036086956521736,17.13101449275362,0,0.1589423160978451,1.81,0.2099999999999999,0.1014492753623188,1.4229983024578603,40.01,2.3799999999999955,0.0289855072463768,1.358922740442868,15.04,1.91,0.0144927536231884,0.013552564,7.165962409297306,0.9272727272727272,0.1503260135650634,정상 위험,deployment_demo_not_oof_validation,정상,0.009861405,4.502727618849585,0.8863636363636364,0.1887761950492859,정상 위험,6
2021-10-06,11,2021-10-06 17:23:28.900,2021-10-06 17:29:09.300,340.4,69,2.0010144927536238,42.49333333333333,17.620724637681157,0,0.1130349363944386,1.81,0.1999999999999999,0.0289855072463768,1.4039112032698742,40.07,2.269999999999996,0.072463768115942,1.345062122817009,15.08,1.7399999999999984,0.072463768115942,0.00018819248,-0.1965887232750086,0.0863636363636363,0.1503260135650634,정상 위험,deployment_demo_not_oof_validation,정상,0.00038356247,-0.16152122060577845,0.17272727272727273,0.1887761950492859,정상 위험,6
2021-10-06,12,2021-10-06 17:29:36.100,2021-10-06 17:35:16.500,340.4,69,1.9985507246376808,42.65449275362319,17.38768115942029,0,0.127120546799425,1.81,0.2000000000000001,0.0579710144927536,1.5559322307106973,36.39,2.1099999999999994,0.0289855072463768,1.46623582178345,13.85,2.3299999999999983,0.0869565217391304,0.00032973595,-0.118611169447656,0.35,0.1503260135650634,정상 위험,deployment_demo_not_oof_validation,정상,0.00046307585,-0.12239098629310169,0.2681818181818182,0.1887761950492859,정상 위험,6
2021-10-06,13,2021-10-06 17:35:44.300,2021-10-06 17:41:24.600,340.3,69,2.0279710144927536,42.37666666666667,17.848115942028986,0,0.1146552339707911,1.81,0.2000000000000001,0.0434782608695652,1.3073487615451838,40.03,1.8699999999999972,0.0434782608695652,1.4212300755107286,15.02,2.3599999999999994,0.1014492753623188,0.00037376338,-0.0943560666443049,0.3909090909090909,0.1503260135650634,정상 위험,deployment_demo_not_oof_validation,정상,0.00045953845,-0.12413181443747924,0.2681818181818182,0.1887761950492859,정상 위험,6
2021-10-06,14,2021-10-06 17:41:52.600,2021-10-06 17:47:32.900,340.3,69,2.044202898550725,42.53521739130434,17.253478260869564,0,0.1005924479258266,1.82,0.1400000000000001,0.0434782608695652,1.5932454933393143,37.66,2.8599999999999994,0.072463768115942,1.586014080946836,12.98,2.630000000000001,0.0579710144927536,0.0010277736,0.2659439743122185,0.6363636363636364,0.1503260135650634,정상 위험,deployment_demo_not_oof_validation,정상,0.00096171803,0.12300148783702071,0.5727272727272728,0.1887761950492859,정상 위험,6
2021-10-06,15,2021-10-06 17:48:00.100,2021-10-06 17:53:40.500,340.4,69,1.9863768115942029,42.43028985507247,17.506376811594205,0,0.1130716979007353,1.81,0.1899999999999999,0.0,1.410250260450765,40.05,2.059999999999995,0.072463768115942,1.4763219111483592,15.01,2.4400000000000013,0.072463768115942,0.00021798335,-0.1801766682530136,0.2181818181818181,0.1503260135650634,정상 위험,deployment_demo_not_oof_validation,정상,0.00038882822,-0.1589298295361886,0.17727272727272728,0.1887761950492859,정상 위험,6
2021-10-06,16,2021-10-06 17:54:07.200,2021-10-06 17:59:47.600,340.4,69,1.9879710144927532,42.48724637681159,17.56623188405797,0,0.1144626796376793,1.82,0.1899999999999999,0.0289855072463768,1.4022984117029518,40.01,1.9699999999999989,0.072463768115942,1.5845616404854272,15.05,2.9499999999999997,0.0869565217391304,0.00079615886,0.1383453538059486,0.5590909090909091,0.1503260135650634,정상 위험,deployment_demo_not_oof_validation,정상,0.0009643583,0.12430080699388277,0.5727272727272728,0.1887761950492859,정상 위험,6
2021-10-06,17,2021-10-06 18:00:14.100,2021-10-06 18:05:54.500,340.4,69,2.0034782608695654,42.13304347826087,17.659565217391304,0,0.1181826364144586,1.81,0.1900000000000001,0.0579710144927536,1.4897012179192433,37.23,1.8900000000000008,0.0289855072463768,1.3900575895630332,15.11,2.140000000000001,0.1304347826086956,0.0004030162,-0.0782404320409172,0.4136363636363636,0.1503260135650634,정상 위험,deployment_demo_not_oof_validation,정상,0.00061529706,-0.047479675427874665,0.4409090909090909,0.1887761950492859,정상 위험,6
2021-10-06,18,2021-10-06 18:06:21.800,2021-10-06 18:12:02.100,340.3,69,2.0079710144927536,42.63811594202899,17.2831884057971,0,0.1306046989307015,1.82,0.25,0.0579710144927536,1.2943261650966802,40.02,1.9599999999999935,0.0434782608695652,1.4569453265546657,12.63,2.120000000000001,0.0289855072463768,0.0007860805,0.1327930927236218,0.5545454545454546,0.1503260135650634,정상 위험,deployment_demo_not_oof_validation,정상,0.0007525689,0.020074723025743906,0.5227272727272727,0.1887761950492859,정상 위험,6
2021-10-06,19,2021-10-06 18:12:28.700,2021-10-06 18:18:09.100,340.4,69,1.9969565217391303,42.2963768115942,17.765652173913043,0,0.1197338267087126,1.81,0.1899999999999999,0.0289855072463768,1.7014673347493618,34.12,2.140000000000001,0.0434782608695652,1.1700093994857097,15.34,1.8200000000000005,0.0144927536231884,0.0028678104,1.2796366134989714,0.7909090909090909,0.1503260135650634,정상 위험,deployment_demo_not_oof_validation,정상,0.002850274,1.0524002784846656,0.7727272727272727,0.1887761950492859,정상 위험,6
2021-10-06,20,2021-10-06 18:18:35.100,2021-10-06 18:24:15.400,340.3,69,1.991304347826087,42.810434782608695,17.637101449275363,0,0.1249813285287783,1.81,0.2099999999999999,0.0434782608695652,1.4224217488893915,40.06,2.43,0.072463768115942,1.3729691970424105,15.08,2.360000000000003,0.072463768115942,0.00017684899,-0.2028379551422791,0.0545454545454545,0.1503260135650634,정상 위험,deployment_demo_not_oof_validation,정상,0.0003218941,-0.19186954238698434,0.07272727272727272,0.1887761950492859,정상 위험,6
2021-10-06,21,2021-10-06 18:24:42.100,2021-10-06 18:30:22.500,340.4,69,1.9811594202898548,42.50608695652174,17.428115942028985,0,0.1246941697760146,1.81,0.2499999999999997,0.0579710144927536,1.396224128088602,40.05,2.3299999999999983,0.0579710144927536,1.4817887395687357,15.02,2.4899999999999984,0.0289855072463768,0.00017730943,-0.2025842962250336,0.0545454545454545,0.1503260135650634,정상 위험,deployment_demo_not_oof_validation,정상,0.00027527937,-0.21480964814296727,0.031818181818181815,0.1887761950492859,정상 위험,6
2021-10-06,22,2021-10-06 18:30:49.700,2021-10-06 18:36:30.100,340.4,69,2.0091304347826084,42.72072463768116,17.500434782608696,0,0.1617163378049462,1.81,0.1999999999999999,0.0869565217391304,1.2743941107566046,40.14,1.7900000000000065,0.0579710144927536,1.2815345061827574,15.18,1.9499999999999995,0.0579710144927536,0.004350186,2.0962904112973,0.8454545454545455,0.1503260135650634,정상 위험,deployment_demo_not_oof_validation,정상,0.00492581,2.073815752417211,0.8272727272727273,0.1887761950492859,정상 위험,6
2021-10-07,1,2021-10-07 16:20:07.000,2021-10-07 16:25:47.300,340.3,69,2.022463768115942,42.565362318840585,17.553623188405798,0,0.1068176813561237,1.81,0.1900000000000001,0.0289855072463768,1.269956668679666,40.02,1.7199999999999989,0.0579710144927536,1.415934498126168,15.12,2.620000000000001,0.0434782608695652,0.0003907737,-0.0849849325232286,0.4045454545454545,0.1503260135650634,정상 위험,deployment_demo_not_oof_validation,정상,0.00032466018,-0.14193860900046143,0.3,0.037678174674510956,정상 위험,5
2021-10-07,2,2021-10-07 16:26:13.900,2021-10-07 16:31:54.200,340.3,69,2.002173913043478,42.43521739130435,17.509565217391305,0,0.1082734768078089,1.81,0.2000000000000001,0.0434782608695652,1.235202541971597,40.06,1.7100000000000009,0.0,1.453287788574389,15.04,2.5,0.0579710144927536,0.00036135467,-0.1011921347810135,0.3727272727272727,0.1503260135650634,정상 위험,deployment_demo_not_oof_validation,정상,0.00020467193,-0.2354486432778798,0.05,0.037678174674510956,정상 위험,5
2021-10-07,3,2021-10-07 16:32:22.200,2021-10-07 16:38:02.600,340.4,69,2.0130434782608697,42.18797101449275,17.750434782608696,0,0.1237443325835462,1.81,0.1899999999999999,0.072463768115942,1.371869248303789,40.05,2.479999999999997,0.0,1.4194939392185726,15.02,2.280000000000001,0.0579710144927536,0.0002226315,-0.1776159646080994,0.2227272727272727,0.1503260135650634,정상 위험,deployment_demo_not_oof_validation,정상,0.0002886348,-0.17001415324306968,0.2409090909090909,0.037678174674510956,정상 위험,5
2021-10-07,4,2021-10-07 16:38:30.100,2021-10-07 16:44:10.500,340.4,69,1.998695652173913,42.48072463768116,17.290434782608695,0,0.11069184894108,1.81,0.1899999999999999,0.0,1.367047396700361,40.02,2.1000000000000014,0.0144927536231884,1.459886614032474,13.32,2.1999999999999997,0.0579710144927536,0.00037696713,-0.0925910924898606,0.3909090909090909,0.1503260135650634,정상 위험,deployment_demo_not_oof_validation,정상,0.0003729177,-0.10433023597994347,0.35909090909090907,0.037678174674510956,정상 위험,5
2021-10-07,5,2021-10-07 16:44:38.300,2021-10-07 16:50:18.600,340.3,69,2.014057971014493,42.62434782608696,17.366521739130434,0,0.1374592863849865,1.81,0.2000000000000001,0.0434782608695652,1.425326049655336,40.03,2.3600000000000065,0.0289855072463768,1.5393847377585594,13.36,2.960000000000001,0.0289855072463768,0.0038751718,1.8346009257832976,0.8272727272727273,0.1503260135650634,정상 위험,deployment_demo_not_oof_validation,정상,0.0050884187,3.5705849995605763,0.8954545454545455,0.037678174674510956,정상 위험,5
2021-10-07,6,2021-10-07 16:50:43.700,2021-10-07 16:56:24.000,340.3,69,2.012463768115942,41.971739130434784,17.894782608695653,0,0.1262630982966711,1.81,0.2200000000000002,0.0869565217391304,1.8517598597024163,36.82,1.8699999999999972,0.0144927536231884,1.3920040659757766,15.17,2.120000000000001,0.072463768115942,0.0025876013,1.1252669201735324,0.7772727272727272,0.1503260135650634,정상 위험,deployment_demo_not_oof_validation,정상,0.0042550294,2.9211025352592532,0.8818181818181818,0.037678174674510956,정상 위험,5
2021-10-07,7,2021-10-07 16:56:51.000,2021-10-07 17:02:31.300,340.3,69,1.976231884057971,42.78260869565217,17.361014492753625,0,0.109263597205745,1.81,0.1599999999999999,0.0144927536231884,1.3725284226928582,40.01,2.269999999999996,0.0434782608695652,1.3693591727171213,15.09,2.3000000000000007,0.0289855072463768,0.00020372318,-0.1880327272673487,0.1590909090909091,0.1503260135650634,정상 위험,deployment_demo_not_oof_validation,정상,0.0003766837,-0.10139530968280322,0.35909090909090907,0.037678174674510956,정상 위험,5
2021-10-07,8,2021-10-07 17:02:57.800,2021-10-07 17:08:38.100,340.3,69,2.003768115942029,42.54304347826087,17.72478260869565,0,0.1093712168996212,1.82,0.1699999999999999,0.0434782608695652,1.256814723052623,40.21,1.9799999999999969,0.0289855072463768,1.4039509467462048,15.18,2.25,0.0579710144927536,0.00041577945,-0.0712090430907144,0.4363636363636363,0.1503260135650634,정상 위험,deployment_demo_not_oof_validation,정상,0.00031097318,-0.15260525770346847,0.2863636363636364,0.037678174674510956,정상 위험,5
2021-10-07,9,2021-10-07 17:09:04.100,2021-10-07 17:14:44.400,340.3,69,1.972173913043478,42.65623188405797,17.50463768115942,0,0.1175093183441134,1.81,0.1699999999999999,0.0289855072463768,1.3428384133106166,40.02,2.210000000000001,0.0579710144927536,1.2700504618392423,15.08,1.8099999999999987,0.0144927536231884,0.00025214563,-0.1613563646801045,0.2772727272727273,0.1503260135650634,정상 위험,deployment_demo_not_oof_validation,정상,0.00046719954,-0.030853900915572233,0.45454545454545453,0.037678174674510956,정상 위험,5
2021-10-07,10,2021-10-07 17:15:10.900,2021-10-07 17:20:51.300,340.4,69,1.986086956521739,42.555217391304346,17.53304347826087,0,0.1109082476021925,1.81,0.1699999999999999,0.0144927536231884,1.3482838860344482,40.06,2.18,0.0434782608695652,1.6021835324366722,11.9,2.8099999999999987,0.072463768115942,0.0008110154,0.1465299404404196,0.5590909090909091,0.1503260135650634,정상 위험,deployment_demo_not_oof_validation,정상,0.0010158244,0.39670401548521894,0.6454545454545455,0.037678174674510956,정상 위험,5
2021-10-07,11,2021-10-07 17:21:19.000,2021-10-07 17:26:59.300,340.3,69,2.01463768115942,42.54391304347826,17.52710144927536,0,0.1054762269025714,1.81,0.1700000000000001,0.0,1.4657604103545234,40.01,2.440000000000005,0.0579710144927536,1.4622455549893467,15.2,2.610000000000003,0.0579710144927536,0.00017028887,-0.2064519834335979,0.0409090909090909,0.1503260135650634,정상 위험,deployment_demo_not_oof_validation,정상,0.00022461137,-0.219909306540535,0.06363636363636363,0.037678174674510956,정상 위험,5
2021-10-07,12,2021-10-07 17:27:26.900,2021-10-07 17:33:07.300,340.4,69,2.022608695652174,42.39217391304348,17.520289855072466,0,0.1542691705497154,1.81,0.1699999999999999,0.0579710144927536,1.2852212782300736,40.15,2.229999999999997,0.0289855072463768,1.2408488212112905,15.21,2.169999999999998,0.0144927536231884,0.0020145474,0.8095664036271822,0.7454545454545455,0.1503260135650634,정상 위험,deployment_demo_not_oof_validation,정상,0.0022880526,1.3881852545719626,0.8090909090909091,0.037678174674510956,정상 위험,5
2021-10-07,13,2021-10-07 17:33:33.000,2021-10-07 17:39:13.300,340.3,69,2.0159420289855072,42.369130434782605,17.531304347826087,0,0.1248330513429331,1.81,0.1700000000000001,0.0434782608695652,1.502968375788036,37.33,2.3399999999999963,0.0434782608695652,1.4971196983889925,15.05,2.43,0.1159420289855072,0.00018519218,-0.198241614836551,0.0818181818181818,0.1503260135650634,정상 위험,deployment_demo_not_oof_validation,정상,0.00032818137,-0.13919445586121582,0.3181818181818182,0.037678174674510956,정상 위험,5
2021-10-07,14,2021-10-07 17:39:41.000,2021-10-07 17:45:21.400,340.4,69,1.991304347826087,42.46101449275362,17.65550724637681,0,0.1214606332191417,1.81,0.2000000000000001,0.0289855072463768,1.244257568530606,40.13,2.039999999999999,0.0434782608695652,1.4536430262415994,15.19,2.75,0.072463768115942,0.00023506969,-0.1707636544763104,0.2454545454545454,0.1503260135650634,정상 위험,deployment_demo_not_oof_validation,정상,0.0001891216,-0.24756743385158775,0.01818181818181818,0.037678174674510956,정상 위험,5
2021-10-07,15,2021-10-07 17:45:48.300,2021-10-07 17:51:28.600,340.3,69,2.012608695652174,42.41144927536232,17.31536231884058,0,0.1217356365958272,1.81,0.1700000000000001,0.0434782608695652,1.3777937130686602,40.03,2.1499999999999986,0.0579710144927536,1.5934632830541164,10.61,2.34,0.0289855072463768,0.0012391879,0.3824139902484937,0.6863636363636364,0.1503260135650634,정상 위험,deployment_demo_not_oof_validation,정상,0.0029589057,1.9109988783089473,0.8545454545454545,0.037678174674510956,정상 위험,5
2021-10-07,16,2021-10-07 17:51:55.600,2021-10-07 17:57:35.900,340.3,69,2.00536231884058,42.26420289855073,17.005797101449275,0,0.1054204426841415,1.81,0.1500000000000001,0.0289855072463768,1.3269695747621406,40.04,2.1300000000000026,0.0144927536231884,1.8268426682934025,11.9,2.27,0.0434782608695652,0.0010228632,0.2632387922688151,0.6363636363636364,0.1503260135650634,정상 위험,deployment_demo_not_oof_validation,정상,0.0017878814,0.9983885383867784,0.7681818181818182,0.037678174674510956,정상 위험,5
2021-10-07,17,2021-10-07 17:58:02.300,2021-10-07 18:03:42.700,340.4,69,1.9856521739130435,42.60956521739131,17.751884057971015,0,0.1379095852667242,1.81,0.2000000000000001,0.0579710144927536,1.2115236333091055,40.23,1.7800000000000011,0.0,1.5041494326600418,15.07,2.8100000000000023,0.1014492753623188,0.0012213873,0.372607480871333,0.6863636363636364,0.1503260135650634,정상 위험,deployment_demo_not_oof_validation,정상,0.00077585,0.2096856253531244,0.6045454545454545,0.037678174674510956,정상 위험,5
2021-10-07,18,2021-10-07 18:04:08.000,2021-10-07 18:09:48.400,340.4,69,2.0073913043478258,42.66420289855073,17.37782608695652,0,0.1134570685055007,1.82,0.1500000000000001,0.0289855072463768,1.3420105699999063,40.02,1.8800000000000023,0.0869565217391304,1.4116092918505725,15.01,2.4899999999999984,0.0434782608695652,0.00036086052,-0.1014643685761471,0.3727272727272727,0.1503260135650634,정상 위험,deployment_demo_not_oof_validation,정상,0.00032305188,-0.14319200520524256,0.29545454545454547,0.037678174674510956,정상 위험,5
2021-10-07,19,2021-10-07 18:10:13.900,2021-10-07 18:15:54.300,340.4,69,2.0091304347826084,42.427536231884055,17.485942028985505,0,0.1128212945382155,1.81,0.1800000000000001,0.0434782608695652,1.4617056976224945,40.12,2.520000000000003,0.0434782608695652,1.5089724969627316,15.04,2.77,0.072463768115942,0.0002210696,-0.1784764295922881,0.2227272727272727,0.1503260135650634,정상 위험,deployment_demo_not_oof_validation,정상,0.0003503711,-0.12190141685359958,0.3409090909090909,0.037678174674510956,정상 위험,5
2021-10-07,20,2021-10-07 18:16:19.800,2021-10-07 18:22:00.100,340.3,69,2.0204347826086955,42.38782608695652,17.295507246376815,0,0.1356946700436714,1.82,0.2100000000000002,0.0869565217391304,1.8821654218457575,37.23,2.6099999999999994,0.0869565217391304,1.4036282148018733,15.04,2.210000000000001,0.0579710144927536,0.009116786,4.72225256461884,0.9,0.1503260135650634,정상 위험,deployment_demo_not_oof_validation,정상,0.017495846,13.240023054043618,0.9545454545454546,0.037678174674510956,정상 위험,5
2021-10-07,21,2021-10-07 18:22:27.200,2021-10-07 18:28:07.600,340.4,69,1.9815942028985505,42.76855072463768,17.427246376811595,0,0.1249779179131233,1.81,0.1799999999999999,0.0289855072463768,1.3396951753404016,40.24,2.1300000000000026,0.0579710144927536,1.210653547442541,15.08,1.7999999999999972,0.0434782608695652,0.00022957302,-0.1737918165284995,0.2409090909090909,0.1503260135650634,정상 위험,deployment_demo_not_oof_validation,정상,0.00040593042,-0.07860255565832681,0.39545454545454545,0.037678174674510956,정상 위험,5
2021-10-07,22,2021-10-07 18:28:33.100,2021-10-07 18:34:13.400,340.3,69,2.007536231884058,42.619565217391305,17.40304347826087,0,0.1146016861222516,1.82,0.1799999999999999,0.0144927536231884,1.4544368576497313,40.04,2.480000000000004,0.072463768115942,1.5011312443579756,13.24,2.43,0.072463768115942,0.00036694287,-0.0981135471863487,0.3863636363636363,0.1503260135650634,정상 위험,deployment_demo_not_oof_validation,정상,0.0005158832,0.0070865729940068345,0.5045454545454545,0.037678174674510956,정상 위험,5
2021-10-08,1,2021-10-08 16:20:35.000,2021-10-08 16:26:15.300,340.3,69,2.002028985507246,42.40623188405797,17.234927536231886,0,0.1319266698067855,1.81,0.2200000000000002,0.0869565217391304,1.1880979626985546,40.24,1.3800000000000026,0.072463768115942,1.4199892534684548,15.04,2.630000000000001,0.0289855072463768,0.0008955576,0.1931049916994065,0.5954545454545455,0.1503260135650634,정상 위험,deployment_demo_not_oof_validation,정상,0.0011743591,0.5202543465946479,0.6772727272727272,0.037678174674510956,정상 위험,5
2021-10-08,2,2021-10-08 16:26:42.400,2021-10-08 16:32:22.600,340.2,69,2.0091304347826084,42.286086956521736,17.333478260869565,0,0.1381254665196782,1.81,0.1999999999999999,0.1304347826086956,1.323951546775681,40.22,1.990000000000002,0.0,1.4316915397394918,15.02,2.400000000000002,0.0579710144927536,0.005928739,2.9659293489007057,0.8681818181818182,0.1503260135650634,정상 위험,deployment_demo_not_oof_validation,정상,0.005742697,4.080481481873996,0.9,0.037678174674510956,정상 위험,5
2021-10-08,3,2021-10-08 16:32:50.500,2021-10-08 16:38:30.800,340.3,69,2.008840579710145,41.70449275362319,17.353478260869565,0,0.1127404128163984,1.82,0.1999999999999999,0.0144927536231884,2.279568803544604,34.46,2.039999999999999,0.0434782608695652,1.4362602849546833,15.08,2.3200000000000003,0.072463768115942,0.0056333547,2.8031995014717626,0.8681818181818182,0.1503260135650634,정상 위험,deployment_demo_not_oof_validation,정상,0.0035334474,2.358754525723748,0.8772727272727273,0.037678174674510956,정상 위험,5
2021-10-08,4,2021-10-08 16:38:58.500,2021-10-08 16:44:38.800,340.3,69,2.029275362318841,42.29217391304348,17.43565217391304,0,0.1162947426936214,1.82,0.2199999999999999,0.0579710144927536,1.5713527981864186,37.66,2.5799999999999983,0.0579710144927536,1.3425179134097565,15.13,2.1499999999999986,0.0434782608695652,0.00022545697,-0.1760593866343636,0.2318181818181818,0.1503260135650634,정상 위험,deployment_demo_not_oof_validation,정상,0.00028142543,-0.1756326053282426,0.21363636363636362,0.037678174674510956,정상 위험,5
2021-10-08,5,2021-10-08 16:45:04.900,2021-10-08 16:50:45.200,340.3,69,2.0072463768115942,42.09913043478261,17.33405797101449,0,0.0998511253282932,1.82,0.1699999999999999,0.0144927536231884,1.606888424629153,34.89,2.3800000000000026,0.0,1.355927421752554,15.03,1.9499999999999995,0.072463768115942,0.0025061427,1.080390656538198,0.7772727272727272,0.1503260135650634,정상 위험,deployment_demo_not_oof_validation,정상,0.0012002691,0.5404466794382162,0.6818181818181818,0.037678174674510956,정상 위험,5
2021-10-08,6,2021-10-08 16:51:10.900,2021-10-08 16:56:51.300,340.4,69,2.006231884057971,42.38768115942029,17.202898550724637,0,0.1165320133908598,1.81,0.2099999999999999,0.0144927536231884,1.403611041446035,36.78,1.7999999999999972,0.0289855072463768,1.2256332114333623,15.06,1.93,0.0144927536231884,0.0005618867,0.0092827411113246,0.509090909090909,0.1503260135650634,정상 위험,deployment_demo_not_oof_validation,정상,0.00043465305,-0.0562182480762908,0.40454545454545454,0.037678174674510956,정상 위험,5
2021-10-08,7,2021-10-08 16:57:17.900,2021-10-08 17:02:58.300,340.4,69,1.9971014492753625,42.32782608695652,17.195797101449276,0,0.1290132397363947,1.81,0.2000000000000001,0.0579710144927536,1.9647173644701772,36.92,2.6499999999999986,0.0579710144927536,1.4441468128449744,15.06,2.5599999999999987,0.0289855072463768,0.00062594475,0.0445728926689803,0.5227272727272727,0.1503260135650634,정상 위험,deployment_demo_not_oof_validation,정상,0.002951044,1.9048720002212343,0.8545454545454545,0.037678174674510956,정상 위험,5
2021-10-08,8,2021-10-08 17:03:24.800,2021-10-08 17:09:05.100,340.3,69,2.003333333333333,42.348985507246375,17.502463768115945,0,0.1037200228367449,1.81,0.1800000000000001,0.0144927536231884,1.3444068722013307,40.07,2.3500000000000014,0.0289855072463768,1.5210565269662957,15.14,2.650000000000002,0.1014492753623188,0.00020345645,-0.1881796668171162,0.1590909090909091,0.1503260135650634,정상 위험,deployment_demo_not_oof_validation,정상,0.00034917868,-0.122830696018039,0.3409090909090909,0.037678174674510956,정상 위험,5
2021-10-08,9,2021-10-08 17:09:30.800,2021-10-08 17:15:11.100,340.3,69,2.004927536231884,42.49333333333333,17.51855072463768,0,0.1270551430586896,1.82,0.2299999999999999,0.0434782608695652,1.423153774778631,40.08,2.3299999999999983,0.0289855072463768,1.5172404084218152,13.09,2.330000000000002,0.072463768115942,0.00041439413,-0.0719722244567881,0.4318181818181818,0.1503260135650634,정상 위험,deployment_demo_not_oof_validation,정상,0.00046033727,-0.03620185476259853,0.45454545454545453,0.037678174674510956,정상 위험,5
2021-10-08,10,2021-10-08 17:15:38.100,2021-10-08 17:21:18.500,340.4,69,2.003913043478261,42.291014492753625,17.622318840579712,0,0.1206869722403466,1.81,0.1799999999999999,0.0144927536231884,1.593033680940362,36.07,2.280000000000001,0.0289855072463768,1.356776180041516,15.03,2.2600000000000016,0.0579710144927536,0.0002692968,-0.1519076281343598,0.2954545454545454,0.1503260135650634,정상 위험,deployment_demo_not_oof_validation,정상,0.00024603878,-0.20321036113947372,0.11818181818181818,0.037678174674510956,정상 위험,5
2021-10-08,11,2021-10-08 17:21:45.700,2021-10-08 17:27:26.000,340.3,69,2.024057971014493,42.43797101449275,17.310289855072465,0,0.1086185830783127,1.81,0.1499999999999999,0.0434782608695652,1.389454590107577,37.58,1.8699999999999972,0.0,1.5002607332359543,13.61,2.43,0.0144927536231884,0.0008755378,0.1820759234625403,0.5863636363636363,0.1503260135650634,정상 위험,deployment_demo_not_oof_validation,정상,0.0009343179,0.3331838346319931,0.6409090909090909,0.037678174674510956,정상 위험,5
2021-10-08,12,2021-10-08 17:27:51.600,2021-10-08 17:33:31.900,340.3,69,1.9827536231884055,42.14260869565218,17.23057971014493,0,0.1143766232025096,1.81,0.2000000000000001,0.0289855072463768,1.6794209893100178,36.82,2.719999999999999,0.0579710144927536,1.4065758213999606,13.26,2.16,0.0289855072463768,0.0007070441,0.0892512380542922,0.5454545454545454,0.1503260135650634,정상 위험,deployment_demo_not_oof_validation,정상,0.0008666728,0.2804662093611114,0.6090909090909091,0.037678174674510956,정상 위험,5
2021-10-08,13,2021-10-08 17:33:58.900,2021-10-08 17:39:39.300,340.4,69,2.022608695652174,42.52507246376812,17.40144927536232,0,0.1218080961029062,1.81,0.2000000000000001,0.0434782608695652,1.3950243759080572,40.04,2.18,0.0434782608695652,1.5428147265557872,13.64,2.43,0.0579710144927536,0.00026538508,-0.1540626346405575,0.2909090909090909,0.1503260135650634,정상 위험,deployment_demo_not_oof_validation,정상,0.00042826173,-0.06119917169610861,0.4,0.037678174674510956,정상 위험,5
2021-10-08,14,2021-10-08 17:40:05.500,2021-10-08 17:45:45.800,340.3,69,2.023043478260869,42.45855072463768,17.412898550724638,0,0.1127243429504299,1.81,0.2000000000000001,0.0144927536231884,1.4319559590688196,40.16,2.3400000000000034,0.0434782608695652,1.76016551816055,12.63,2.289999999999999,0.0434782608695652,0.00076581753,0.1216300480692907,0.55,0.1503260135650634,정상 위험,deployment_demo_not_oof_validation,정상,0.0013325296,0.6435207974467697,0.7,0.037678174674510956,정상 위험,5
2021-10-08,15,2021-10-08 17:46:13.100,2021-10-08 17:51:53.500,340.4,69,1.9879710144927532,42.95507246376812,17.332028985507247,0,0.1045660459758065,1.81,0.1700000000000001,0.0,1.7724274009760197,33.28,2.269999999999996,0.1014492753623188,1.6643816902718531,11.25,2.5500000000000007,0.1014492753623188,0.022125367,11.888795693382896,0.9454545454545454,0.1503260135650634,정상 위험,deployment_demo_not_oof_validation,정상,0.021858372,16.639855031452367,0.9681818181818181,0.037678174674510956,정상 위험,5
2021-10-08,16,2021-10-08 17:52:19.100,2021-10-08 17:57:59.400,340.3,69,2.012608695652174,42.40753623188406,17.596521739130434,0,0.10832484064029,1.81,0.1799999999999999,0.0289855072463768,1.4384247979659006,40.05,2.4200000000000017,0.0869565217391304,1.4448619169592936,15.2,2.5299999999999976,0.0579710144927536,0.00016086102,-0.211645870426053,0.0136363636363636,0.1503260135650634,정상 위험,deployment_demo_not_oof_validation,정상,0.00023506072,-0.21176584889090874,0.1,0.037678174674510956,정상 위험,5
2021-10-08,17,2021-10-08 17:58:27.400,2021-10-08 18:04:07.800,340.4,69,2.010144927536232,42.23376811594203,17.222608695652173,0,0.1234133746401426,1.81,0.2000000000000001,0.0869565217391304,1.3635627009993678,40.03,2.43,0.0289855072463768,1.595769823603415,13.82,2.7399999999999984,0.0289855072463768,0.0005168338,-0.0155373041369014,0.4909090909090909,0.1503260135650634,정상 위험,deployment_demo_not_oof_validation,정상,0.0018859106,1.0747853517038743,0.7863636363636364,0.037678174674510956,정상 위험,5
2021-10-08,18,2021-10-08 18:04:33.200,2021-10-08 18:10:13.600,340.4,69,2.011594202898551,42.743478260869566,17.656811594202896,0,0.1292697042484728,1.81,0.1799999999999999,0.0579710144927536,1.465448963615464,40.15,2.270000000000003,0.1014492753623188,1.5289889900284777,13.01,2.629999999999999,0.0869565217391304,0.00050083833,-0.0243493480620704,0.4727272727272727,0.1503260135650634,정상 위험,deployment_demo_not_oof_validation,정상,0.00060219364,0.0743505891805343,0.5681818181818182,0.037678174674510956,정상 위험,5
2021-10-08,19,2021-10-08 18:10:39.400,2021-10-08 18:16:19.800,340.4,69,1.9940579710144928,42.16608695652174,17.47478260869565,0,0.132613090922646,1.81,0.2299999999999999,0.0434782608695652,1.7481294350645582,35.4,2.539999999999999,0.0289855072463768,1.274340208402732,15.19,1.9700000000000024,0.0434782608695652,0.024535999,13.216834077530295,0.9454545454545454,0.1503260135650634,정상 위험,deployment_demo_not_oof_validation,정상,0.028018394,21.44052439551449,0.9818181818181818,0.037678174674510956,정상 위험,5
2021-10-08,20,2021-10-08 18:16:45.500,2021-10-08 18:22:25.900,340.4,69,2.01536231884058,42.4536231884058,17.670579710144928,0,0.1250127018269476,1.81,0.1499999999999999,0.072463768115942,1.4228812639215884,40.04,2.450000000000003,0.0289855072463768,1.3876173867227264,15.11,2.039999999999999,0.0579710144927536,0.00021557788,-0.1815018659394785,0.2,0.1503260135650634,정상 위험,deployment_demo_not_oof_validation,정상,0.00028568457,-0.172313342904539,0.2318181818181818,0.037678174674510956,정상 위험,5
2021-10-08,21,2021-10-08 18:22:52.900,2021-10-08 18:28:33.300,340.4,69,2.01695652173913,42.44463768115942,17.198695652173914,0,0.1243252890348787,1.82,0.1600000000000001,0.072463768115942,1.3733873748875174,40.12,2.2099999999999937,0.0434782608695652,1.398993244153345,13.08,2.0500000000000007,0.0,0.0007945347,0.1374505850226735,0.5545454545454546,0.1503260135650634,정상 위험,deployment_demo_not_oof_validation,정상,0.00076352945,0.20008386783584461,0.6045454545454545,0.037678174674510956,정상 위험,5
2021-10-08,22,2021-10-08 18:29:00.900,2021-10-08 18:34:41.200,340.3,69,1.9920289855072464,42.49391304347826,17.542898550724637,0,0.1093238538921767,1.81,0.1900000000000001,0.0144927536231884,1.4954570591818337,40.02,2.3100000000000023,0.0869565217391304,1.421510279544545,15.44,2.640000000000001,0.0434782608695652,0.0001631903,-0.2103626485965679,0.0181818181818181,0.1503260135650634,정상 위험,deployment_demo_not_oof_validation,정상,0.00025849565,-0.19350238668028208,0.15,0.037678174674510956,정상 위험,5
2021-10-12,1,2021-10-12 16:25:10.000,2021-10-12 16:30:50.300,340.3,69,2.002028985507246,42.64492753623188,17.345797101449275,0,0.1347610053362981,1.81,0.2300000000000002,0.072463768115942,1.2635880555321608,40.2,1.759999999999998,0.0434782608695652,1.351914117744238,15.1,2.0599999999999987,0.0144927536231884,0.0012984291,0.41505049162078,0.7045454545454546,0.1503260135650634,정상 위험,deployment_demo_not_oof_validation,정상,0.0010898022,0.45435692942244277,0.6636363636363637,0.037678174674510956,정상 위험,5
2021-10-12,2,2021-10-12 16:31:17.800,2021-10-12 16:36:58.200,340.4,69,1.997391304347826,42.58869565217391,17.371304347826086,0,0.1161724399572747,1.81,0.1800000000000001,0.072463768115942,1.3351271288262692,40.13,1.9400000000000048,0.072463768115942,1.4484331423213623,15.06,2.3199999999999967,0.0869565217391304,0.00051665306,-0.0156368725371476,0.4909090909090909,0.1503260135650634,정상 위험,deployment_demo_not_oof_validation,정상,0.00035610728,-0.11743105128683226,0.34545454545454546,0.037678174674510956,정상 위험,5
2021-10-12,3,2021-10-12 16:37:23.900,2021-10-12 16:43:04.300,340.4,69,2.0130434782608697,42.208260869565216,17.614057971014496,0,0.10529097424904,1.81,0.1600000000000001,0.0434782608695652,2.100397690999982,36.07,2.8200000000000003,0.0434782608695652,1.399169206057,15.07,2.7799999999999976,0.0289855072463768,0.0009978485,0.2494579484666268,0.6318181818181818,0.1503260135650634,정상 위험,deployment_demo_not_oof_validation,정상,0.001672684,0.9086121554992668,0.759090909090909,0.037678174674510956,정상 위험,5
2021-10-12,4,2021-10-12 16:43:32.100,2021-10-12 16:49:12.400,340.3,69,1.998985507246377,42.69434782608696,17.487826086956524,0,0.1300694941801613,1.82,0.2100000000000002,0.0434782608695652,1.654833809196978,37.49,2.890000000000001,0.1014492753623188,1.4551347921849405,12.18,1.9800000000000004,0.0144927536231884,0.0010930336,0.3018962797818494,0.6454545454545455,0.1503260135650634,정상 위험,deployment_demo_not_oof_validation,정상,0.0012880063,0.608822628010028,0.6954545454545454,0.037678174674510956,정상 위험,5
2021-10-12,5,2021-10-12 16:49:38.200,2021-10-12 16:55:18.600,340.4,69,2.014927536231884,42.305652173913046,17.635362318840578,0,0.141594109095701,1.81,0.1899999999999999,0.0869565217391304,1.3170985025703834,40.1,1.980000000000004,0.0434782608695652,1.3154808779773106,15.2,2.490000000000002,0.0289855072463768,0.0023368117,0.9871047177099368,0.7681818181818182,0.1503260135650634,정상 위험,deployment_demo_not_oof_validation,정상,0.002224516,1.3386694248142226,0.8045454545454546,0.037678174674510956,정상 위험,5
2021-10-12,6,2021-10-12 16:55:43.900,2021-10-12 17:01:24.200,340.3,69,1.9915942028985505,42.48101449275362,17.12782608695652,0,0.1193933586241147,1.81,0.1900000000000001,0.0579710144927536,1.320598287906722,40.17,2.289999999999999,0.0289855072463768,1.5010416672952565,13.83,2.3099999999999987,0.0579710144927536,0.00021673388,-0.1808650129833145,0.2136363636363636,0.1503260135650634,정상 위험,deployment_demo_not_oof_validation,정상,0.00045713244,-0.03869946120985576,0.45454545454545453,0.037678174674510956,정상 위험,5
2021-10-12,7,2021-10-12 17:01:50.500,2021-10-12 17:07:30.800,340.3,69,1.9918840579710144,42.04521739130435,17.560289855072465,0,0.1223696829322433,1.81,0.2100000000000002,0.0144927536231884,1.539793348143578,34.09,1.990000000000002,0.0,1.4851658364665312,11.47,1.93,0.0289855072463768,0.0072329147,3.684411333559949,0.8818181818181818,0.1503260135650634,정상 위험,deployment_demo_not_oof_validation,정상,0.0029910835,1.9360759656854862,0.8545454545454545,0.037678174674510956,정상 위험,5
2021-10-12,8,2021-10-12 17:07:57.200,2021-10-12 17:13:37.600,340.4,69,2.0007246376811594,42.42536231884058,17.377536231884058,0,0.1359208121597852,1.81,0.1700000000000001,0.0289855072463768,1.570316172463503,36.88,2.489999999999995,0.0434782608695652,1.3518270923600155,15.06,2.16,0.0434782608695652,0.0006816435,0.0752578213293238,0.5454545454545454,0.1503260135650634,정상 위험,deployment_demo_not_oof_validation,정상,0.00063602114,0.10071325765200441,0.5727272727272728,0.037678174674510956,정상 위험,5
2021-10-12,9,2021-10-12 17:14:03.600,2021-10-12 17:19:43.900,340.3,69,2.0121739130434784,42.48449275362319,17.073623188405797,0,0.1085718732564014,1.81,0.1700000000000001,0.0,1.4838934639814,40.11,2.720000000000006,0.0869565217391304,1.818538497719992,11.9,2.24,0.0434782608695652,0.0011791257,0.3493252142491311,0.6727272727272727,0.1503260135650634,정상 위험,deployment_demo_not_oof_validation,정상,0.0022354384,1.3471816591579646,0.8045454545454546,0.037678174674510956,정상 위험,5
2021-10-12,10,2021-10-12 17:20:09.100,2021-10-12 17:25:49.400,340.3,69,2.008260869565217,42.28159420289855,17.28521739130435,0,0.1030270741364379,1.81,0.1700000000000001,0.0289855072463768,1.4089646002195302,40.01,2.289999999999999,0.0289855072463768,1.8596011658857612,11.9,2.210000000000001,0.072463768115942,0.000887404,0.1886131260629222,0.5954545454545455,0.1503260135650634,정상 위험,deployment_demo_not_oof_validation,정상,0.0012948588,0.6141629155477725,0.6954545454545454,0.037678174674510956,정상 위험,5
2021-10-12,11,2021-10-12 17:26:16.600,2021-10-12 17:31:56.900,340.3,69,2.0015942028985507,42.46565217391304,17.461449275362316,0,0.123795647414764,1.81,0.1800000000000001,0.0289855072463768,1.4862155633579075,40.03,2.3500000000000014,0.1014492753623188,1.3226102482260989,15.15,2.2799999999999976,0.0,0.00024740078,-0.1639703478409636,0.2772727272727273,0.1503260135650634,정상 위험,deployment_demo_not_oof_validation,정상,0.00047035026,-0.02839845916936435,0.4636363636363636,0.037678174674510956,정상 위험,5
2021-10-12,12,2021-10-12 17:32:22.800,2021-10-12 17:38:03.200,340.4,69,1.9785507246376808,42.38,17.30695652173913,0,0.1212832775719094,1.81,0.2000000000000001,0.0579710144927536,1.412440524515676,36.94,1.8200000000000005,0.0579710144927536,1.5553147065199169,13.21,2.4700000000000024,0.0434782608695652,0.0010681262,0.2881745677445738,0.6409090909090909,0.1503260135650634,정상 위험,deployment_demo_not_oof_validation,정상,0.0013578837,0.6632799157717569,0.7,0.037678174674510956,정상 위험,5
2021-10-12,13,2021-10-12 17:38:31.100,2021-10-12 17:44:11.400,340.3,69,2.032608695652174,42.57304347826087,17.383333333333333,0,0.1498690818280393,1.81,0.2100000000000002,0.1014492753623188,1.4829246781354133,40.08,2.509999999999998,0.0869565217391304,1.4827128025689806,15.05,2.77,0.0434782608695652,0.0060925563,3.0561777620784296,0.8727272727272727,0.1503260135650634,정상 위험,deployment_demo_not_oof_validation,정상,0.015408823,11.613550489709038,0.95,0.037678174674510956,정상 위험,5
2021-10-12,14,2021-10-12 17:44:38.400,2021-10-12 17:50:18.700,340.3,69,2.0257971014492755,42.3968115942029,17.427101449275362,0,0.1209327206865508,1.81,0.1499999999999999,0.0579710144927536,1.5887967077908765,35.55,2.0500000000000043,0.0434782608695652,1.3129783178278702,15.02,2.0299999999999976,0.0579710144927536,0.0037915402,1.7885275325125398,0.8272727272727273,0.1503260135650634,정상 위험,deployment_demo_not_oof_validation,정상,0.0016920053,0.9236697849096153,0.7636363636363637,0.037678174674510956,정상 위험,5
2021-10-12,15,2021-10-12 17:50:44.300,2021-10-12 17:56:24.700,340.4,69,1.9937681159420289,42.42028985507246,17.737826086956524,0,0.1059009171942084,1.83,0.1700000000000001,0.0289855072463768,1.4974792260313885,40.03,2.3700000000000045,0.0869565217391304,1.2950004196742648,15.13,2.0700000000000003,0.0434782608695652,0.00019911572,-0.1905710159970383,0.1363636363636363,0.1503260135650634,정상 위험,deployment_demo_not_oof_validation,정상,0.00033079862,-0.13715476396451548,0.32272727272727275,0.037678174674510956,정상 위험,5
2021-10-12,16,2021-10-12 17:56:50.200,2021-10-12 18:02:30.500,340.3,69,2.022028985507246,42.49,17.415362318840582,0,0.1339949484357847,1.81,0.2099999999999999,0.0434782608695652,1.300498773095742,40.27,2.019999999999996,0.0289855072463768,1.463418218248094,15.06,2.5700000000000003,0.0579710144927536,0.00066983834,0.0687542571353375,0.5363636363636364,0.1503260135650634,정상 위험,deployment_demo_not_oof_validation,정상,0.00037754074,-0.10072738815698222,0.35909090909090907,0.037678174674510956,정상 위험,5
2021-10-12,17,2021-10-12 18:02:56.500,2021-10-12 18:08:36.900,340.4,69,2.014057971014493,42.32898550724637,17.452608695652174,0,0.1062781982039107,1.81,0.1599999999999999,0.072463768115942,1.2605264363930235,40.21,1.7800000000000011,0.0289855072463768,1.640444391167073,12.22,2.8200000000000003,0.072463768115942,0.002992853,1.348523708669098,0.8,0.1503260135650634,정상 위험,deployment_demo_not_oof_validation,정상,0.0018109202,1.0163433069011805,0.7818181818181819,0.037678174674510956,정상 위험,5
2021-10-12,18,2021-10-12 18:09:04.600,2021-10-12 18:14:44.900,340.3,69,2.0079710144927536,42.39086956521739,17.467391304347824,0,0.1058103146054147,1.81,0.1700000000000001,0.0434782608695652,1.5185255417581445,40.14,2.9399999999999977,0.0869565217391304,1.295226135347793,15.03,1.8500000000000012,0.0579710144927536,0.00029935737,-0.1353469981395981,0.3363636363636363,0.1503260135650634,정상 위험,deployment_demo_not_oof_validation,정상,0.00051728013,0.008175234274785032,0.509090909090909,0.037678174674510956,정상 위험,5
2021-10-12,19,2021-10-12 18:15:12.800,2021-10-12 18:20:53.100,340.3,69,2.0628985507246376,42.39420289855072,17.399855072463765,0,0.13707127224309,1.81,0.1700000000000001,0.0869565217391304,1.3873709858377516,40.03,2.260000000000005,0.0289855072463768,1.7213541973704232,10.59,2.889999999999999,0.1014492753623188,0.008382165,4.317543477930874,0.8954545454545455,0.1503260135650634,정상 위험,deployment_demo_not_oof_validation,정상,0.012630366,9.44822474956019,0.9454545454545454,0.037678174674510956,정상 위험,5
2021-10-12,20,2021-10-12 18:21:20.800,2021-10-12 18:27:01.100,340.3,69,2.016086956521739,42.221449275362325,17.2968115942029,0,0.1240163342100351,1.81,0.1800000000000001,0.072463768115942,1.8270285062993272,37.58,2.5700000000000003,0.072463768115942,1.7205928293961592,13.61,2.650000000000002,0.0289855072463768,0.01277343,6.736730443340207,0.9227272727272728,0.1503260135650634,정상 위험,deployment_demo_not_oof_validation,정상,0.032983568,25.310015709299723,0.9818181818181818,0.037678174674510956,정상 위험,5
2021-10-12,21,2021-10-12 18:27:26.200,2021-10-12 18:33:06.600,340.4,69,1.9994202898550728,42.03811594202899,17.561159420289854,0,0.1361215293726098,1.81,0.2200000000000002,0.1014492753623188,1.935936675072088,36.92,2.729999999999997,0.0434782608695652,1.4748315319862249,15.07,2.450000000000003,0.0434782608695652,0.03475312,18.845537781015025,0.9636363636363636,0.1503260135650634,정상 위험,deployment_demo_not_oof_validation,정상,0.055012055,42.47740109529672,0.990909090909091,0.037678174674510956,불량 위험,5
2021-10-12,22,2021-10-12 18:33:31.800,2021-10-12 18:39:12.100,340.3,69,1.9837681159420288,42.45710144927536,17.528550724637682,0,0.1204660246131829,1.81,0.2299999999999999,0.0289855072463768,1.6983193261793668,36.34,2.3299999999999983,0.072463768115942,1.6029047854023155,12.8,2.7399999999999984,0.0434782608695652,0.001618029,0.5911209013268295,0.7272727272727273,0.1503260135650634,정상 위험,deployment_demo_not_oof_validation,정상,0.0017554564,0.9731189313854376,0.7681818181818182,0.037678174674510956,정상 위험,5
2021-10-13,1,2021-10-13 16:24:33.000,2021-10-13 16:30:13.300,340.3,69,2.0034782608695654,42.1268115942029,17.498695652173915,0,0.1229637211796337,1.81,0.1499999999999999,0.0434782608695652,1.4885805445156997,36.65,2.3299999999999983,0.0144927536231884,1.316087017777765,15.23,2.140000000000001,0.0289855072463768,0.00020882016,-0.1852247540783771,0.1818181818181818,0.1503260135650634,정상 위험,deployment_demo_not_oof_validation,정상,0.00039525874,-0.15576523301699913,0.21818181818181817,0.1887761950492859,정상 위험,6
2021-10-13,2,2021-10-13 16:30:40.600,2021-10-13 16:36:20.900,340.3,69,2.002608695652174,42.54246376811594,17.345072463768116,0,0.1069311512130316,1.82,0.1799999999999999,0.0289855072463768,1.4087044588359958,40.14,2.1000000000000014,0.0869565217391304,1.975451268763676,11.57,2.2600000000000016,0.072463768115942,0.0011954511,0.3583190145970361,0.6772727272727272,0.1503260135650634,정상 위험,deployment_demo_not_oof_validation,정상,0.0020016942,0.6347959676806283,0.7045454545454546,0.1887761950492859,정상 위험,6
2021-10-13,3,2021-10-13 16:36:48.000,2021-10-13 16:42:28.300,340.3,69,2.008695652173913,42.377101449275365,17.648115942028987,0,0.1425906630418021,1.81,0.2100000000000002,0.1014492753623188,1.4520230323984238,40.06,2.5899999999999963,0.0289855072463768,1.4823007507828925,15.24,2.7300000000000004,0.072463768115942,0.0038835725,1.8392289804683637,0.8318181818181818,0.1503260135650634,정상 위험,deployment_demo_not_oof_validation,정상,0.0044510537,1.8401781220788462,0.8181818181818182,0.1887761950492859,정상 위험,6
2021-10-13,4,2021-10-13 16:42:55.300,2021-10-13 16:48:35.600,340.3,69,2.010869565217391,42.37913043478261,17.851739130434783,0,0.1207176960861065,1.82,0.2000000000000001,0.0434782608695652,1.268005310726532,40.04,1.6400000000000006,0.0579710144927536,1.4341239963227186,15.05,2.59,0.072463768115942,0.00037887352,-0.0915408462867486,0.3954545454545454,0.1503260135650634,정상 위험,deployment_demo_not_oof_validation,정상,0.00039364217,-0.1565607827708286,0.21818181818181817,0.1887761950492859,정상 위험,6
2021-10-13,5,2021-10-13 16:49:02.600,2021-10-13 16:54:42.900,340.3,69,1.9944927536231885,42.64405797101449,17.661884057971015,0,0.1127664978393543,1.81,0.2000000000000001,0.0144927536231884,1.440342400918635,40.17,2.3299999999999983,0.0869565217391304,1.460020422260793,15.19,2.4499999999999997,0.0289855072463768,0.00017850858,-0.2019236735179252,0.059090909090909,0.1503260135650634,정상 위험,deployment_demo_not_oof_validation,정상,0.00039587246,-0.15546321199514293,0.21818181818181817,0.1887761950492859,정상 위험,6
2021-10-13,6,2021-10-13 16:55:08.200,2021-10-13 17:00:48.600,340.4,69,1.9943478260869565,42.81565217391304,17.256376811594205,0,0.1089991670349927,1.81,0.1800000000000001,0.0579710144927536,1.3483971729655106,40.23,2.0600000000000023,0.0144927536231884,2.0070551818482225,11.57,2.4800000000000004,0.072463768115942,0.0011429508,0.3293961419834324,0.65,0.1503260135650634,정상 위험,deployment_demo_not_oof_validation,정상,0.0009238973,0.10438910399330922,0.5636363636363636,0.1887761950492859,정상 위험,6
2021-10-13,7,2021-10-13 17:01:15.700,2021-10-13 17:06:56.000,340.3,69,2.005652173913043,42.55420289855072,17.416086956521738,0,0.1210794374740324,1.82,0.1600000000000001,0.0289855072463768,1.343300813620623,40.07,2.140000000000001,0.072463768115942,1.4729384570340056,15.05,2.4899999999999984,0.0579710144927536,0.00017148518,-0.205792923998474,0.0454545454545454,0.1503260135650634,정상 위험,deployment_demo_not_oof_validation,정상,0.0003391178,-0.18339338908037173,0.11818181818181818,0.1887761950492859,정상 위험,6
2021-10-13,8,2021-10-13 17:07:22.800,2021-10-13 17:13:03.100,340.3,69,1.989710144927536,42.348985507246375,17.49405797101449,0,0.1215218573234116,1.81,0.2099999999999999,0.0434782608695652,1.4187216127530986,40.1,2.5700000000000003,0.0144927536231884,1.384430567630584,15.23,2.390000000000001,0.0289855072463768,0.00019152826,-0.1947510128809964,0.1181818181818181,0.1503260135650634,정상 위험,deployment_demo_not_oof_validation,정상,0.0002906825,-0.2072294318117989,0.045454545454545456,0.1887761950492859,정상 위험,6
2021-10-13,9,2021-10-13 17:13:28.200,2021-10-13 17:19:08.500,340.3,69,2.0010144927536238,42.72086956521739,17.29231884057971,0,0.1336385041328706,1.81,0.24,0.0289855072463768,1.4165655848798482,40.04,2.279999999999994,0.0869565217391304,1.768544719891883,11.05,2.41,0.0289855072463768,0.005473076,2.7149005125091,0.8681818181818182,0.1503260135650634,정상 위험,deployment_demo_not_oof_validation,정상,0.022868505,10.903799340166351,0.9363636363636364,0.1887761950492859,정상 위험,6
2021-10-13,10,2021-10-13 17:19:33.600,2021-10-13 17:25:14.000,340.4,69,2.0227536231884056,42.51057971014493,17.199565217391303,0,0.1136413871632396,1.81,0.1899999999999999,0.0289855072463768,1.4847468432045228,36.86,2.1099999999999994,0.0579710144927536,1.2755015562314496,13.29,1.66,0.0289855072463768,0.00042042186,-0.068651498056887,0.4409090909090909,0.1503260135650634,정상 위험,deployment_demo_not_oof_validation,정상,0.0007817783,0.03444930234586955,0.5318181818181819,0.1887761950492859,정상 위험,6
2021-10-13,11,2021-10-13 17:25:41.200,2021-10-13 17:31:21.500,340.3,69,2.008550724637681,42.73550724637681,17.513333333333335,0,0.1171760284950763,1.84,0.1700000000000001,0.0434782608695652,1.3541847300257648,40.09,2.25,0.0289855072463768,1.2138158919736728,15.12,1.6900000000000013,0.0144927536231884,0.000243376,-0.1661876367063813,0.2636363636363636,0.1503260135650634,정상 위험,deployment_demo_not_oof_validation,정상,0.00036915173,-0.16861305002442847,0.14545454545454545,0.1887761950492859,정상 위험,6
2021-10-13,12,2021-10-13 17:31:46.700,2021-10-13 17:37:27.000,340.3,69,1.995217391304348,42.205652173913045,17.419420289855072,0,0.1270781220543463,1.81,0.1900000000000001,0.0289855072463768,1.5306058760589178,37.89,2.1700000000000017,0.0579710144927536,1.363698349491484,15.02,2.129999999999999,0.0579710144927536,0.00020169032,-0.1891526473002948,0.1454545454545454,0.1503260135650634,정상 위험,deployment_demo_not_oof_validation,정상,0.00043696893,-0.13523876033268045,0.2590909090909091,0.1887761950492859,정상 위험,6
2021-10-13,13,2021-10-13 17:37:54.400,2021-10-13 17:43:34.800,340.4,69,1.995217391304348,42.58478260869565,17.761304347826087,0,0.1074108206791894,1.81,0.1799999999999999,0.0,1.5733923715930531,36.95,2.469999999999999,0.072463768115942,1.2889643734449103,15.09,1.91,0.0579710144927536,0.00021592223,-0.1813121568715698,0.209090909090909,0.1503260135650634,정상 위험,deployment_demo_not_oof_validation,정상,0.0004587583,-0.12451574650519287,0.2636363636363636,0.1887761950492859,정상 위험,6
2021-10-13,14,2021-10-13 17:44:00.300,2021-10-13 17:49:40.700,340.4,69,2.00463768115942,42.517681159420285,17.50623188405797,0,0.117555740347554,1.81,0.1900000000000001,0.0144927536231884,1.396516827606052,40.05,2.0500000000000043,0.0579710144927536,1.7021552958885386,10.71,2.669999999999998,0.072463768115942,0.0012163833,0.369850734902778,0.6863636363636364,0.1503260135650634,정상 위험,deployment_demo_not_oof_validation,정상,0.001754692,0.5132409495661524,0.6863636363636364,0.1887761950492859,정상 위험,6
2021-10-13,15,2021-10-13 17:50:06.600,2021-10-13 17:55:47.000,340.4,69,2.0137681159420286,42.28855072463768,17.537826086956525,0,0.1200992414296874,1.81,0.1699999999999999,0.0434782608695652,1.4701793361618876,37.98,2.4200000000000017,0.0434782608695652,1.4624544935758006,15.1,2.6000000000000014,0.072463768115942,0.00016321769,-0.2103475610177222,0.0227272727272727,0.1503260135650634,정상 위험,deployment_demo_not_oof_validation,정상,0.00026347686,-0.220617913283308,0.02727272727272727,0.1887761950492859,정상 위험,6
2021-10-13,16,2021-10-13 17:56:14.700,2021-10-13 18:01:55.000,340.3,69,2.0071014492753623,42.22159420289855,17.13072463768116,0,0.1083580862271472,1.81,0.1599999999999999,0.0434782608695652,1.8291090913888088,37.5,2.469999999999999,0.0579710144927536,1.6947360707588417,12.87,2.3999999999999986,0.0289855072463768,0.0039704647,1.8870986454003744,0.8363636363636363,0.1503260135650634,정상 위험,deployment_demo_not_oof_validation,정상,0.0074668853,3.3243332849598883,0.8590909090909091,0.1887761950492859,정상 위험,6
2021-10-13,17,2021-10-13 18:02:21.500,2021-10-13 18:08:01.800,340.3,69,2.010289855072464,42.73536231884058,17.726086956521737,0,0.1140042699728282,1.81,0.1699999999999999,0.0,1.2743667166711663,40.17,1.9799999999999969,0.0434782608695652,1.338440947071612,15.04,2.289999999999999,0.0434782608695652,0.00044928267,-0.0527518194571893,0.4681818181818182,0.1503260135650634,정상 위험,deployment_demo_not_oof_validation,정상,0.0005475615,-0.08081379017931319,0.39090909090909093,0.1887761950492859,정상 위험,6
2021-10-13,18,2021-10-13 18:08:28.700,2021-10-13 18:14:09.000,340.3,69,2.008840579710145,42.81666666666666,17.48710144927536,0,0.135370257310699,1.81,0.2200000000000002,0.0579710144927536,1.2795100931338417,40.42,2.020000000000003,0.0869565217391304,1.5772939424004528,12.46,2.669999999999998,0.0434782608695652,0.007964956,4.087699205594481,0.8909090909090909,0.1503260135650634,정상 위험,deployment_demo_not_oof_validation,정상,0.017789619,8.404371158112442,0.9227272727272727,0.1887761950492859,정상 위험,6
2021-10-13,19,2021-10-13 18:14:34.400,2021-10-13 18:20:14.700,340.3,69,1.994927536231884,42.44449275362319,17.229710144927534,0,0.104440007947228,1.82,0.1599999999999999,0.0144927536231884,1.4295778235630223,40.01,2.280000000000001,0.0434782608695652,1.2427649096393336,15.13,1.9600000000000009,0.0289855072463768,0.00020882016,-0.1852247540783771,0.1818181818181818,0.1503260135650634,정상 위험,deployment_demo_not_oof_validation,정상,0.00034124218,-0.18234793830746193,0.12272727272727273,0.1887761950492859,정상 위험,6
2021-10-13,20,2021-10-13 18:20:41.700,2021-10-13 18:26:22.100,340.4,69,2.030289855072464,42.369565217391305,17.590579710144926,0,0.1380107733912013,1.81,0.2500000000000002,0.0579710144927536,1.4689406294639775,40.05,2.3599999999999994,0.0289855072463768,1.3784079521402377,15.21,2.4099999999999966,0.0434782608695652,0.00035022167,-0.1073254039341487,0.3545454545454545,0.1503260135650634,정상 위험,deployment_demo_not_oof_validation,정상,0.00044144856,-0.13303423746726176,0.2590909090909091,0.1887761950492859,정상 위험,6
2021-10-13,21,2021-10-13 18:26:48.600,2021-10-13 18:32:28.900,340.3,69,1.9681159420289855,42.66318840579711,17.512608695652172,0,0.1190683857176553,1.81,0.2199999999999999,0.0144927536231884,1.575080289973688,40.01,2.729999999999997,0.0869565217391304,1.5061253874974851,15.07,2.509999999999998,0.0869565217391304,0.00025269674,-0.1610527532103684,0.2818181818181818,0.1503260135650634,정상 위험,deployment_demo_not_oof_validation,정상,0.00049441395,-0.10696883645277004,0.31363636363636366,0.1887761950492859,정상 위험,6
2021-10-13,22,2021-10-13 18:32:54.300,2021-10-13 18:38:34.600,340.3,69,2.034202898550725,42.73507246376811,17.41202898550725,0,0.1273878491423805,1.81,0.1800000000000001,0.072463768115942,1.2704510815273975,40.01,1.7899999999999991,0.0289855072463768,1.390994755889536,15.02,2.4200000000000017,0.0434782608695652,0.00044733973,-0.053822203810174,0.4636363636363636,0.1503260135650634,정상 위험,deployment_demo_not_oof_validation,정상,0.00044165502,-0.1329326328232134,0.2590909090909091,0.1887761950492859,정상 위험,6
2021-10-14,1,2021-10-14 16:20:40.000,2021-10-14 16:26:20.300,340.3,69,2.028260869565217,42.14217391304348,17.567246376811596,0,0.1250759360141709,1.82,0.2100000000000002,0.072463768115942,1.876691291769528,33.89,2.530000000000001,0.0144927536231884,1.4441554463116777,15.1,2.4800000000000004,0.0579710144927536,0.026905704,14.522325943002436,0.95,0.1503260135650634,정상 위험,deployment_demo_not_oof_validation,정상,0.011540317,5.328956074263528,0.8909090909090909,0.1887761950492859,정상 위험,6
2021-10-14,2,2021-10-14 16:26:45.400,2021-10-14 16:32:25.700,340.3,69,1.998695652173913,42.56391304347826,17.700579710144925,0,0.120744175885341,1.82,0.2300000000000002,0.0579710144927536,1.4531327389585742,40.11,2.4399999999999977,0.0579710144927536,1.3767778709918517,15.03,2.330000000000002,0.0289855072463768,0.0002229684,-0.1774303601312476,0.2272727272727272,0.1503260135650634,정상 위험,deployment_demo_not_oof_validation,정상,0.00029269088,-0.2062410709897175,0.045454545454545456,0.1887761950492859,정상 위험,6
2021-10-14,3,2021-10-14 16:32:53.200,2021-10-14 16:38:33.600,340.4,69,2.004492753623188,42.676811594202896,17.44623188405797,0,0.1213228099387073,1.81,0.2299999999999999,0.0434782608695652,1.2809641276531456,40.25,2.219999999999999,0.0434782608695652,1.3447119759934547,15.17,2.289999999999999,0.0434782608695652,0.00019942885,-0.190398510937739,0.1409090909090909,0.1503260135650634,정상 위험,deployment_demo_not_oof_validation,정상,0.00037290563,-0.16676567593318375,0.15454545454545454,0.1887761950492859,정상 위험,6
2021-10-14,4,2021-10-14 16:38:59.600,2021-10-14 16:44:39.900,340.3,69,2.033913043478261,42.32014492753624,17.456376811594204,0,0.1186346020263648,1.81,0.1600000000000001,0.0434782608695652,1.4030214169192812,40.18,2.43,0.0289855072463768,1.4323016965858228,15.09,2.2099999999999973,0.0579710144927536,0.00019117046,-0.1949481294530779,0.1136363636363636,0.1503260135650634,정상 위험,deployment_demo_not_oof_validation,정상,0.0003261605,-0.18976996133534382,0.09090909090909091,0.1887761950492859,정상 위험,6
2021-10-14,5,2021-10-14 16:45:07.400,2021-10-14 16:50:47.600,340.2,69,1.996086956521739,42.45202898550725,17.481884057971016,0,0.1209912173684805,1.81,0.2000000000000001,0.0289855072463768,1.413419486991144,40.03,2.259999999999998,0.0434782608695652,1.6685580912892488,11.12,2.6099999999999994,0.0434782608695652,0.0009204654,0.2068269282065056,0.6136363636363636,0.1503260135650634,정상 위험,deployment_demo_not_oof_validation,정상,0.0012650809,0.27229282641744235,0.6409090909090909,0.1887761950492859,정상 위험,6
2021-10-14,6,2021-10-14 16:51:15.000,2021-10-14 16:56:55.400,340.4,69,1.9965217391304344,42.34101449275363,17.436521739130438,0,0.1127833175888292,1.81,0.1800000000000001,0.0144927536231884,1.5611441363604943,35.73,2.3500000000000014,0.0289855072463768,1.5063608524861545,13.06,2.27,0.072463768115942,0.0029546828,1.3274953756109873,0.7954545454545454,0.1503260135650634,정상 위험,deployment_demo_not_oof_validation,정상,0.00080485217,0.045804444868744014,0.5318181818181819,0.1887761950492859,정상 위험,6
2021-10-14,7,2021-10-14 16:57:21.600,2021-10-14 17:03:01.900,340.3,69,2.006231884057971,42.25768115942029,17.67869565217391,0,0.1348866784648524,1.81,0.2000000000000001,0.072463768115942,1.7126820598179235,34.56,2.460000000000001,0.0144927536231884,1.2796448416322836,15.02,1.93,0.072463768115942,0.09025171,49.42020147681824,0.9772727272727272,0.1503260135650634,정상 위험,deployment_demo_not_oof_validation,정상,0.036902633,17.810293523663915,0.9636363636363636,0.1887761950492859,정상 위험,6
2021-10-14,8,2021-10-14 17:03:29.500,2021-10-14 17:09:09.800,340.3,69,1.990289855072464,42.58086956521739,17.212463768115942,0,0.1289775517916011,1.81,0.1900000000000001,0.072463768115942,1.4773363740693377,40.03,2.219999999999999,0.0869565217391304,1.4291394014633438,15.05,2.2799999999999976,0.0289855072463768,0.00023585455,-0.1703312694789451,0.25,0.1503260135650634,정상 위험,deployment_demo_not_oof_validation,정상,0.0006855583,-0.012902615339559186,0.4909090909090909,0.1887761950492859,정상 위험,6
2021-10-14,9,2021-10-14 17:09:37.600,2021-10-14 17:15:17.900,340.3,69,2.0042028985507243,42.551884057971016,17.534347826086954,0,0.102130334796242,1.82,0.1499999999999999,0.0,1.3559707564111083,40.43,2.3299999999999983,0.0869565217391304,1.6649107715543954,10.44,2.5100000000000016,0.0869565217391304,0.0009074127,0.1996360694803208,0.6,0.1503260135650634,정상 위험,deployment_demo_not_oof_validation,정상,0.0018305855,0.550589751115636,0.6909090909090909,0.1887761950492859,정상 위험,6
2021-10-14,10,2021-10-14 17:15:45.200,2021-10-14 17:21:25.500,340.3,69,2.02,42.27536231884058,17.413768115942027,0,0.121255685130515,1.82,0.2000000000000001,0.0144927536231884,1.641809062938649,36.26,2.5899999999999963,0.0144927536231884,1.4084024130921358,15.02,2.379999999999999,0.0144927536231884,0.00044547077,-0.0548518308566488,0.4590909090909091,0.1503260135650634,정상 위험,deployment_demo_not_oof_validation,정상,0.00039416883,-0.15630160069601903,0.21818181818181817,0.1887761950492859,정상 위험,6
2021-10-14,11,2021-10-14 17:21:52.600,2021-10-14 17:27:33.000,340.4,69,1.996086956521739,42.599710144927535,17.66521739130435,0,0.1165587126895124,1.81,0.2099999999999999,0.0144927536231884,1.4736838305401765,40.08,2.539999999999999,0.0579710144927536,1.258280349262498,15.18,2.0700000000000003,0.0144927536231884,0.00027838108,-0.1469030253205047,0.3136363636363636,0.1503260135650634,정상 위험,deployment_demo_not_oof_validation,정상,0.0003463716,-0.17982363437527304,0.1409090909090909,0.1887761950492859,정상 위험,6
2021-10-14,12,2021-10-14 17:28:00.900,2021-10-14 17:33:41.300,340.4,69,1.974927536231884,42.63884057971014,17.458550724637682,0,0.1173183600846782,1.81,0.2099999999999997,0.0289855072463768,1.3727018615424147,40.07,1.8500000000000012,0.0579710144927536,1.4423462048326174,15.07,2.5,0.0579710144927536,0.00035419315,-0.1051374805317021,0.3681818181818181,0.1503260135650634,정상 위험,deployment_demo_not_oof_validation,정상,0.00039364217,-0.1565607827708286,0.21818181818181817,0.1887761950492859,정상 위험,6
2021-10-14,13,2021-10-14 17:34:07.400,2021-10-14 17:39:47.600,340.2,69,2.030869565217391,42.15086956521739,17.687826086956523,0,0.1246375820297391,1.81,0.1900000000000001,0.072463768115942,1.2328812966219016,40.03,1.8499999999999943,0.0289855072463768,1.4028320824897056,12.29,1.9599999999999973,0.0579710144927536,0.0014807393,0.515486820472775,0.7181818181818181,0.1503260135650634,정상 위험,deployment_demo_not_oof_validation,정상,0.0011194512,0.20062537343314196,0.6181818181818182,0.1887761950492859,정상 위험,6
2021-10-14,14,2021-10-14 17:40:15.100,2021-10-14 17:45:55.400,340.3,69,2.00536231884058,42.25478260869565,17.501304347826085,0,0.125212521810214,1.81,0.1999999999999999,0.0289855072463768,1.501265748994781,35.58,2.199999999999996,0.0,1.4002173287654085,15.08,2.1099999999999994,0.0579710144927536,0.0014292444,0.4871178111149047,0.7136363636363636,0.1503260135650634,정상 위험,deployment_demo_not_oof_validation,정상,0.0017508166,0.5113337499042577,0.6863636363636364,0.1887761950492859,정상 위험,6
2021-10-14,15,2021-10-14 17:46:21.000,2021-10-14 17:52:01.400,340.4,69,2.003188405797101,42.04202898550725,17.344057971014493,0,0.1179542876763904,1.81,0.2000000000000001,0.0,1.3793450915200396,40.09,2.200000000000003,0.072463768115942,1.550368380171951,15.02,2.6900000000000013,0.0434782608695652,0.00029397706,-0.1383110580236415,0.3318181818181818,0.1503260135650634,정상 위험,deployment_demo_not_oof_validation,정상,0.00053308933,-0.08793585464216762,0.35909090909090907,0.1887761950492859,정상 위험,6
2021-10-14,16,2021-10-14 17:52:27.500,2021-10-14 17:58:07.900,340.4,69,2.0055072463768115,42.48420289855072,17.440434782608698,0,0.1408538691222851,1.81,0.1999999999999999,0.072463768115942,1.8451210750940383,37.63,2.660000000000004,0.0579710144927536,1.4024783051510772,15.02,2.43,0.0289855072463768,0.015591748,8.28936691937947,0.9409090909090908,0.1503260135650634,정상 위험,deployment_demo_not_oof_validation,정상,0.01332291,6.20620833664887,0.9136363636363637,0.1887761950492859,정상 위험,6
2021-10-14,17,2021-10-14 17:58:34.700,2021-10-14 18:04:15.000,340.3,69,2.0281159420289856,42.4495652173913,17.099420289855075,0,0.1440718301477226,1.82,0.2300000000000002,0.1014492753623188,1.422640910815277,40.08,2.4200000000000017,0.0289855072463768,1.912509810861396,11.85,2.619999999999999,0.0579710144927536,0.09515973,52.12407620797003,0.9818181818181818,0.1503260135650634,정상 위험,deployment_demo_not_oof_validation,정상,0.049690217,24.103336964558324,0.9636363636363636,0.1887761950492859,정상 위험,6
2021-10-14,18,2021-10-14 18:04:40.400,2021-10-14 18:10:20.700,340.3,69,2.0069565217391303,42.01579710144928,17.280434782608694,0,0.1120439035250716,1.81,0.1799999999999999,0.0289855072463768,1.5677816904196211,36.99,2.510000000000005,0.0434782608695652,1.3389695717478034,15.06,2.039999999999999,0.0434782608695652,0.00021908205,-0.1795713853741579,0.2227272727272727,0.1503260135650634,정상 위험,deployment_demo_not_oof_validation,정상,0.00039597115,-0.15541464400134986,0.21818181818181817,0.1887761950492859,정상 위험,6
2021-10-14,19,2021-10-14 18:10:46.400,2021-10-14 18:16:26.700,340.3,69,2.0069565217391303,42.52942028985507,17.395217391304346,0,0.0997394303382287,1.82,0.1699999999999999,0.0144927536231884,1.40603309731981,40.05,2.210000000000001,0.0434782608695652,1.2894146057709477,15.13,2.0,0.0579710144927536,0.00018868138,-0.1963193835372412,0.0909090909090909,0.1503260135650634,정상 위험,deployment_demo_not_oof_validation,정상,0.00037290563,-0.16676567593318375,0.15454545454545454,0.1887761950492859,정상 위험,6
2021-10-14,20,2021-10-14 18:16:54.100,2021-10-14 18:22:34.400,340.3,69,2.017971014492754,42.312318840579714,17.35782608695652,0,0.1139088865787157,1.81,0.1899999999999999,0.0144927536231884,1.5610593546084015,36.57,2.210000000000001,0.0144927536231884,1.3858930753735248,15.03,2.169999999999998,0.0144927536231884,0.00035299745,-0.1057962032620908,0.359090909090909,0.1503260135650634,정상 위험,deployment_demo_not_oof_validation,정상,0.00047412995,-0.11695102724547364,0.2863636363636364,0.1887761950492859,정상 위험,6
2021-10-14,21,2021-10-14 18:23:02.400,2021-10-14 18:28:42.700,340.3,69,2.003913043478261,42.32971014492754,17.24101449275362,0,0.1185726060926427,1.81,0.1800000000000001,0.072463768115942,1.6505979050514608,35.53,2.390000000000001,0.0434782608695652,1.391364274338147,13.49,2.049999999999997,0.0,0.029754795,16.091915406254245,0.9590909090909092,0.1503260135650634,정상 위험,deployment_demo_not_oof_validation,정상,0.0069795917,3.0845257004374624,0.8545454545454545,0.1887761950492859,정상 위험,6
2021-10-14,22,2021-10-14 18:29:08.100,2021-10-14 18:34:48.400,340.3,69,2.023043478260869,42.35550724637682,17.5236231884058,0,0.1319013038760208,1.81,0.1599999999999999,0.0434782608695652,1.361107395416865,40.01,2.25,0.0289855072463768,1.483992994884462,15.11,2.349999999999998,0.0579710144927536,0.00018960566,-0.1958101897763687,0.0954545454545454,0.1503260135650634,정상 위험,deployment_demo_not_oof_validation,정상,0.0004295748,-0.13887756437369078,0.25,0.1887761950492859,정상 위험,6
2021-10-15,1,2021-10-15 16:25:31.000,2021-10-15 16:31:11.300,340.3,69,2.0166666666666666,42.70913043478261,17.253623188405797,0,0.1176068558759207,1.82,0.2199999999999999,0.0579710144927536,1.3911852110916445,40.02,2.030000000000001,0.0869565217391304,1.6401882702322108,13.29,2.27,0.0434782608695652,0.0016114165,0.5874780126296423,0.7227272727272728,0.1503260135650634,정상 위험,deployment_demo_not_oof_validation,정상,0.0022877739,0.7755819061707967,0.7318181818181818,0.1887761950492859,정상 위험,6
2021-10-15,2,2021-10-15 16:31:37.400,2021-10-15 16:37:17.700,340.3,69,1.9957971014492757,42.35188405797102,17.323623188405797,0,0.1208962340324939,1.81,0.2100000000000002,0.0434782608695652,1.5822194718015563,36.72,2.6099999999999994,0.0289855072463768,1.2627444096729443,15.02,1.9500000000000028,0.0144927536231884,0.00028268553,-0.1445316619716465,0.3136363636363636,0.1503260135650634,정상 위험,deployment_demo_not_oof_validation,정상,0.00041427978,-0.14640457218320146,0.23636363636363636,0.1887761950492859,정상 위험,6
2021-10-15,3,2021-10-15 16:37:44.300,2021-10-15 16:43:24.700,340.4,69,2.0244927536231883,42.3636231884058,17.330289855072465,0,0.1202147127127131,1.81,0.2199999999999999,0.0434782608695652,1.8827990513301425,34.03,2.140000000000001,0.072463768115942,1.4855519582400545,15.08,2.710000000000001,0.1014492753623188,0.0044562314,2.15471182542023,0.8454545454545455,0.1503260135650634,정상 위험,deployment_demo_not_oof_validation,정상,0.019516852,9.254379282437826,0.9318181818181818,0.1887761950492859,정상 위험,6
2021-10-15,4,2021-10-15 16:43:52.000,2021-10-15 16:49:32.300,340.3,69,2.028840579710145,42.46652173913044,17.22550724637681,0,0.1476635308025334,1.81,0.1899999999999999,0.1014492753623188,1.347366523004998,40.01,2.1599999999999966,0.0579710144927536,1.267118704954953,15.04,2.049999999999997,0.0289855072463768,0.0071053575,3.6141389389081366,0.8772727272727273,0.1503260135650634,정상 위험,deployment_demo_not_oof_validation,정상,0.004907408,2.064759733644156,0.8227272727272728,0.1887761950492859,정상 위험,6
2021-10-15,5,2021-10-15 16:49:59.400,2021-10-15 16:55:39.700,340.3,69,1.99768115942029,42.24144927536232,17.38753623188406,0,0.1054143774033782,1.81,0.1599999999999999,0.0434782608695652,1.4145184956708965,40.12,2.469999999999999,0.0289855072463768,1.3978054288957025,15.04,2.4200000000000017,0.0144927536231884,0.00022748302,-0.1749432184541804,0.2409090909090909,0.1503260135650634,정상 위험,deployment_demo_not_oof_validation,정상,0.00024530562,-0.22956036802723137,0.01818181818181818,0.1887761950492859,정상 위험,6
2021-10-15,6,2021-10-15 16:56:05.800,2021-10-15 17:01:46.100,340.3,69,1.9859420289855072,42.4636231884058,16.890869565217393,0,0.1164968926697404,1.81,0.2099999999999999,0.0579710144927536,1.451983401110856,40.02,2.3599999999999994,0.0579710144927536,1.8896146036648933,11.05,1.8800000000000023,0.0144927536231884,0.0013701917,0.4545851430695096,0.7090909090909091,0.1503260135650634,정상 위험,deployment_demo_not_oof_validation,정상,0.0019288503,0.5989479472168457,0.6954545454545454,0.1887761950492859,정상 위험,6
2021-10-15,7,2021-10-15 17:02:11.300,2021-10-15 17:07:51.600,340.3,69,1.990434782608696,42.46420289855073,17.376376811594202,0,0.118476043527903,1.82,0.2099999999999999,0.0144927536231884,1.343021621521347,40.08,2.139999999999993,0.0289855072463768,1.3573860812502967,15.02,2.3000000000000007,0.0434782608695652,0.00021082313,-0.1841213005103349,0.1909090909090909,0.1503260135650634,정상 위험,deployment_demo_not_oof_validation,정상,0.00039398196,-0.15639356621891648,0.21818181818181817,0.1887761950492859,정상 위험,6
2021-10-15,8,2021-10-15 17:08:17.800,2021-10-15 17:13:58.100,340.3,69,1.9840579710144928,42.48623188405797,17.415797101449275,0,0.1160415600065935,1.81,0.2000000000000001,0.0289855072463768,1.8545770894554807,33.21,2.1499999999999986,0.0579710144927536,1.3883521821771956,15.06,2.039999999999999,0.0434782608695652,0.0046822936,2.2792515315085025,0.85,0.1503260135650634,정상 위험,deployment_demo_not_oof_validation,정상,0.011078683,5.101775996255896,0.8909090909090909,0.1887761950492859,정상 위험,6
2021-10-15,9,2021-10-15 17:14:24.100,2021-10-15 17:20:04.400,340.3,69,1.9963768115942029,42.28420289855072,17.37405797101449,0,0.1154017409198476,1.81,0.1999999999999999,0.072463768115942,1.56274871507292,36.14,2.5899999999999963,0.0,1.4411232535366494,15.02,2.5299999999999976,0.0289855072463768,0.00038274846,-0.0894061061988941,0.3954545454545454,0.1503260135650634,정상 위험,deployment_demo_not_oof_validation,정상,0.00035182276,-0.1771410082362459,0.1409090909090909,0.1887761950492859,정상 위험,6
2021-10-15,10,2021-10-15 17:20:32.000,2021-10-15 17:26:12.300,340.3,69,2.0189855072463767,42.5495652173913,17.268840579710144,0,0.1221275240877847,1.81,0.2099999999999999,0.0144927536231884,1.499169804358996,37.61,2.1899999999999977,0.0434782608695652,1.3696301950783092,15.08,2.3099999999999987,0.0434782608695652,0.0001914282,-0.1948061362562051,0.1136363636363636,0.1503260135650634,정상 위험,deployment_demo_not_oof_validation,정상,0.0004291759,-0.13907387016045802,0.25,0.1887761950492859,정상 위험,6
2021-10-15,11,2021-10-15 17:26:39.500,2021-10-15 17:32:19.800,340.3,69,1.9820289855072464,42.3295652173913,17.05376811594203,0,0.1105411782489292,1.81,0.1399999999999999,0.0289855072463768,1.499766094294676,40.04,2.8399999999999963,0.0579710144927536,1.1886164738508522,12.59,1.5300000000000011,0.0,0.0006384115,0.0514409317219676,0.5227272727272727,0.1503260135650634,정상 위험,deployment_demo_not_oof_validation,정상,0.00048412586,-0.11203182422448141,0.30454545454545456,0.1887761950492859,정상 위험,6
2021-10-15,12,2021-10-15 17:32:46.000,2021-10-15 17:38:26.400,340.4,69,2.011304347826087,42.34710144927536,17.778985507246375,0,0.1253220914223246,1.81,0.1799999999999999,0.0289855072463768,1.4005556685591478,37.35,2.039999999999999,0.0144927536231884,1.1921152048151962,15.05,1.75,0.0434782608695652,0.00027952658,-0.1462719604790733,0.3136363636363636,0.1503260135650634,정상 위험,deployment_demo_not_oof_validation,정상,0.0005668917,-0.07130099450916344,0.4090909090909091,0.1887761950492859,정상 위험,6
2021-10-15,13,2021-10-15 17:38:54.300,2021-10-15 17:44:34.600,340.3,69,2.031014492753623,42.42608695652174,17.599565217391305,0,0.1528661941577765,1.81,0.1799999999999999,0.1014492753623188,1.3248664942632835,40.02,1.9600000000000009,0.0434782608695652,1.2635727065170137,15.33,2.0,0.0579710144927536,0.023178624,12.4690442865774,0.9454545454545454,0.1503260135650634,정상 위험,deployment_demo_not_oof_validation,정상,0.012781635,5.939835162363137,0.9136363636363637,0.1887761950492859,정상 위험,6
2021-10-15,14,2021-10-15 17:45:02.500,2021-10-15 17:50:42.900,340.4,69,2.008550724637681,42.5568115942029,17.745652173913044,0,0.1098832985532276,1.81,0.1899999999999999,0.0434782608695652,1.3943821030389631,40.06,2.479999999999997,0.0434782608695652,1.423313737334433,15.03,2.18,0.1304347826086956,0.00019640614,-0.1920637483395696,0.1272727272727272,0.1503260135650634,정상 위험,deployment_demo_not_oof_validation,정상,0.00033106332,-0.1873571732980747,0.11818181818181818,0.1887761950492859,정상 위험,6
2021-10-15,15,2021-10-15 17:51:10.800,2021-10-15 17:56:51.200,340.4,69,2.003913043478261,41.97246376811594,17.46304347826087,0,0.131308095168491,1.81,0.2100000000000002,0.0869565217391304,1.4236349558923225,37.87,1.8000000000000045,0.0434782608695652,1.497422593843311,15.01,2.6999999999999997,0.0579710144927536,0.00055257796,0.0041544714583232,0.5045454545454545,0.1503260135650634,정상 위험,deployment_demo_not_oof_validation,정상,0.0007836971,0.03539359247585385,0.5318181818181819,0.1887761950492859,정상 위험,6
2021-10-15,16,2021-10-15 17:57:16.500,2021-10-15 18:02:56.800,340.3,69,1.991014492753623,42.58217391304348,17.399855072463765,0,0.1119761651047987,1.81,0.1600000000000001,0.0144927536231884,1.4675217901631237,40.01,2.6899999999999977,0.0289855072463768,1.4511714261584991,15.04,2.539999999999999,0.0579710144927536,0.00019123957,-0.1949100577676698,0.1136363636363636,0.1503260135650634,정상 위험,deployment_demo_not_oof_validation,정상,0.00023798808,-0.2331614892632669,0.01818181818181818,0.1887761950492859,정상 위험,6
2021-10-15,17,2021-10-15 18:03:24.200,2021-10-15 18:09:04.500,340.3,69,1.9855072463768115,42.69898550724638,17.390869565217393,0,0.1145648574579695,1.81,0.2000000000000001,0.0434782608695652,1.3559261485697172,40.04,2.259999999999998,0.0289855072463768,1.4042946095401891,15.19,2.52,0.0579710144927536,0.00015090215,-0.217132297715882,0.0045454545454545,0.1503260135650634,정상 위험,deployment_demo_not_oof_validation,정상,0.00025364125,-0.22545822733060156,0.01818181818181818,0.1887761950492859,정상 위험,6
2021-10-15,18,2021-10-15 18:09:32.100,2021-10-15 18:15:12.500,340.4,69,1.9978260869565216,42.49652173913044,17.45768115942029,0,0.1135117195972887,1.81,0.1700000000000001,0.0144927536231884,1.5888701369276412,36.98,2.450000000000003,0.0869565217391304,1.4144767739006954,15.16,2.4399999999999977,0.072463768115942,0.00017042532,-0.20637681009309,0.0409090909090909,0.1503260135650634,정상 위험,deployment_demo_not_oof_validation,정상,0.00043826926,-0.1345988401337184,0.2590909090909091,0.1887761950492859,정상 위험,6
2021-10-15,19,2021-10-15 18:15:40.200,2021-10-15 18:21:20.600,340.4,69,2.0120289855072464,42.559710144927536,17.096376811594205,0,0.1167019797975233,1.81,0.1800000000000001,0.0579710144927536,1.3841061790009137,40.25,2.229999999999997,0.1014492753623188,1.3944385028669857,15.02,1.8999999999999984,0.0579710144927536,0.00018531672,-0.1981730072383782,0.0818181818181818,0.1503260135650634,정상 위험,deployment_demo_not_oof_validation,정상,0.0006017473,-0.05414779887177381,0.4318181818181818,0.1887761950492859,정상 위험,6
2021-10-15,20,2021-10-15 18:21:46.900,2021-10-15 18:27:27.200,340.3,69,2.024057971014493,42.341884057971015,17.65826086956522,0,0.1145877372632726,1.81,0.1900000000000001,0.0434782608695652,1.3227614557102512,40.05,1.9699999999999989,0.0289855072463768,1.328746597053624,15.07,2.200000000000003,0.0579710144927536,0.00042223049,-0.0676551085778373,0.4409090909090909,0.1503260135650634,정상 위험,deployment_demo_not_oof_validation,정상,0.0005475615,-0.08081379017931319,0.39090909090909093,0.1887761950492859,정상 위험,6
2021-10-15,21,2021-10-15 18:27:54.700,2021-10-15 18:33:35.100,340.4,69,2.0088405797101445,42.76840579710145,17.71014492753623,0,0.1303224082565107,1.81,0.1999999999999999,0.0579710144927536,1.3253852083655284,40.05,2.1499999999999986,0.0869565217391304,1.5142494673188307,11.68,2.049999999999997,0.072463768115942,0.00062270067,0.0427856960020172,0.5181818181818182,0.1503260135650634,정상 위험,deployment_demo_not_oof_validation,정상,0.0010475133,0.16522318738716843,0.6,0.1887761950492859,정상 위험,6
2021-10-15,22,2021-10-15 18:34:01.300,2021-10-15 18:39:41.600,340.3,69,2.0184057971014493,42.387536231884056,17.386521739130437,0,0.1503684023872291,1.82,0.24,0.0579710144927536,1.3791785767122626,40.13,2.0900000000000034,0.0289855072463768,1.2553061802357648,15.2,1.8000000000000007,0.0434782608695652,0.0015844052,0.5725972666926894,0.7227272727272728,0.1503260135650634,정상 위험,deployment_demo_not_oof_validation,정상,0.0024290544,0.8451090445810893,0.7454545454545455,0.1887761950492859,정상 위험,6
2021-10-18,1,2021-10-18 16:28:56.000,2021-10-18 16:34:36.300,340.3,69,2.002028985507246,42.62376811594203,17.38565217391304,0,0.1009160937165846,1.83,0.1500000000000001,0.0144927536231884,1.4705752190387305,40.03,2.3599999999999994,0.1159420289855072,1.3577700990755888,15.04,2.020000000000003,0.0579710144927536,0.00018359908,-0.1991192677957902,0.0772727272727272,0.1503260135650634,정상 위험,deployment_demo_not_oof_validation,정상,0.00024106818,-0.1986397100627693,0.13636363636363635,0.12554483115673065,정상 위험,7
2021-10-18,2,2021-10-18 16:35:02.200,2021-10-18 16:40:42.600,340.4,69,2.0344927536231885,42.44608695652174,17.16072463768116,0,0.1236876549059346,1.81,0.1700000000000001,0.072463768115942,1.3978641453295642,40.14,2.5,0.0579710144927536,1.4997855913827656,11.85,2.27,0.0,0.0012908342,0.4108663741122063,0.7,0.1503260135650634,정상 위험,deployment_demo_not_oof_validation,정상,0.0007607149,0.08646570984851218,0.5727272727272728,0.12554483115673065,정상 위험,7
2021-10-18,3,2021-10-18 16:41:08.500,2021-10-18 16:46:48.900,340.4,69,2.0168115942028986,42.29492753623188,17.108695652173914,0,0.1205806144016523,1.81,0.2100000000000002,0.0579710144927536,1.3593181932697491,40.06,2.0900000000000034,0.0144927536231884,1.4608769657132,13.62,2.280000000000001,0.0289855072463768,0.00040533338,-0.07696387215512,0.4181818181818181,0.1503260135650634,정상 위험,deployment_demo_not_oof_validation,정상,0.0004979944,-0.057676503475977504,0.42272727272727273,0.12554483115673065,정상 위험,7
2021-10-18,4,2021-10-18 16:47:14.500,2021-10-18 16:52:54.900,340.4,69,1.9879710144927532,42.74521739130435,17.074637681159423,0,0.1004633341096454,1.81,0.1599999999999999,0.0,1.4028559197072952,40.19,2.4200000000000017,0.0579710144927536,1.990874460330069,11.57,2.5,0.1014492753623188,0.0009086291,0.2003062081045863,0.6045454545454545,0.1503260135650634,정상 위험,deployment_demo_not_oof_validation,정상,0.00097103434,0.20185799780291452,0.6227272727272727,0.12554483115673065,정상 위험,7
2021-10-18,5,2021-10-18 16:53:22.000,2021-10-18 16:59:02.300,340.3,69,2.011594202898551,42.65159420289855,17.428405797101448,0,0.1099414709048543,1.81,0.1700000000000001,0.0144927536231884,1.3551368752100783,40.12,2.039999999999999,0.0434782608695652,1.3264111499793074,15.29,2.120000000000001,0.0144927536231884,0.000367554,-0.0977768745183343,0.3909090909090909,0.1503260135650634,정상 위험,deployment_demo_not_oof_validation,정상,0.00055591535,-0.02589804475297383,0.45,0.12554483115673065,정상 위험,7
2021-10-18,6,2021-10-18 16:59:29.700,2021-10-18 17:05:10.100,340.4,69,2.0166666666666666,42.405362318840574,17.887826086956522,0,0.1139100092005897,1.82,0.1899999999999999,0.0579710144927536,1.375614921012487,40.12,2.1599999999999966,0.0289855072463768,1.3548495353459402,15.14,2.3000000000000007,0.0869565217391304,0.0002032579,-0.1882890477553576,0.1590909090909091,0.1503260135650634,정상 위험,deployment_demo_not_oof_validation,정상,0.00022862785,-0.20546512754757063,0.11363636363636363,0.12554483115673065,정상 위험,7
2021-10-18,7,2021-10-18 17:05:36.000,2021-10-18 17:11:16.400,340.4,69,2.0272463768115943,42.63246376811594,17.669275362318842,0,0.1190264930713155,1.81,0.2099999999999999,0.0434782608695652,1.3910654040075792,40.03,2.3800000000000026,0.0579710144927536,1.4284764805251329,13.46,2.469999999999999,0.0434782608695652,0.00030406113,-0.1327556543637869,0.3409090909090909,0.1503260135650634,정상 위험,deployment_demo_not_oof_validation,정상,0.00033894228,-0.14494084720148326,0.32272727272727275,0.12554483115673065,정상 위험,7
2021-10-18,8,2021-10-18 17:11:41.400,2021-10-18 17:17:21.800,340.4,69,2.0260869565217394,42.32492753623188,17.54695652173913,0,0.1176637456196601,1.82,0.2099999999999999,0.072463768115942,1.4653052514632916,40.01,2.3800000000000026,0.0579710144927536,1.4498004977844223,15.01,2.41,0.0579710144927536,0.00019029244,-0.1954318378722127,0.1045454545454545,0.1503260135650634,정상 위험,deployment_demo_not_oof_validation,정상,0.00025919333,-0.18869530114421249,0.19545454545454546,0.12554483115673065,정상 위험,7
2021-10-18,9,2021-10-18 17:17:48.100,2021-10-18 17:23:28.500,340.4,69,2.0124637681159423,42.40144927536232,17.355072463768117,0,0.1162452503406868,1.81,0.2099999999999999,0.0144927536231884,1.2742567330227763,40.14,2.270000000000003,0.0289855072463768,1.4554296143472008,15.01,2.6099999999999994,0.072463768115942,0.00016255991,-0.2107099354805184,0.0181818181818181,0.1503260135650634,정상 위험,deployment_demo_not_oof_validation,정상,0.00019377608,-0.22458663251838187,0.004545454545454545,0.12554483115673065,정상 위험,7
2021-10-18,10,2021-10-18 17:23:54.500,2021-10-18 17:29:34.800,340.3,69,2.0381159420289854,42.50014492753623,17.531884057971016,0,0.1367616578783821,1.81,0.1899999999999999,0.0869565217391304,1.3663449447701308,40.04,2.0700000000000003,0.0289855072463768,1.477864392571372,15.07,2.3200000000000003,0.1014492753623188,0.000669861,0.0687667312440962,0.5409090909090909,0.1503260135650634,정상 위험,deployment_demo_not_oof_validation,정상,0.00093382876,0.18144506600509794,0.6227272727272727,0.12554483115673065,정상 위험,7
2021-10-18,11,2021-10-18 17:30:00.200,2021-10-18 17:35:40.500,340.3,69,2.018695652173913,42.22724637681159,17.334637681159418,0,0.1165674892053609,1.81,0.1799999999999999,0.0434782608695652,1.560260992551049,36.17,2.3200000000000003,0.0434782608695652,1.418964597359374,13.57,1.9399999999999975,0.0144927536231884,0.0006686265,0.0680866518133648,0.5318181818181819,0.1503260135650634,정상 위험,deployment_demo_not_oof_validation,정상,0.0004099884,-0.10596122265664988,0.37272727272727274,0.12554483115673065,정상 위험,7
2021-10-18,12,2021-10-18 17:36:07.800,2021-10-18 17:41:48.200,340.4,69,2.0168115942028986,42.38608695652174,17.674347826086954,0,0.1249057615779285,1.82,0.2300000000000002,0.0434782608695652,1.3582105630217414,40.04,2.0899999999999963,0.0434782608695652,1.569209690802488,13.27,2.5,0.0869565217391304,0.00073328,0.1037048179172743,0.55,0.1503260135650634,정상 위험,deployment_demo_not_oof_validation,정상,0.000850684,0.1358274949548263,0.6045454545454545,0.12554483115673065,정상 위험,7
2021-10-18,13,2021-10-18 17:42:15.800,2021-10-18 17:47:56.200,340.4,69,2.01072463768116,42.67521739130435,17.781304347826087,0,0.131443555774508,1.81,0.2100000000000002,0.0434782608695652,1.4857970812839545,40.01,2.8100000000000023,0.0579710144927536,1.2164049164304265,15.15,1.93,0.0869565217391304,0.0002845733,-0.1434916772461766,0.3227272727272727,0.1503260135650634,정상 위험,deployment_demo_not_oof_validation,정상,0.00046532796,-0.07559903568651927,0.39545454545454545,0.12554483115673065,정상 위험,7
2021-10-18,14,2021-10-18 17:48:23.500,2021-10-18 17:54:03.800,340.3,69,1.9905797101449276,42.33086956521739,17.679565217391303,0,0.1100519136585763,1.81,0.1700000000000001,0.0289855072463768,1.3611032928889135,40.19,2.509999999999998,0.0144927536231884,1.4007817510470704,15.1,2.419999999999998,0.0869565217391304,0.00017304049,-0.2049360906153572,0.05,0.1503260135650634,정상 위험,deployment_demo_not_oof_validation,정상,0.00019842548,-0.22203573060660584,0.00909090909090909,0.12554483115673065,정상 위험,7
2021-10-18,15,2021-10-18 17:54:31.500,2021-10-18 18:00:11.900,340.4,69,2.0271014492753623,42.4768115942029,17.61246376811594,0,0.1510074155685483,1.81,0.1800000000000001,0.072463768115942,1.3946467956330304,40.01,2.5500000000000043,0.0434782608695652,1.3282401069671783,15.18,2.1700000000000017,0.0434782608695652,0.0018792195,0.7350131129057839,0.740909090909091,0.1503260135650634,정상 위험,deployment_demo_not_oof_validation,정상,0.0011434038,0.2964289273413709,0.6545454545454545,0.12554483115673065,정상 위험,7
2021-10-18,16,2021-10-18 18:00:38.400,2021-10-18 18:06:18.700,340.3,69,2.012753623188406,42.84594202898551,17.094347826086956,0,0.1185064413485242,1.81,0.2000000000000001,0.0144927536231884,1.4041098486864108,40.04,2.190000000000005,0.0869565217391304,1.872391109109725,11.68,2.25,0.0289855072463768,0.0011507039,0.3336673537834936,0.6545454545454545,0.1503260135650634,정상 위험,deployment_demo_not_oof_validation,정상,0.0012319431,0.3450062420866145,0.6545454545454545,0.12554483115673065,정상 위험,7
2021-10-18,17,2021-10-18 18:06:45.700,2021-10-18 18:12:26.000,340.3,69,2.0320289855072464,42.57463768115942,17.120434782608694,0,0.1131836055232814,1.83,0.1799999999999999,0.0579710144927536,1.701297584120932,37.53,1.8299999999999983,0.0289855072463768,1.4210056865211058,15.09,2.41,0.0289855072463768,0.00052807207,-0.0093460416015295,0.4954545454545455,0.1503260135650634,정상 위험,deployment_demo_not_oof_validation,정상,0.00085370877,0.13748703746879096,0.6045454545454545,0.12554483115673065,정상 위험,7
2021-10-18,18,2021-10-18 18:12:52.100,2021-10-18 18:18:32.400,340.3,69,2.0143478260869565,42.79304347826087,17.595797101449275,0,0.1154846343340248,1.81,0.2100000000000002,0.0579710144927536,1.3036772700911947,40.1,1.970000000000006,0.0434782608695652,1.3813158749764889,15.12,2.349999999999998,0.0434782608695652,0.0004119694,-0.0733080283424096,0.4318181818181818,0.1503260135650634,정상 위험,deployment_demo_not_oof_validation,정상,0.0005232151,-0.04383911568052429,0.4318181818181818,0.12554483115673065,정상 위험,7
2021-10-18,19,2021-10-18 18:18:59.900,2021-10-18 18:24:40.200,340.3,69,2.000144927536232,42.12304347826087,17.457246376811593,0,0.1065017640508858,1.81,0.1599999999999999,0.0289855072463768,1.4053043467183088,40.08,2.369999999999997,0.0,1.4358609674399403,15.19,2.6000000000000014,0.0434782608695652,0.00016467982,-0.2095420590731542,0.0272727272727272,0.1503260135650634,정상 위험,deployment_demo_not_oof_validation,정상,0.00019954411,-0.22142198889519674,0.013636363636363636,0.12554483115673065,정상 위험,7
2021-10-18,20,2021-10-18 18:25:08.100,2021-10-18 18:30:48.400,340.3,69,2.0078260869565216,42.47869565217392,17.209565217391305,0,0.1212298444765803,1.81,0.2299999999999999,0.0289855072463768,1.4622031252666785,40.09,2.6099999999999994,0.0144927536231884,1.248841150806959,15.1,2.0700000000000003,0.0,0.00027385217,-0.1493980394749505,0.3090909090909091,0.1503260135650634,정상 위험,deployment_demo_not_oof_validation,정상,0.0002771182,-0.17886077524124164,0.23636363636363636,0.12554483115673065,정상 위험,7
2021-10-18,21,2021-10-18 18:31:14.700,2021-10-18 18:36:55.100,340.4,69,2.0130434782608697,42.32391304347826,17.465072463768117,0,0.1218038967287665,1.81,0.2000000000000001,0.0579710144927536,1.340511554452808,40.02,2.229999999999997,0.0434782608695652,1.3803885036982777,12.49,1.7000000000000028,0.0579710144927536,0.0003198796,-0.1240411265433357,0.35,0.1503260135650634,정상 위험,deployment_demo_not_oof_validation,정상,0.0003324055,-0.14852726659647503,0.31363636363636366,0.12554483115673065,정상 위험,7
2021-10-18,22,2021-10-18 18:37:20.900,2021-10-18 18:43:01.300,340.4,69,2.002898550724637,42.22884057971015,17.56057971014493,0,0.1200502523366944,1.81,0.2000000000000001,0.0579710144927536,1.3782016588463086,40.1,2.490000000000002,0.0144927536231884,1.4995037258039456,12.21,2.1000000000000014,0.0579710144927536,0.0005016508,-0.0239017552341683,0.4772727272727273,0.1503260135650634,정상 위험,deployment_demo_not_oof_validation,정상,0.0004215357,-0.09962577180583056,0.37727272727272726,0.12554483115673065,정상 위험,7
2021-10-19,1,2021-10-19 16:21:20.000,2021-10-19 16:27:00.300,340.3,69,2.0042028985507243,42.32434782608696,17.40927536231884,0,0.1168886573914208,1.81,0.1700000000000001,0.0434782608695652,1.3446008354339276,40.13,2.2099999999999937,0.0289855072463768,1.4882167762327263,13.35,2.2399999999999984,0.072463768115942,0.00039061264,-0.0850736622377153,0.4045454545454545,0.1503260135650634,정상 위험,deployment_demo_not_oof_validation,정상,0.0003455942,-0.14129125884483226,0.33181818181818185,0.12554483115673065,정상 위험,7
2021-10-19,2,2021-10-19 16:27:25.600,2021-10-19 16:33:05.900,340.3,69,2.0295652173913044,42.22289855072464,17.247536231884055,0,0.1108580807451408,1.81,0.2099999999999999,0.0434782608695652,1.38702400573958,40.05,2.4000000000000057,0.0144927536231884,1.358637299343701,15.02,1.9300000000000035,0.0579710144927536,0.00019173912,-0.1946348497473758,0.1227272727272727,0.1503260135650634,정상 위험,deployment_demo_not_oof_validation,정상,0.00022994498,-0.20474247686169317,0.11818181818181818,0.12554483115673065,정상 위험,7
2021-10-19,3,2021-10-19 16:33:32.100,2021-10-19 16:39:12.500,340.4,69,2.048695652173913,42.6368115942029,17.32536231884058,0,0.1529409059608074,1.82,0.1799999999999999,0.1014492753623188,1.385290894014708,40.04,2.1700000000000017,0.0579710144927536,1.362343978881451,15.03,2.0299999999999976,0.0289855072463768,0.012397531,6.529644589192385,0.9181818181818182,0.1503260135650634,정상 위험,deployment_demo_not_oof_validation,정상,0.01696926,8.979323214834524,0.9454545454545454,0.12554483115673065,정상 위험,7
2021-10-19,4,2021-10-19 16:39:38.300,2021-10-19 16:45:18.600,340.3,69,2.0278260869565217,42.36753623188406,17.59579710144928,0,0.1081103679690532,1.82,0.1900000000000001,0.0144927536231884,1.3988518462076436,40.01,2.200000000000003,0.0579710144927536,1.4187695640497182,15.03,2.09,0.1014492753623188,0.0001830722,-0.1994095313278122,0.0727272727272727,0.1503260135650634,정상 위험,deployment_demo_not_oof_validation,정상,0.00024106818,-0.1986397100627693,0.13636363636363635,0.12554483115673065,정상 위험,7
2021-10-19,5,2021-10-19 16:45:46.400,2021-10-19 16:51:26.800,340.4,69,2.031594202898551,42.24434782608696,17.68159420289855,0,0.1187882840876474,1.81,0.2200000000000002,0.0434782608695652,1.4542488239444211,40.05,2.75,0.072463768115942,1.4055223261754557,15.04,2.4400000000000013,0.072463768115942,0.0002019164,-0.1890280986154136,0.15,0.1503260135650634,정상 위험,deployment_demo_not_oof_validation,정상,0.00026151375,-0.187422197467739,0.2,0.12554483115673065,정상 위험,7
2021-10-19,6,2021-10-19 16:51:54.700,2021-10-19 16:57:35.000,340.3,69,2.0218840579710142,42.42550724637681,17.54927536231884,0,0.1211862368704471,1.81,0.2200000000000002,0.0579710144927536,1.6242786056946343,35.99,2.269999999999996,0.0869565217391304,1.3239216686893656,13.94,1.93,0.0144927536231884,0.0005501138,0.0027969421005062,0.5045454545454545,0.1503260135650634,정상 위험,deployment_demo_not_oof_validation,정상,0.00036180625,-0.13239647503780916,0.33636363636363636,0.12554483115673065,정상 위험,7
2021-10-19,7,2021-10-19 16:58:01.900,2021-10-19 17:03:42.200,340.3,69,2.007536231884058,42.27637681159421,17.38101449275362,0,0.1031190887375518,1.81,0.1599999999999999,0.0144927536231884,1.3721622814059615,40.04,2.219999999999999,0.0289855072463768,1.2544627921328295,15.38,1.91,0.0144927536231884,0.000243376,-0.1661876367063813,0.2636363636363636,0.1503260135650634,정상 위험,deployment_demo_not_oof_validation,정상,0.00023124108,-0.20403137095824234,0.12272727272727273,0.12554483115673065,정상 위험,7
2021-10-19,8,2021-10-19 17:04:09.400,2021-10-19 17:09:49.700,340.3,69,1.995217391304348,42.68971014492754,17.34391304347826,0,0.1184037049257896,1.81,0.1700000000000001,0.0289855072463768,1.4855351293829648,40.06,2.6899999999999977,0.0579710144927536,1.2232877798487831,15.11,1.8200000000000005,0.0434782608695652,0.00023849214,-0.1688781961441447,0.2545454545454545,0.1503260135650634,정상 위험,deployment_demo_not_oof_validation,정상,0.00029749353,-0.16768180114190512,0.2727272727272727,0.12554483115673065,정상 위험,7
2021-10-19,9,2021-10-19 17:10:14.700,2021-10-19 17:15:55.000,340.3,69,2.0234782608695654,42.2527536231884,17.69855072463768,0,0.1239049218857716,1.82,0.1799999999999999,0.0434782608695652,1.4415421522248637,40.14,2.43,0.0434782608695652,1.2427096525244374,15.11,2.119999999999997,0.0289855072463768,0.00022591489,-0.1758071146199556,0.2363636363636363,0.1503260135650634,정상 위험,deployment_demo_not_oof_validation,정상,0.00023678939,-0.2009872768992752,0.12727272727272726,0.12554483115673065,정상 위험,7
2021-10-19,10,2021-10-19 17:16:20.100,2021-10-19 17:22:00.400,340.3,69,2.0091304347826084,42.49434782608696,17.45072463768116,0,0.1478447032057106,1.81,0.2200000000000002,0.0579710144927536,1.3653306842072557,40.18,2.489999999999995,0.0144927536231884,1.3815180470182062,13.45,2.1800000000000037,0.0289855072463768,0.0030398201,1.37439828108064,0.8045454545454546,0.1503260135650634,정상 위험,deployment_demo_not_oof_validation,정상,0.0016509402,0.5748899736726266,0.7318181818181818,0.12554483115673065,정상 위험,7
2021-10-19,11,2021-10-19 17:22:27.100,2021-10-19 17:28:07.400,340.3,69,2.010144927536232,42.45579710144927,17.33086956521739,0,0.1442270753893398,1.81,0.1800000000000001,0.072463768115942,1.4497874142308116,40.02,2.519999999999996,0.0289855072463768,1.4341217225499074,15.09,2.2300000000000004,0.0434782608695652,0.00094718987,0.2215496794548875,0.6227272727272727,0.1503260135650634,정상 위험,deployment_demo_not_oof_validation,정상,0.00080938835,0.11317053210093819,0.6,0.12554483115673065,정상 위험,7
2021-10-19,12,2021-10-19 17:28:34.300,2021-10-19 17:34:14.700,340.4,69,2.030434782608696,42.44507246376811,17.24536231884058,0,0.1250933155524623,1.81,0.1899999999999999,0.1159420289855072,1.4427553532659876,40.03,2.0899999999999963,0.0579710144927536,1.4109723177654572,15.02,2.139999999999997,0.0434782608695652,0.0021671206,0.893620347557771,0.759090909090909,0.1503260135650634,정상 위험,deployment_demo_not_oof_validation,정상,0.0038953791,1.8063068619456235,0.8227272727272728,0.12554483115673065,정상 위험,7
2021-10-19,13,2021-10-19 17:34:40.000,2021-10-19 17:40:20.400,340.4,69,1.9930434782608697,42.294782608695655,17.727391304347826,0,0.1163198474267003,1.81,0.1699999999999999,0.0289855072463768,1.831947379715377,33.68,2.759999999999998,0.0434782608695652,1.4777453535448095,12.08,2.030000000000001,0.0144927536231884,0.020468492,10.976008524979088,0.9454545454545454,0.1503260135650634,정상 위험,deployment_demo_not_oof_validation,정상,0.014191906,7.4555212826147885,0.9318181818181818,0.12554483115673065,정상 위험,7
2021-10-19,14,2021-10-19 17:40:46.100,2021-10-19 17:46:26.400,340.3,69,2.028985507246377,42.51463768115941,17.323333333333334,0,0.1614834259163917,1.81,0.2500000000000002,0.0869565217391304,1.3693381609914643,40.11,2.3399999999999963,0.0434782608695652,1.3061097002241455,15.05,1.8499999999999976,0.0434782608695652,0.001981172,0.7911796314510938,0.7454545454545455,0.1503260135650634,정상 위험,deployment_demo_not_oof_validation,정상,0.0014866387,0.4847455660091458,0.7,0.12554483115673065,정상 위험,7
2021-10-19,15,2021-10-19 17:46:53.700,2021-10-19 17:52:34.000,340.3,69,2.042898550724638,42.61304347826087,17.51391304347826,0,0.1363289862716976,1.82,0.1999999999999999,0.1014492753623188,1.2757388912587388,40.03,2.0700000000000003,0.0289855072463768,1.4009368896556167,15.04,2.3200000000000003,0.072463768115942,0.003985426,1.8953409207794645,0.8409090909090909,0.1503260135650634,정상 위험,deployment_demo_not_oof_validation,정상,0.007768758,3.9314456288731208,0.9045454545454545,0.12554483115673065,정상 위험,7
2021-10-19,16,2021-10-19 17:53:01.100,2021-10-19 17:58:41.400,340.3,69,2.0,42.47333333333333,17.649565217391302,0,0.1097590944912056,1.81,0.1900000000000001,0.0289855072463768,1.2854304230680935,40.07,1.9199999999999944,0.0,1.3765455856456823,15.03,1.75,0.1014492753623188,0.0004030162,-0.0782404320409172,0.4136363636363636,0.1503260135650634,정상 위험,deployment_demo_not_oof_validation,정상,0.0005973758,-0.0031506717219081312,0.4954545454545455,0.12554483115673065,정상 위험,7
2021-10-19,17,2021-10-19 17:59:08.700,2021-10-19 18:04:49.000,340.3,69,2.01695652173913,42.76188405797102,17.926376811594203,0,0.1170508228961461,1.81,0.2000000000000001,0.0579710144927536,1.4814175200505433,40.04,2.6000000000000014,0.072463768115942,1.2910278292604611,15.08,2.0700000000000003,0.0434782608695652,0.00021574607,-0.1814092080030819,0.2045454545454545,0.1503260135650634,정상 위험,deployment_demo_not_oof_validation,정상,0.00027294952,-0.18114793556056938,0.23636363636363636,0.12554483115673065,정상 위험,7
2021-10-19,18,2021-10-19 18:05:14.200,2021-10-19 18:10:54.600,340.4,69,2.0121739130434784,42.58275362318841,17.31086956521739,0,0.140711109612164,1.81,0.25,0.1014492753623188,1.3945723401585195,40.01,2.3799999999999955,0.0289855072463768,1.593896205870857,10.57,2.1800000000000037,0.0144927536231884,0.19268425,105.8511988338023,0.9954545454545456,0.1503260135650634,불량 위험,deployment_demo_not_oof_validation,정상,0.119498424,65.2321979574741,0.9863636363636363,0.12554483115673065,정상 위험,7
2021-10-19,19,2021-10-19 18:11:21.800,2021-10-19 18:17:02.100,340.3,69,2.001884057971014,42.56739130434783,17.46608695652174,0,0.1140468861570285,1.81,0.1799999999999999,0.0289855072463768,1.3914134288281372,40.06,2.039999999999999,0.0289855072463768,1.350921490938799,15.06,2.1099999999999994,0.0289855072463768,0.00030568914,-0.1318587691507482,0.3454545454545454,0.1503260135650634,정상 위험,deployment_demo_not_oof_validation,정상,0.00055591535,-0.02589804475297383,0.45,0.12554483115673065,정상 위험,7
2021-10-19,20,2021-10-19 18:17:27.200,2021-10-19 18:23:07.500,340.3,69,2.0205797101449274,42.70130434782609,16.980144927536234,0,0.1106648897237141,1.81,0.1500000000000001,0.072463768115942,1.2031575040449367,40.14,1.7800000000000011,0.0434782608695652,1.713950967753628,13.05,2.77,0.0434782608695652,0.0026017656,1.1330701325780106,0.7818181818181819,0.1503260135650634,정상 위험,deployment_demo_not_oof_validation,정상,0.0030289926,1.3309617667624054,0.8045454545454546,0.12554483115673065,정상 위험,7
2021-10-19,21,2021-10-19 18:23:34.900,2021-10-19 18:29:15.300,340.4,69,1.9697101449275365,42.32695652173913,17.307391304347828,0,0.1116977409652647,1.83,0.1699999999999999,0.0579710144927536,1.3305917572841148,40.09,1.9000000000000057,0.0579710144927536,1.3884075221527474,15.12,2.18,0.0579710144927536,0.00040968033,-0.0745690998103907,0.4227272727272727,0.1503260135650634,정상 위험,deployment_demo_not_oof_validation,정상,0.00064128253,0.020938866097657393,0.5227272727272727,0.12554483115673065,정상 위험,7
2021-10-19,22,2021-10-19 18:29:42.900,2021-10-19 18:35:23.200,340.3,69,2.03072463768116,42.40304347826087,17.422028985507247,0,0.1514277039749226,1.83,0.1600000000000001,0.0869565217391304,1.3467218416102404,40.13,2.289999999999999,0.0434782608695652,1.483329501800659,15.12,2.4899999999999984,0.0434782608695652,0.0022111486,0.9178757870658572,0.7636363636363637,0.1503260135650634,정상 위험,deployment_demo_not_oof_validation,정상,0.0010424405,0.24103517704786118,0.6454545454545455,0.12554483115673065,정상 위험,7
2021-10-20,1,2021-10-20 16:28:15.000,2021-10-20 16:33:55.300,340.3,69,2.0128985507246373,42.32971014492754,17.89072463768116,0,0.1162793473301074,1.82,0.1799999999999999,0.0579710144927536,1.823185617840775,37.68,2.8400000000000034,0.0289855072463768,1.3497933598284588,15.32,2.4499999999999997,0.0434782608695652,0.0006719422,0.0699132910350147,0.5409090909090909,0.1503260135650634,정상 위험,deployment_demo_not_oof_validation,정상,0.0008965365,0.16098458183927802,0.6181818181818182,0.12554483115673065,정상 위험,7
2021-10-20,2,2021-10-20 16:34:21.900,2021-10-20 16:40:02.200,340.3,69,1.9868115942028983,42.307391304347824,17.4668115942029,0,0.1201774760341993,1.81,0.1600000000000001,0.072463768115942,1.528703460812379,40.07,2.25,0.1304347826086956,1.400312457520509,15.13,2.210000000000001,0.0289855072463768,0.00023707427,-0.1696593110457539,0.25,0.1503260135650634,정상 위험,deployment_demo_not_oof_validation,정상,0.0003157378,-0.15767204364508988,0.29545454545454547,0.12554483115673065,정상 위험,7
2021-10-20,3,2021-10-20 16:40:27.400,2021-10-20 16:46:07.700,340.3,69,2.007536231884058,42.36231884057971,17.557971014492754,0,0.1141516766657086,1.81,0.1699999999999999,0.0434782608695652,1.4785715930144276,37.46,2.299999999999997,0.0144927536231884,1.4895573559935664,11.48,1.8299999999999983,0.1014492753623188,0.00049941696,-0.0251323950075169,0.4727272727272727,0.1503260135650634,정상 위험,deployment_demo_not_oof_validation,정상,0.00047842448,-0.06841359823355568,0.40454545454545454,0.12554483115673065,정상 위험,7
2021-10-20,4,2021-10-20 16:46:35.300,2021-10-20 16:52:15.600,340.3,69,1.9765217391304344,42.52202898550725,17.554927536231883,0,0.1164275347329392,1.81,0.1800000000000001,0.0434782608695652,1.382237720797166,40.04,2.200000000000003,0.0434782608695652,1.304388095428393,15.13,2.289999999999999,0.0434782608695652,0.00019460892,-0.1930538526635635,0.1272727272727272,0.1503260135650634,정상 위험,deployment_demo_not_oof_validation,정상,0.0002273941,-0.20614202225275174,0.11363636363636363,0.12554483115673065,정상 위험,7
2021-10-20,5,2021-10-20 16:52:41.100,2021-10-20 16:58:21.500,340.4,69,2.00536231884058,42.25231884057971,17.495217391304347,0,0.1216985150248341,1.81,0.2200000000000002,0.0434782608695652,1.4190242556144574,40.12,2.390000000000001,0.0579710144927536,1.6019010844615147,12.94,2.280000000000001,0.072463768115942,0.0008012498,0.1411500080482452,0.5590909090909091,0.1503260135650634,정상 위험,deployment_demo_not_oof_validation,정상,0.00081019703,0.11361421581394716,0.6,0.12554483115673065,정상 위험,7
2021-10-20,6,2021-10-20 16:58:47.000,2021-10-20 17:04:27.400,340.4,69,2.0143478260869565,42.546521739130434,17.490579710144925,0,0.1261474191392702,1.81,0.2100000000000002,0.0144927536231884,1.546352279024411,37.39,2.18,0.0434782608695652,1.4785504467889876,13.65,2.799999999999997,0.0434782608695652,0.00017405422,-0.2043776177114643,0.05,0.1503260135650634,정상 위험,deployment_demo_not_oof_validation,정상,0.00028312087,-0.17556739851166198,0.2636363636363636,0.12554483115673065,정상 위험,7
2021-10-20,7,2021-10-20 17:04:53.300,2021-10-20 17:10:33.700,340.4,69,2.0279710144927536,42.451159420289855,17.737826086956524,0,0.115613195233896,1.82,0.1800000000000001,0.0434782608695652,1.4947058890630152,37.59,2.3200000000000003,0.0434782608695652,1.3376679329045855,15.13,1.990000000000002,0.072463768115942,0.00018513059,-0.1982755498637847,0.0818181818181818,0.1503260135650634,정상 위험,deployment_demo_not_oof_validation,정상,0.0002326926,-0.20323498855334024,0.12727272727272726,0.12554483115673065,정상 위험,7
2021-10-20,8,2021-10-20 17:10:58.900,2021-10-20 17:16:39.200,340.3,69,2.009710144927536,42.016376811594206,17.38086956521739,0,0.1182093234913084,1.81,0.1999999999999999,0.0579710144927536,1.354715046024432,40.07,2.210000000000001,0.0,1.410996455503151,15.08,2.27,0.0289855072463768,0.00020313857,-0.1883547933632819,0.1545454545454545,0.1503260135650634,정상 위험,deployment_demo_not_oof_validation,정상,0.00023124108,-0.20403137095824234,0.12272727272727273,0.12554483115673065,정상 위험,7
2021-10-20,9,2021-10-20 17:17:05.900,2021-10-20 17:22:46.200,340.3,69,1.9966666666666668,42.66217391304348,17.565942028985507,0,0.1125201507007766,1.81,0.1799999999999999,0.0144927536231884,1.3759391119877724,40.25,2.3800000000000026,0.0869565217391304,1.5404461909389031,15.01,2.669999999999998,0.0869565217391304,0.00029014813,-0.1404204490550083,0.3272727272727272,0.1503260135650634,정상 위험,deployment_demo_not_oof_validation,정상,0.0002252885,-0.20729726695399603,0.10909090909090909,0.12554483115673065,정상 위험,7
2021-10-20,10,2021-10-20 17:23:13.200,2021-10-20 17:28:53.500,340.3,69,2.0434782608695654,42.348985507246375,17.554492753623187,0,0.1272772112007825,1.81,0.2100000000000002,0.1159420289855072,1.4904609876374568,40.03,2.4200000000000017,0.0579710144927536,1.3773125325962576,15.04,2.1899999999999977,0.0434782608695652,0.0012255628,0.3749077834875196,0.6863636363636364,0.1503260135650634,정상 위험,deployment_demo_not_oof_validation,정상,0.001817437,0.6662388710013956,0.740909090909091,0.12554483115673065,정상 위험,7
2021-10-20,11,2021-10-20 17:29:20.200,2021-10-20 17:35:00.500,340.3,69,1.992608695652174,42.33521739130435,17.654202898550725,0,0.1066833160492944,1.81,0.1500000000000001,0.0434782608695652,1.387043627855824,40.13,2.020000000000003,0.0579710144927536,1.3739684962964047,15.2,2.0599999999999987,0.072463768115942,0.0004226541,-0.0674217401292732,0.4409090909090909,0.1503260135650634,정상 위험,deployment_demo_not_oof_validation,정상,0.0006200171,0.009271546104887014,0.509090909090909,0.12554483115673065,정상 위험,7
2021-10-20,12,2021-10-20 17:35:28.200,2021-10-20 17:41:08.500,340.3,69,2.008260869565217,42.34028985507246,17.543623188405796,0,0.1205740743977734,1.81,0.1600000000000001,0.0869565217391304,1.2174599534596282,40.09,1.7800000000000011,0.0144927536231884,1.482643675226682,15.07,2.68,0.1159420289855072,0.0004508458,-0.051890673046751,0.4681818181818182,0.1503260135650634,정상 위험,deployment_demo_not_oof_validation,정상,0.00069351384,0.04959569868552193,0.5545454545454546,0.12554483115673065,정상 위험,7
2021-10-20,13,2021-10-20 17:41:36.000,2021-10-20 17:47:16.400,340.4,69,1.9918840579710144,42.408550724637685,17.369855072463768,0,0.0985076193278654,1.81,0.1600000000000001,0.0144927536231884,1.4426591821256762,40.06,2.4200000000000017,0.0434782608695652,1.4348903347659618,15.18,2.4499999999999997,0.072463768115942,0.00015824371,-0.2130877683703588,0.009090909090909,0.1503260135650634,정상 위험,deployment_demo_not_oof_validation,정상,0.00019842548,-0.22203573060660584,0.00909090909090909,0.12554483115673065,정상 위험,7
2021-10-20,14,2021-10-20 17:47:42.800,2021-10-20 17:53:23.100,340.3,69,2.021014492753623,42.54739130434783,17.253333333333334,0,0.161146124111885,1.81,0.2100000000000002,0.1159420289855072,1.3468204956750294,40.09,2.119999999999997,0.0869565217391304,1.299034332140006,15.23,2.009999999999998,0.0289855072463768,0.018666169,9.983092556111274,0.9409090909090908,0.1503260135650634,정상 위험,deployment_demo_not_oof_validation,정상,0.02361937,12.627922584425534,0.9590909090909091,0.12554483115673065,정상 위험,7
2021-10-20,15,2021-10-20 17:53:49.100,2021-10-20 17:59:29.500,340.4,69,1.9943478260869567,42.65028985507247,17.53405797101449,0,0.1105265241105921,1.81,0.1699999999999999,0.0,1.3294724418249655,40.29,2.1500000000000057,0.072463768115942,1.3287990141926476,15.15,1.9600000000000009,0.0144927536231884,0.00028532936,-0.1430751574552595,0.3227272727272727,0.1503260135650634,정상 위험,deployment_demo_not_oof_validation,정상,0.00027073355,-0.18236373048997637,0.22727272727272727,0.12554483115673065,정상 위험,7
2021-10-20,16,2021-10-20 17:59:55.800,2021-10-20 18:05:36.200,340.4,69,2.001304347826087,42.411159420289856,17.316521739130433,0,0.1166935786765828,1.81,0.2199999999999999,0.0144927536231884,1.237486228362924,40.1,1.730000000000004,0.0434782608695652,1.415793091071694,15.04,2.039999999999999,0.0869565217391304,0.00042835294,-0.0642821929439907,0.45,0.1503260135650634,정상 위험,deployment_demo_not_oof_validation,정상,0.0006564251,0.02924686198682065,0.5363636363636364,0.12554483115673065,정상 위험,7
2021-10-20,17,2021-10-20 18:06:04.100,2021-10-20 18:11:44.500,340.4,69,2.0357971014492757,42.37144927536232,17.541884057971014,0,0.1098984263268674,1.81,0.1600000000000001,0.072463768115942,1.360618669146631,40.19,2.25,0.0289855072463768,1.6201527482111775,10.88,2.4599999999999973,0.0579710144927536,0.0016035585,0.583149015883609,0.7227272727272728,0.1503260135650634,정상 위험,deployment_demo_not_oof_validation,정상,0.0018977418,0.7102982956212557,0.740909090909091,0.12554483115673065,정상 위험,7
2021-10-20,18,2021-10-20 18:12:11.700,2021-10-20 18:17:52.000,340.3,69,2.020289855072464,42.39971014492753,17.68913043478261,0,0.1137330596887077,1.81,0.2199999999999999,0.0144927536231884,1.4102992705080604,37.67,1.8499999999999943,0.0579710144927536,1.398149763848043,13.76,2.3599999999999994,0.0289855072463768,0.0004338452,-0.0612564519591828,0.4545454545454545,0.1503260135650634,정상 위험,deployment_demo_not_oof_validation,정상,0.00072290696,0.06572230665774828,0.5636363636363636,0.12554483115673065,정상 위험,7
2021-10-20,19,2021-10-20 18:18:18.700,2021-10-20 18:23:59.000,340.3,69,2.008985507246377,42.52347826086957,17.2968115942029,0,0.1196089821476659,1.81,0.2000000000000001,0.0434782608695652,1.4007443673307045,40.01,2.3200000000000003,0.0289855072463768,1.4550434527103862,15.02,2.370000000000001,0.0289855072463768,0.00017021257,-0.2064940154080335,0.0409090909090909,0.1503260135650634,정상 위험,deployment_demo_not_oof_validation,정상,0.00019954411,-0.22142198889519674,0.013636363636363636,0.12554483115673065,정상 위험,7
2021-10-20,20,2021-10-20 18:24:25.100,2021-10-20 18:30:05.400,340.3,69,2.028840579710145,42.885362318840585,17.421014492753624,0,0.1443803823227345,1.81,0.1900000000000001,0.0579710144927536,1.4396400486704033,40.08,2.140000000000001,0.072463768115942,1.5504602209814011,13.94,2.3200000000000003,0.072463768115942,0.0018295201,0.7076332458583784,0.7363636363636363,0.1503260135650634,정상 위험,deployment_demo_not_oof_validation,정상,0.0026271222,1.1104746258057376,0.7909090909090909,0.12554483115673065,정상 위험,7
2021-10-20,21,2021-10-20 18:30:31.700,2021-10-20 18:36:12.100,340.4,69,2.01768115942029,42.04144927536232,17.43449275362319,0,0.1279722502955027,1.81,0.2099999999999999,0.1159420289855072,1.8483953894585237,37.0,2.519999999999996,0.0434782608695652,1.3321152310957587,15.04,2.2600000000000016,0.0289855072463768,0.0056255497,2.7988996858027737,0.8681818181818182,0.1503260135650634,정상 위험,deployment_demo_not_oof_validation,정상,0.004852946,2.3316781979562284,0.8454545454545455,0.12554483115673065,정상 위험,7
2021-10-20,22,2021-10-20 18:36:40.000,2021-10-20 18:42:20.400,340.4,69,1.9985507246376808,42.721739130434784,17.457391304347826,0,0.141715076228147,1.81,0.2299999999999999,0.072463768115942,1.3527053030237757,40.09,2.1500000000000057,0.0869565217391304,1.3739505644136856,15.06,2.16,0.0289855072463768,0.00101126,0.2568464689058929,0.6318181818181818,0.1503260135650634,정상 위험,deployment_demo_not_oof_validation,정상,0.00074683025,0.07884787797877142,0.5681818181818182,0.12554483115673065,정상 위험,7
2021-10-21,1,2021-10-21 16:22:44.000,2021-10-21 16:28:24.300,340.3,69,1.9959420289855072,42.541014492753625,16.82782608695652,0,0.1131412292951199,1.81,0.2000000000000001,0.0289855072463768,1.3794032649787116,40.04,2.240000000000002,0.0579710144927536,1.978870644618539,11.05,2.35,0.0289855072463768,0.001137112,0.3261794894138047,0.6454545454545455,0.1503260135650634,정상 위험,deployment_demo_not_oof_validation,정상,0.001186579,0.3005521548135234,0.6136363636363636,0.021571408957242966,정상 위험,8
2021-10-21,2,2021-10-21 16:28:52.100,2021-10-21 16:34:32.400,340.3,69,1.9930434782608697,42.34246376811594,17.568115942028985,0,0.1109624253815106,1.81,0.1800000000000001,0.0289855072463768,1.4327538331695582,40.02,2.1200000000000045,0.0144927536231884,1.3900129869921434,15.01,2.349999999999998,0.0579710144927536,0.00020340389,-0.1882086234243375,0.1590909090909091,0.1503260135650634,정상 위험,deployment_demo_not_oof_validation,정상,0.0004264456,-0.18661171884767752,0.16363636363636364,0.021571408957242966,정상 위험,8
2021-10-21,3,2021-10-21 16:34:59.700,2021-10-21 16:40:40.000,340.3,69,2.0201449275362315,42.59507246376811,17.3731884057971,0,0.116814241094231,1.81,0.1999999999999999,0.0434782608695652,1.5115755543261762,40.03,2.3500000000000014,0.1159420289855072,1.247936523595019,15.33,1.8499999999999976,0.0,0.0002553811,-0.159573913946551,0.2818181818181818,0.1503260135650634,정상 위험,deployment_demo_not_oof_validation,정상,0.00040503422,-0.20033410604752985,0.12727272727272726,0.021571408957242966,정상 위험,8
2021-10-21,4,2021-10-21 16:41:05.300,2021-10-21 16:46:45.600,340.3,69,2.0159420289855072,42.65217391304348,17.61449275362319,0,0.1193403294657725,1.81,0.2199999999999999,0.0434782608695652,1.4091986349833283,40.01,2.219999999999999,0.072463768115942,1.4831956122546424,12.21,2.3200000000000003,0.0434782608695652,0.00044165945,-0.056951521584932,0.4545454545454545,0.1503260135650634,정상 위험,deployment_demo_not_oof_validation,정상,0.0006989018,-0.011996571161191516,0.4772727272727273,0.021571408957242966,정상 위험,8
2021-10-21,5,2021-10-21 16:47:13.300,2021-10-21 16:52:53.600,340.3,69,2.0320289855072464,41.94855072463768,17.247826086956522,0,0.1323273537831456,1.81,0.24,0.0579710144927536,1.442053555506174,40.03,2.410000000000004,0.0434782608695652,1.2943597890181502,15.16,1.9600000000000009,0.0,0.00046604706,-0.0435161689081067,0.4681818181818182,0.1503260135650634,정상 위험,deployment_demo_not_oof_validation,정상,0.00062703533,-0.058055239132632934,0.45,0.021571408957242966,정상 위험,8
2021-10-21,6,2021-10-21 16:53:19.100,2021-10-21 16:58:59.400,340.3,69,2.002608695652174,42.338550724637685,17.389565217391304,0,0.1153466919119848,1.81,0.2100000000000002,0.0289855072463768,1.4535992604184869,40.06,2.369999999999997,0.0289855072463768,1.2787958890421889,15.01,1.7100000000000009,0.072463768115942,0.00019225702,-0.1943495325682485,0.1227272727272727,0.1503260135650634,정상 위험,deployment_demo_not_oof_validation,정상,0.00037573738,-0.2191102384509799,0.07272727272727272,0.021571408957242966,정상 위험,8
2021-10-21,7,2021-10-21 16:59:25.400,2021-10-21 17:05:05.700,340.3,69,1.9959420289855072,42.53565217391304,17.10550724637681,0,0.1091453273039815,1.82,0.1700000000000001,0.0289855072463768,1.3376960859680809,40.05,2.0799999999999983,0.0579710144927536,2.0177444718356154,11.57,3.110000000000001,0.0579710144927536,0.0010208023,0.26210342390195,0.6318181818181818,0.1503260135650634,정상 위험,deployment_demo_not_oof_validation,정상,0.0012354961,0.3319027852535161,0.6454545454545455,0.021571408957242966,정상 위험,8
2021-10-21,8,2021-10-21 17:05:32.400,2021-10-21 17:11:12.700,340.3,69,2.019855072463768,42.47623188405797,17.655797101449274,0,0.1116255920690863,1.81,0.1700000000000001,0.0434782608695652,1.458210125108332,40.08,2.450000000000003,0.072463768115942,1.3841693259614776,15.09,2.02,0.072463768115942,0.00019332873,-0.1937591208151945,0.1227272727272727,0.1503260135650634,정상 위험,deployment_demo_not_oof_validation,정상,0.0004567095,-0.1672158035170984,0.21363636363636362,0.021571408957242966,정상 위험,8
2021-10-21,9,2021-10-21 17:11:40.600,2021-10-21 17:17:21.000,340.4,69,1.9844927536231884,42.43333333333334,17.67014492753623,0,0.1144107182335545,1.81,0.1899999999999999,0.0289855072463768,1.4925921655124077,37.8,2.309999999999995,0.0434782608695652,1.4271170989029751,12.55,1.9800000000000004,0.0434782608695652,0.00032992742,-0.1185056846642068,0.35,0.1503260135650634,정상 위험,deployment_demo_not_oof_validation,정상,0.00066124985,-0.03612740571807759,0.4590909090909091,0.021571408957242966,정상 위험,8
2021-10-21,10,2021-10-21 17:17:48.100,2021-10-21 17:23:28.500,340.4,69,2.00231884057971,42.249420289855074,17.148840579710146,0,0.100500876898958,1.81,0.1500000000000001,0.0144927536231884,1.4254709067718128,40.09,2.1899999999999977,0.072463768115942,1.56940466066509,13.27,1.9399999999999975,0.0434782608695652,0.00078287465,0.1310269641529428,0.5545454545454546,0.1503260135650634,정상 위험,deployment_demo_not_oof_validation,정상,0.0014230554,0.45210814327953247,0.7090909090909091,0.021571408957242966,정상 위험,8
2021-10-21,11,2021-10-21 17:23:55.200,2021-10-21 17:29:35.500,340.3,69,2.001159420289855,42.36449275362319,17.226666666666667,0,0.1332019280010181,1.81,0.1899999999999999,0.0869565217391304,1.4104792012477891,40.08,2.3400000000000034,0.072463768115942,1.268827233716083,15.01,1.9899999999999984,0.0289855072463768,0.0004926973,-0.0288343192682639,0.4727272727272727,0.1503260135650634,정상 위험,deployment_demo_not_oof_validation,정상,0.001716225,0.6399983182969571,0.7227272727272728,0.021571408957242966,정상 위험,8
2021-10-21,12,2021-10-21 17:30:02.400,2021-10-21 17:35:42.700,340.3,69,1.9902898550724637,42.34478260869565,17.573768115942027,0,0.1117240694285907,1.81,0.1599999999999999,0.0434782608695652,1.37166666407701,40.06,2.3799999999999955,0.0144927536231884,1.500415728124626,15.01,2.740000000000002,0.0434782608695652,0.00020014225,-0.1900054883272665,0.1409090909090909,0.1503260135650634,정상 위험,deployment_demo_not_oof_validation,정상,0.0007863288,0.04403476745708389,0.5181818181818182,0.021571408957242966,정상 위험,8
2021-10-21,13,2021-10-21 17:36:08.500,2021-10-21 17:41:48.800,340.3,69,1.99463768115942,42.41449275362319,17.225942028985507,0,0.1173554142983277,1.81,0.1900000000000001,0.0144927536231884,1.3702227558619846,40.22,2.270000000000003,0.0579710144927536,1.4626288971258523,13.76,2.2300000000000004,0.0289855072463768,0.00020902992,-0.1851091922032122,0.1818181818181818,0.1503260135650634,정상 위험,deployment_demo_not_oof_validation,정상,0.0006673288,-0.03223147277027879,0.4636363636363636,0.021571408957242966,정상 위험,8
2021-10-21,14,2021-10-21 17:42:16.400,2021-10-21 17:47:56.700,340.3,69,2.0020289855072466,42.38275362318841,17.5631884057971,0,0.119096842825553,1.81,0.2000000000000001,0.0434782608695652,1.5770205377993944,37.53,2.520000000000003,0.0434782608695652,1.4093203334290394,13.04,1.889999999999997,0.0144927536231884,0.00049913046,-0.0252902293604997,0.4727272727272727,0.1503260135650634,정상 위험,deployment_demo_not_oof_validation,정상,0.00061821856,-0.06370584342751523,0.45,0.021571408957242966,정상 위험,8
2021-10-21,15,2021-10-21 17:48:21.900,2021-10-21 17:54:02.200,340.3,69,2.0011594202898557,42.43623188405797,17.259565217391305,0,0.1091347821824552,1.82,0.1800000000000001,0.0434782608695652,1.6790141552930211,34.09,1.9200000000000017,0.0434782608695652,1.5052725322742846,15.04,2.4899999999999984,0.0579710144927536,0.0039362335,1.8682403583266305,0.8318181818181818,0.1503260135650634,정상 위험,deployment_demo_not_oof_validation,정상,0.003787582,1.9675157495052582,0.8636363636363636,0.021571408957242966,정상 위험,8
2021-10-21,16,2021-10-21 17:54:28.000,2021-10-21 18:00:08.300,340.3,69,2.002028985507246,42.94768115942029,17.359565217391303,0,0.1187506001241173,1.81,0.1900000000000001,0.0289855072463768,1.425438162695676,40.11,2.1300000000000026,0.1304347826086956,1.4255127403464432,13.83,2.389999999999997,0.0434782608695652,0.0001871291,-0.1971745494302412,0.0818181818181818,0.1503260135650634,정상 위험,deployment_demo_not_oof_validation,정상,0.0005492493,-0.10790773665283906,0.40454545454545454,0.021571408957242966,정상 위험,8
2021-10-21,17,2021-10-21 18:00:35.100,2021-10-21 18:06:15.400,340.3,69,2.006086956521739,42.59043478260869,17.47159420289855,0,0.1195729827750343,1.81,0.2300000000000002,0.0434782608695652,1.5927726793815062,40.01,3.059999999999995,0.0579710144927536,1.417594921802008,15.02,2.530000000000001,0.0,0.0003147751,-0.1268532363904818,0.3454545454545454,0.1503260135650634,정상 위험,deployment_demo_not_oof_validation,정상,0.0005119804,-0.13179310523762272,0.36818181818181817,0.021571408957242966,정상 위험,8
2021-10-21,18,2021-10-21 18:06:42.500,2021-10-21 18:12:22.800,340.3,69,2.004927536231884,41.96536231884058,17.481884057971016,0,0.1220489678536229,1.81,0.1599999999999999,0.0579710144927536,1.5608223508497665,37.25,2.25,0.0144927536231884,1.4907916130092045,13.23,2.34,0.0289855072463768,0.00043809653,-0.0589143658887222,0.4545454545454545,0.1503260135650634,정상 위험,deployment_demo_not_oof_validation,정상,0.0009324228,0.13766533769971787,0.5409090909090909,0.021571408957242966,정상 위험,8
2021-10-21,19,2021-10-21 18:12:50.100,2021-10-21 18:18:30.500,340.4,69,1.990434782608696,42.49869565217391,17.239420289855072,0,0.1197354287169239,1.81,0.2200000000000002,0.0144927536231884,1.4219000472063863,40.14,2.269999999999996,0.0579710144927536,1.4991898636361327,13.85,2.150000000000002,0.0144927536231884,0.00029321038,-0.1387334300635264,0.3272727272727272,0.1503260135650634,정상 위험,deployment_demo_not_oof_validation,정상,0.0010980509,0.243815120177883,0.5772727272727273,0.021571408957242966,정상 위험,8
2021-10-21,20,2021-10-21 18:18:57.000,2021-10-21 18:24:37.300,340.3,69,2.0071014492753623,42.50289855072464,17.46463768115942,0,0.1155562181654117,1.81,0.1700000000000001,0.0144927536231884,1.4239878773538803,40.1,2.309999999999995,0.0434782608695652,1.3175261797936322,13.83,1.7099999999999973,0.0144927536231884,0.000243376,-0.1661876367063813,0.2636363636363636,0.1503260135650634,정상 위험,deployment_demo_not_oof_validation,정상,0.0006673288,-0.03223147277027879,0.4636363636363636,0.021571408957242966,정상 위험,8
2021-10-21,21,2021-10-21 18:25:04.300,2021-10-21 18:30:44.700,340.4,69,2.023188405797101,42.25376811594203,17.579275362318842,0,0.1212737878863503,1.81,0.1799999999999999,0.0289855072463768,1.7397389099663232,34.64,2.640000000000001,0.072463768115942,1.4240758807862024,15.06,2.43,0.072463768115942,0.0025301785,1.093632195556058,0.7772727272727272,0.1503260135650634,정상 위험,deployment_demo_not_oof_validation,정상,0.002411223,1.0854174392269806,0.7818181818181819,0.021571408957242966,정상 위험,8
2021-10-21,22,2021-10-21 18:31:11.400,2021-10-21 18:36:51.800,340.4,69,2.0163768115942027,42.399275362318846,17.37463768115942,0,0.1239066419728123,1.81,0.1699999999999999,0.0579710144927536,1.3247422821956722,40.1,1.7100000000000009,0.0579710144927536,1.5619375031842238,11.57,2.6899999999999977,0.0289855072463768,0.0021632214,0.891472235481864,0.7545454545454545,0.1503260135650634,정상 위험,deployment_demo_not_oof_validation,정상,0.0014628989,0.4776435430819547,0.7090909090909091,0.021571408957242966,정상 위험,8
2021-10-22,1,2021-10-22 16:28:10.000,2021-10-22 16:33:50.300,340.3,69,2.0201449275362315,42.50260869565217,17.572753623188405,0,0.1375680874589998,1.81,0.1900000000000001,0.072463768115942,1.6082294357953302,36.32,2.3599999999999994,0.072463768115942,1.351442458197004,15.19,2.139999999999997,0.0289855072463768,0.0045345128,2.1978377375067604,0.8454545454545455,0.1503260135650634,정상 위험,deployment_demo_not_oof_validation,정상,0.0016924943,0.5976887313646174,0.7363636363636363,0.12554483115673065,정상 위험,7
2021-10-22,2,2021-10-22 16:34:17.300,2021-10-22 16:39:57.600,340.3,69,2.008550724637681,42.47347826086957,17.615652173913045,0,0.1187715969502567,1.81,0.1700000000000001,0.0579710144927536,1.4145169889472728,40.03,2.3299999999999983,0.0,1.489747785859454,13.36,2.4800000000000004,0.1014492753623188,0.00031726068,-0.1254839063333764,0.3454545454545454,0.1503260135650634,정상 위험,deployment_demo_not_oof_validation,정상,0.00029822675,-0.16727952216033762,0.2727272727272727,0.12554483115673065,정상 위험,7
2021-10-22,3,2021-10-22 16:40:23.200,2021-10-22 16:46:03.500,340.3,69,2.020289855072464,42.32666666666667,17.02231884057971,1,0.1473288739570396,1.81,0.2200000000000002,0.0869565217391304,1.9106817898228852,35.07,2.479999999999997,0.0434782608695652,1.4948245469811698,12.85,2.400000000000002,0.0289855072463768,0.9749392,536.8024179055634,1.0,0.1503260135650634,불량 위험,deployment_demo_not_oof_validation,불량,0.7867558,431.32457579351654,1.0,0.12554483115673065,불량 위험,7
2021-10-22,4,2021-10-22 16:46:29.800,2021-10-22 16:52:10.200,340.4,69,2.006231884057971,42.31536231884058,17.454927536231885,0,0.1073490931120816,1.82,0.1599999999999999,0.0289855072463768,1.501703522582177,37.93,2.3200000000000003,0.0434782608695652,1.5143923487155673,13.3,2.5,0.0869565217391304,0.0003570799,-0.1035471438998796,0.3681818181818181,0.1503260135650634,정상 위험,deployment_demo_not_oof_validation,정상,0.00031801197,-0.15642431294133544,0.29545454545454547,0.12554483115673065,정상 위험,7
2021-10-22,5,2021-10-22 16:52:36.300,2021-10-22 16:58:16.600,340.3,69,2.0205797101449274,42.297826086956526,17.437246376811594,0,0.1249103685468223,1.81,0.1899999999999999,0.1014492753623188,1.593366644381358,40.03,2.9399999999999977,0.0289855072463768,1.334097937204333,15.03,1.9800000000000004,0.072463768115942,0.0011645589,0.3413002256591126,0.6636363636363637,0.1503260135650634,정상 위험,deployment_demo_not_oof_validation,정상,0.0015877465,0.5402186447661346,0.7272727272727273,0.12554483115673065,정상 위험,7
2021-10-22,6,2021-10-22 16:58:42.400,2021-10-22 17:04:22.800,340.4,69,2.00536231884058,42.45449275362319,16.929275362318844,0,0.1324606457665704,1.81,0.1799999999999999,0.0579710144927536,1.3219588142466332,40.17,1.980000000000004,0.0579710144927536,1.8453473440302104,11.85,2.210000000000001,0.0289855072463768,0.0124924285,6.581924252409566,0.9181818181818182,0.1503260135650634,정상 위험,deployment_demo_not_oof_validation,정상,0.014780324,7.778358237089688,0.9363636363636364,0.12554483115673065,정상 위험,7
2021-10-22,7,2021-10-22 17:04:50.000,2021-10-22 17:10:30.300,340.3,69,2.0094202898550724,42.33057971014493,17.109855072463766,0,0.1109966090893163,1.81,0.1699999999999999,0.0289855072463768,1.20255595939009,40.08,1.2800000000000011,0.0289855072463768,1.3185469863291617,15.07,2.2399999999999984,0.0144927536231884,0.00058272225,0.020761230001798,0.5136363636363637,0.1503260135650634,정상 위험,deployment_demo_not_oof_validation,정상,0.0006759559,0.03996249590403734,0.5545454545454546,0.12554483115673065,정상 위험,7
2021-10-22,8,2021-10-22 17:10:58.200,2021-10-22 17:16:38.500,340.3,69,1.9957971014492757,42.56449275362319,17.71202898550725,0,0.1137128193546905,1.82,0.1999999999999999,0.0434782608695652,1.5284339700104848,37.99,2.43,0.0579710144927536,1.3997558397492724,15.02,2.3000000000000007,0.0869565217391304,0.000194442,-0.1931458131401516,0.1272727272727272,0.1503260135650634,정상 위험,deployment_demo_not_oof_validation,정상,0.00023879748,-0.19988553260400646,0.1318181818181818,0.12554483115673065,정상 위험,7
2021-10-22,9,2021-10-22 17:17:05.400,2021-10-22 17:22:45.800,340.4,69,2.0091304347826084,42.3636231884058,17.270434782608696,0,0.1202538874317801,1.82,0.1699999999999999,0.0434782608695652,1.649987496400479,36.58,2.3700000000000045,0.072463768115942,1.445011128374214,15.04,2.589999999999998,0.0434782608695652,0.00024764668,-0.1638348803025288,0.2772727272727273,0.1503260135650634,정상 위험,deployment_demo_not_oof_validation,정상,0.00038291435,-0.12081546147521274,0.34545454545454546,0.12554483115673065,정상 위험,7
2021-10-22,10,2021-10-22 17:23:12.000,2021-10-22 17:28:52.300,340.3,69,2.002608695652174,42.76347826086956,17.554057971014494,0,0.1268469686381405,1.81,0.1699999999999999,0.0434782608695652,1.4297293307053909,37.55,1.9799999999999969,0.072463768115942,1.4704724319280962,15.04,2.460000000000001,0.072463768115942,0.00034987094,-0.107518624351438,0.35,0.1503260135650634,정상 위험,deployment_demo_not_oof_validation,정상,0.0005544363,-0.02670953277914226,0.45,0.12554483115673065,정상 위험,7
2021-10-22,11,2021-10-22 17:29:20.000,2021-10-22 17:35:00.400,340.4,69,1.997391304347826,42.258405797101446,17.193768115942028,0,0.1135477636466522,1.81,0.2000000000000001,0.0289855072463768,1.22458831400166,40.26,1.7999999999999972,0.0289855072463768,1.4760799650039642,15.02,2.49,0.0289855072463768,0.000400508,-0.0796222201732224,0.4090909090909091,0.1503260135650634,정상 위험,deployment_demo_not_oof_validation,정상,0.00053085777,-0.03964594850870552,0.43636363636363634,0.12554483115673065,정상 위험,7
2021-10-22,12,2021-10-22 17:35:27.100,2021-10-22 17:41:07.400,340.3,69,2.023913043478261,42.18840579710145,17.500434782608696,0,0.1159895709219576,1.81,0.1999999999999999,0.0289855072463768,1.8134015998445685,35.01,2.309999999999995,0.0289855072463768,1.5839799415532276,12.58,2.5599999999999987,0.0579710144927536,0.026385643,14.235819330347914,0.9454545454545454,0.1503260135650634,정상 위험,deployment_demo_not_oof_validation,정상,0.019468259,10.35040520829047,0.95,0.12554483115673065,정상 위험,7
2021-10-22,13,2021-10-22 17:41:34.400,2021-10-22 17:47:14.700,340.3,69,2.0391304347826087,42.380434782608695,17.201884057971014,0,0.1309213855989965,1.83,0.2000000000000001,0.072463768115942,1.3337226040877956,37.59,2.059999999999995,0.0,1.4699442520064565,15.03,2.41,0.072463768115942,0.00027023145,-0.1513927264265489,0.2954545454545454,0.1503260135650634,정상 위험,deployment_demo_not_oof_validation,정상,0.0004772898,-0.06903613825079748,0.40454545454545454,0.12554483115673065,정상 위험,7
2021-10-22,14,2021-10-22 17:47:42.600,2021-10-22 17:53:23.000,340.4,69,1.9814492753623187,42.37855072463768,17.409855072463767,0,0.1016232280406814,1.82,0.1700000000000001,0.0144927536231884,1.5021222979918998,40.01,2.6099999999999994,0.072463768115942,2.055214668016045,11.57,2.9499999999999997,0.0434782608695652,0.0009930374,0.2468074729259029,0.6272727272727273,0.1503260135650634,정상 위험,deployment_demo_not_oof_validation,정상,0.0012312692,0.34463648969121985,0.6545454545454545,0.12554483115673065,정상 위험,7
2021-10-22,15,2021-10-22 17:53:48.400,2021-10-22 17:59:28.700,340.3,69,2.0010144927536238,42.65202898550724,17.19449275362319,0,0.1083451039575723,1.82,0.1699999999999999,0.0144927536231884,1.4872245960672803,40.02,2.5799999999999983,0.0869565217391304,1.9956390221090496,11.05,2.3599999999999994,0.0289855072463768,0.0011972352,0.3593018717524452,0.6772727272727272,0.1503260135650634,정상 위험,deployment_demo_not_oof_validation,정상,0.0016316856,0.5643259388762373,0.7318181818181818,0.12554483115673065,정상 위험,7
2021-10-22,16,2021-10-22 17:59:55.700,2021-10-22 18:05:36.000,340.3,69,1.998695652173913,42.91144927536232,17.615942028985508,0,0.1357106897202568,1.81,0.2200000000000002,0.0434782608695652,1.4250142159892745,40.07,2.3000000000000043,0.0579710144927536,1.3423304130378673,13.94,1.84,0.0579710144927536,0.0003071141,-0.1310737500775673,0.3454545454545454,0.1503260135650634,정상 위험,deployment_demo_not_oof_validation,정상,0.00067163265,0.03759053013592999,0.5545454545454546,0.12554483115673065,정상 위험,7
2021-10-22,17,2021-10-22 18:06:02.300,2021-10-22 18:11:42.700,340.4,69,1.9763768115942029,42.61884057971015,17.047971014492752,0,0.0998671325325444,1.81,0.1400000000000001,0.0144927536231884,1.2977905842939426,40.08,1.7700000000000031,0.0869565217391304,1.9262769482866235,11.57,2.41,0.0579710144927536,0.0017716062,0.6757279389023284,0.7318181818181818,0.1503260135650634,정상 위험,deployment_demo_not_oof_validation,정상,0.0027511755,1.1785367868104868,0.7909090909090909,0.12554483115673065,정상 위험,7
2021-10-22,18,2021-10-22 18:12:07.900,2021-10-22 18:17:48.200,340.3,69,1.99,42.57478260869565,17.429565217391307,0,0.1048668623709578,1.81,0.1699999999999999,0.0,1.3013246742947695,40.16,2.0,0.0289855072463768,1.238614542404025,15.09,1.8999999999999984,0.0289855072463768,0.00049132644,-0.0295895319556062,0.4727272727272727,0.1503260135650634,정상 위험,deployment_demo_not_oof_validation,정상,0.0005947514,-0.00459055997991112,0.4909090909090909,0.12554483115673065,정상 위험,7
2021-10-22,19,2021-10-22 18:18:13.300,2021-10-22 18:23:53.600,340.3,69,2.0214492753623188,42.3727536231884,17.376521739130435,0,0.1235655977527587,1.82,0.1799999999999999,0.0579710144927536,1.4208022630748938,40.05,2.460000000000001,0.0289855072463768,1.3320018394340731,15.16,2.169999999999998,0.0144927536231884,0.00027050986,-0.1512393494029169,0.2954545454545454,0.1503260135650634,정상 위험,deployment_demo_not_oof_validation,정상,0.00023678939,-0.2009872768992752,0.12727272727272726,0.12554483115673065,정상 위험,7
2021-10-22,20,2021-10-22 18:24:19.100,2021-10-22 18:29:59.500,340.4,69,2.0218840579710142,42.4668115942029,17.530289855072464,0,0.131073344558987,1.81,0.2100000000000002,0.0869565217391304,1.357240380063665,40.03,2.260000000000005,0.0579710144927536,1.3882277858250585,15.02,2.169999999999998,0.0579710144927536,0.00021821418,-0.1800495060980454,0.2181818181818181,0.1503260135650634,정상 위험,deployment_demo_not_oof_validation,정상,0.00029332502,-0.1699688656539098,0.2727272727272727,0.12554483115673065,정상 위험,7
2021-10-22,21,2021-10-22 18:30:26.500,2021-10-22 18:36:06.800,340.3,69,1.993623188405797,42.541304347826085,17.53521739130435,0,0.1164546240146369,1.81,0.1899999999999999,0.0434782608695652,1.3841518033921565,40.02,2.539999999999999,0.0434782608695652,1.3322234937652742,15.03,2.110000000000003,0.0579710144927536,0.00020577163,-0.1869042132468774,0.1590909090909091,0.1503260135650634,정상 위험,deployment_demo_not_oof_validation,정상,0.00023812655,-0.20025364030702222,0.1318181818181818,0.12554483115673065,정상 위험,7
2021-10-22,22,2021-10-22 18:36:33.200,2021-10-22 18:42:13.500,340.3,69,2.026666666666667,42.60231884057971,17.550289855072464,0,0.1235940540482365,1.81,0.1899999999999999,0.0579710144927536,1.509468298409913,37.34,2.140000000000001,0.0579710144927536,1.4084127183949822,15.07,2.5299999999999976,0.0434782608695652,0.00018257799,-0.1996817971900635,0.0681818181818181,0.1503260135650634,정상 위험,deployment_demo_not_oof_validation,정상,0.00025571955,-0.1906011962214933,0.19090909090909092,0.12554483115673065,정상 위험,7
2021-10-25,1,2021-10-25 16:23:47.000,2021-10-25 16:29:27.300,340.3,69,2.0094202898550724,42.42623188405797,17.53521739130435,0,0.1100652755249599,1.81,0.1599999999999999,0.0144927536231884,1.4696309074943184,40.17,2.5,0.0579710144927536,1.415150801250994,15.1,2.1499999999999986,0.1014492753623188,0.00020597834,-0.1867903348953881,0.1590909090909091,0.1503260135650634,정상 위험,deployment_demo_not_oof_validation,정상,0.00047334554,-0.15655388829571054,0.2818181818181818,0.021571408957242966,정상 위험,8
2021-10-25,2,2021-10-25 16:29:53.000,2021-10-25 16:35:33.200,340.2,69,2.003333333333333,42.61797101449275,17.595797101449275,0,0.1280356874269903,1.81,0.1899999999999999,0.072463768115942,1.2918882437895325,40.27,2.0,0.0579710144927536,1.294208145134565,15.07,2.360000000000003,0.0144927536231884,0.00065987144,0.0632634045832753,0.5272727272727272,0.1503260135650634,정상 위험,deployment_demo_not_oof_validation,정상,0.0005544334,-0.10458529130217255,0.4090909090909091,0.021571408957242966,정상 위험,8
2021-10-25,3,2021-10-25 16:35:58.300,2021-10-25 16:41:38.700,340.4,69,1.9994202898550728,42.34,17.577536231884057,0,0.1223048753052966,1.81,0.1899999999999999,0.072463768115942,1.5182158646795607,40.02,3.0,0.0144927536231884,1.297255480526554,15.09,2.129999999999999,0.0434782608695652,0.0003337223,-0.1164150528966546,0.35,0.1503260135650634,정상 위험,deployment_demo_not_oof_validation,정상,0.00080229767,0.054269094384818535,0.5227272727272727,0.021571408957242966,정상 위험,8
2021-10-25,4,2021-10-25 16:42:06.400,2021-10-25 16:47:46.800,340.4,69,2.0204347826086955,42.05333333333333,17.550579710144927,0,0.1250933155524624,1.81,0.2299999999999999,0.0869565217391304,1.70133223461763,37.53,2.240000000000002,0.0144927536231884,1.354218772031847,15.21,2.1499999999999986,0.0579710144927536,0.00043808963,-0.0589181658421616,0.4545454545454545,0.1503260135650634,정상 위험,deployment_demo_not_oof_validation,정상,0.0010162658,0.19139970423588654,0.5727272727272728,0.021571408957242966,정상 위험,8
2021-10-25,5,2021-10-25 16:48:13.700,2021-10-25 16:53:54.000,340.3,69,2.0214492753623188,42.40652173913044,17.559565217391302,0,0.1078162293021684,1.83,0.1900000000000001,0.0289855072463768,1.6122489098506405,35.6,1.9200000000000017,0.0434782608695652,1.320605292127783,15.01,1.8200000000000005,0.0434782608695652,0.0038806447,1.837616004451493,0.8272727272727273,0.1503260135650634,정상 위험,deployment_demo_not_oof_validation,정상,0.002037342,0.845799824476908,0.75,0.021571408957242966,정상 위험,8
2021-10-25,6,2021-10-25 16:54:19.800,2021-10-25 17:00:00.200,340.4,69,2.008985507246377,42.719130434782606,17.613623188405796,0,0.115925241218542,1.81,0.1899999999999999,0.0144927536231884,1.4577326664564465,36.98,1.8399999999999963,0.072463768115942,1.3484827759750764,15.33,2.219999999999999,0.072463768115942,0.0004292117,-0.0638090907240126,0.4545454545454545,0.1503260135650634,정상 위험,deployment_demo_not_oof_validation,정상,0.000457508,-0.1667040554615815,0.2545454545454545,0.021571408957242966,정상 위험,8
2021-10-25,7,2021-10-25 17:00:26.400,2021-10-25 17:06:06.800,340.4,69,2.0017391304347827,42.21405797101449,17.669565217391305,0,0.113097518068923,1.82,0.2099999999999999,0.0144927536231884,1.4023439609543853,37.28,1.7999999999999972,0.0144927536231884,1.3490186354429574,15.08,2.1899999999999977,0.0289855072463768,0.00048212789,-0.034657098554931,0.4727272727272727,0.1503260135650634,정상 위험,deployment_demo_not_oof_validation,정상,0.00040920434,-0.19766151134033205,0.15,0.021571408957242966,정상 위험,8
2021-10-25,8,2021-10-25 17:06:32.800,2021-10-25 17:12:13.200,340.4,69,2.0244927536231883,42.40376811594203,17.45927536231884,0,0.1297683029353386,1.81,0.2400000000000002,0.0869565217391304,1.454701406039454,40.07,2.5900000000000034,0.0289855072463768,1.363398995202561,15.15,2.34,0.0144927536231884,0.00033655568,-0.1148541218117002,0.35,0.1503260135650634,정상 위험,deployment_demo_not_oof_validation,정상,0.0009937898,0.17699495520796255,0.5636363636363636,0.021571408957242966,정상 위험,8
2021-10-25,9,2021-10-25 17:12:38.500,2021-10-25 17:18:18.800,340.3,69,2.00231884057971,42.42884057971015,17.533623188405794,0,0.1178252061260067,1.82,0.2100000000000002,0.072463768115942,1.2730342819558915,40.09,2.230000000000004,0.0289855072463768,1.4273751835969783,15.1,2.200000000000003,0.072463768115942,0.00020823858,-0.1855451526841935,0.1681818181818181,0.1503260135650634,정상 위험,deployment_demo_not_oof_validation,정상,0.00046191772,-0.16387789530238378,0.2545454545454545,0.021571408957242966,정상 위험,8
2021-10-25,10,2021-10-25 17:18:45.500,2021-10-25 17:24:25.900,340.4,69,2.0168115942028986,42.31565217391304,17.261449275362317,0,0.1090398301974098,1.81,0.1799999999999999,0.0434782608695652,1.273459251595097,40.09,2.219999999999999,0.0144927536231884,1.4144810681808768,12.67,2.1499999999999986,0.0289855072463768,0.00036080615,-0.101494319264015,0.3727272727272727,0.1503260135650634,정상 위험,deployment_demo_not_oof_validation,정상,0.0007201298,0.0016083243852965958,0.509090909090909,0.021571408957242966,정상 위험,8
2021-10-25,11,2021-10-25 17:24:53.800,2021-10-25 17:30:34.100,340.3,69,2.029275362318841,42.52,17.604057971014495,0,0.1090914193069781,1.82,0.1699999999999999,0.0289855072463768,1.3792527815067537,40.02,2.3499999999999943,0.0434782608695652,1.4650660684164505,15.02,2.66,0.072463768115942,0.0001556454,-0.2145192044175372,0.0045454545454545,0.1503260135650634,정상 위험,deployment_demo_not_oof_validation,정상,0.00039311024,-0.20797609967216676,0.09090909090909091,0.021571408957242966,정상 위험,8
2021-10-25,12,2021-10-25 17:31:00.200,2021-10-25 17:36:40.600,340.4,69,1.9971014492753625,42.48391304347826,17.526956521739134,0,0.1223796101009353,1.81,0.1900000000000001,0.0289855072463768,1.2976123065884195,40.02,2.270000000000003,0.0289855072463768,1.3424717154954775,15.05,2.2799999999999976,0.0434782608695652,0.00019094658,-0.1950714676042685,0.109090909090909,0.1503260135650634,정상 위험,deployment_demo_not_oof_validation,정상,0.00045284588,-0.16969196948932577,0.20909090909090908,0.021571408957242966,정상 위험,8
2021-10-25,13,2021-10-25 17:37:08.100,2021-10-25 17:42:48.400,340.3,69,2.013333333333333,42.41666666666666,17.577971014492753,0,0.1247192926566868,1.81,0.1800000000000001,0.0434782608695652,1.3663989455614245,40.15,2.3399999999999963,0.0579710144927536,1.4423658870372182,15.11,2.3599999999999994,0.1014492753623188,0.00017186266,-0.205584968740633,0.0454545454545454,0.1503260135650634,정상 위험,deployment_demo_not_oof_validation,정상,0.00041837987,-0.1917809785471134,0.15454545454545454,0.021571408957242966,정상 위험,8
2021-10-25,14,2021-10-25 17:43:14.800,2021-10-25 17:48:55.100,340.3,69,2.0331884057971013,42.77768115942029,17.498260869565218,0,0.1195025566256563,1.81,0.2000000000000001,0.0579710144927536,1.3379848158458043,40.16,2.0500000000000043,0.072463768115942,1.3943066551492,15.02,1.9099999999999968,0.072463768115942,0.00026333772,-0.1551905474025733,0.2863636363636364,0.1503260135650634,정상 위험,deployment_demo_not_oof_validation,정상,0.00038985835,-0.21006021022892146,0.07727272727272727,0.021571408957242966,정상 위험,8
2021-10-25,15,2021-10-25 17:49:20.500,2021-10-25 17:55:00.900,340.4,69,2.0004347826086954,42.44492753623188,17.51768115942029,0,0.11701476506393,1.81,0.1700000000000001,0.0434782608695652,1.4225325626257574,40.01,2.220000000000006,0.072463768115942,1.4488485742006796,15.08,2.5500000000000007,0.0434782608695652,0.0001631903,-0.2103626485965679,0.0181818181818181,0.1503260135650634,정상 위험,deployment_demo_not_oof_validation,정상,0.00039715765,-0.2053821436077033,0.11818181818181818,0.021571408957242966,정상 위험,8
2021-10-25,16,2021-10-25 17:55:27.500,2021-10-25 18:01:07.800,340.3,69,2.0369565217391306,42.44434782608696,16.82840579710145,1,0.1564900330205813,1.81,0.2099999999999999,0.1014492753623188,1.415620294575605,40.17,1.9200000000000017,0.0869565217391304,1.6077840277742217,11.09,2.2300000000000004,0.0144927536231884,0.75285864,414.4562483762765,1.0,0.1503260135650634,불량 위험,deployment_demo_not_oof_validation,불량,0.02984107,18.665002758041485,0.990909090909091,0.021571408957242966,불량 위험,8
2021-10-25,17,2021-10-25 18:01:33.700,2021-10-25 18:07:14.000,340.3,69,2.016521739130434,42.30608695652174,17.663768115942027,0,0.1278421141021511,1.82,0.1800000000000001,0.0434782608695652,1.6954048773699215,36.54,2.710000000000001,0.072463768115942,1.4263786947137016,15.04,2.3599999999999994,0.0434782608695652,0.00045107215,-0.0517659800598405,0.4681818181818182,0.1503260135650634,정상 위험,deployment_demo_not_oof_validation,정상,0.0006364183,-0.05204177047443145,0.45,0.021571408957242966,정상 위험,8
2021-10-25,18,2021-10-25 18:07:41.500,2021-10-25 18:13:21.800,340.3,69,1.9927536231884055,42.541014492753625,17.389275362318838,0,0.1176470801364004,1.81,0.1899999999999999,0.0144927536231884,1.5276733028940146,37.63,2.270000000000003,0.072463768115942,1.5176881788940195,12.42,2.099999999999998,0.0289855072463768,0.00051198015,-0.018211220740614,0.4772727272727273,0.1503260135650634,정상 위험,deployment_demo_not_oof_validation,정상,0.0014132807,0.4458436129203812,0.6954545454545454,0.021571408957242966,정상 위험,8
2021-10-25,19,2021-10-25 18:13:47.800,2021-10-25 18:19:28.100,340.3,69,2.0020289855072466,42.36869565217391,17.430434782608696,0,0.1318709229661932,1.81,0.2000000000000001,0.0579710144927536,1.4490614741998455,37.54,2.280000000000001,0.0144927536231884,1.6529576297749446,10.92,1.9800000000000004,0.0289855072463768,0.0012413067,0.3835812333302847,0.6863636363636364,0.1503260135650634,정상 위험,deployment_demo_not_oof_validation,정상,0.0012939767,0.3693825294145549,0.6818181818181818,0.021571408957242966,정상 위험,8
2021-10-25,20,2021-10-25 18:19:54.700,2021-10-25 18:25:35.100,340.4,69,2.0272463768115943,42.33753623188406,17.490724637681158,0,0.1228806697330072,1.82,0.2099999999999999,0.0434782608695652,1.3197876453486768,40.09,1.8700000000000043,0.0289855072463768,1.6152165387892037,13.43,2.8299999999999983,0.0434782608695652,0.0013965473,0.46910468499346,0.7090909090909091,0.1503260135650634,정상 위험,deployment_demo_not_oof_validation,정상,0.0010252583,0.1971629319000359,0.5727272727272728,0.021571408957242966,정상 위험,8
2021-10-25,21,2021-10-25 18:26:00.300,2021-10-25 18:31:40.600,340.3,69,1.993623188405797,42.49739130434783,17.4031884057971,0,0.1380107733912012,1.81,0.24,0.0434782608695652,1.592954757466463,37.0,2.3499999999999943,0.0869565217391304,1.2984589199980188,15.16,1.9800000000000004,0.0579710144927536,0.00062486617,0.0439786889792664,0.5227272727272727,0.1503260135650634,정상 위험,deployment_demo_not_oof_validation,정상,0.0008866282,0.10831588911496255,0.5363636363636364,0.021571408957242966,정상 위험,8
2021-10-25,22,2021-10-25 18:32:07.900,2021-10-25 18:37:48.300,340.4,69,1.981739130434783,42.62347826086957,17.448985507246377,0,0.1095439278224135,1.82,0.1600000000000001,0.0144927536231884,1.321849001440291,40.1,2.1500000000000057,0.0144927536231884,1.7529883266343451,12.63,1.8699999999999972,0.0869565217391304,0.0007843561,0.1318431043637851,0.5545454545454546,0.1503260135650634,정상 위험,deployment_demo_not_oof_validation,정상,0.0014230554,0.45210814327953247,0.7090909090909091,0.021571408957242966,정상 위험,8
2021-10-26,1,2021-10-26 16:26:38.000,2021-10-26 16:32:18.300,340.3,69,2.0,42.424202898550725,17.11014492753623,0,0.109410183416783,1.81,0.2000000000000001,0.0144927536231884,1.3598631049150212,40.06,1.9699999999999989,0.0579710144927536,2.1099710708594084,10.44,2.0599999999999987,0.0579710144927536,0.0021717448,0.8961678876508973,0.759090909090909,0.1503260135650634,정상 위험,deployment_demo_not_oof_validation,정상,0.0011809394,0.2969377616364627,0.6090909090909091,0.021571408957242966,정상 위험,8
2021-10-26,2,2021-10-26 16:32:46.000,2021-10-26 16:38:26.300,340.3,69,2.001304347826087,42.48202898550724,17.290434782608695,0,0.1160237430503198,1.81,0.1599999999999999,0.0144927536231884,1.676558607342245,34.12,1.759999999999998,0.0579710144927536,1.4491634856647966,12.97,2.27,0.0144927536231884,0.008847631,4.573972673468586,0.9,0.1503260135650634,정상 위험,deployment_demo_not_oof_validation,정상,0.0047747917,2.6002110820835784,0.8727272727272727,0.021571408957242966,정상 위험,8
2021-10-26,3,2021-10-26 16:38:52.100,2021-10-26 16:44:32.400,340.3,69,2.0331884057971013,42.3336231884058,17.33768115942029,0,0.1394051728471322,1.81,0.2200000000000002,0.0869565217391304,1.3228144805839652,40.16,2.3599999999999994,0.0144927536231884,1.5469164251042975,15.02,2.83,0.072463768115942,0.0009317629,0.2130508350676266,0.6136363636363636,0.1503260135650634,정상 위험,deployment_demo_not_oof_validation,정상,0.0043194573,2.3083906890877075,0.8727272727272727,0.021571408957242966,정상 위험,8
2021-10-26,4,2021-10-26 16:45:00.200,2021-10-26 16:50:40.600,340.4,69,2.0295652173913044,42.96753623188406,17.362028985507248,0,0.1190209420847081,1.82,0.1700000000000001,0.0579710144927536,1.4056434634935215,40.19,2.1899999999999977,0.1304347826086956,1.4512738620525407,15.09,2.34,0.0434782608695652,0.00019414094,-0.1933116642725423,0.1272727272727272,0.1503260135650634,정상 위험,deployment_demo_not_oof_validation,정상,0.0004379625,-0.17923061675433216,0.18181818181818182,0.021571408957242966,정상 위험,8
2021-10-26,5,2021-10-26 16:51:07.200,2021-10-26 16:56:47.500,340.3,69,2.0072463768115942,42.78913043478261,17.55072463768116,0,0.1117492473717386,1.81,0.1799999999999999,0.0289855072463768,1.2564044627081856,40.08,1.8299999999999983,0.0289855072463768,1.5560813516845862,15.28,3.219999999999999,0.144927536231884,0.00062100263,0.0418502340464676,0.5181818181818182,0.1503260135650634,정상 위험,deployment_demo_not_oof_validation,정상,0.0008462612,0.08244500671571398,0.5227272727272727,0.021571408957242966,정상 위험,8
2021-10-26,6,2021-10-26 16:57:15.200,2021-10-26 17:02:55.600,340.4,69,2.019855072463768,42.58579710144927,17.671159420289854,0,0.1141656788029519,1.81,0.2000000000000001,0.0579710144927536,1.364990202288798,40.06,2.0999999999999943,0.072463768115942,1.3521655139636568,15.03,1.9199999999999984,0.072463768115942,0.00022749019,-0.1749392661819323,0.2409090909090909,0.1503260135650634,정상 위험,deployment_demo_not_oof_validation,정상,0.00038985835,-0.21006021022892146,0.07727272727272727,0.021571408957242966,정상 위험,8
2021-10-26,7,2021-10-26 17:03:21.700,2021-10-26 17:09:02.000,340.3,69,2.019855072463768,42.72594202898551,17.421159420289854,0,0.1249057615779285,1.81,0.1899999999999999,0.0579710144927536,1.6951308459305536,35.02,2.4399999999999977,0.072463768115942,1.5211658998280428,15.08,2.669999999999998,0.1014492753623188,0.0050296546,2.470615775760836,0.8545454545454545,0.1503260135650634,정상 위험,deployment_demo_not_oof_validation,정상,0.010207238,6.081825522227457,0.9681818181818181,0.021571408957242966,정상 위험,8
2021-10-26,8,2021-10-26 17:09:29.400,2021-10-26 17:15:09.700,340.3,69,1.998695652173913,42.36898550724638,17.761884057971013,0,0.1090589835482759,1.81,0.1800000000000001,0.0144927536231884,1.4448205108629937,40.06,2.490000000000002,0.0289855072463768,1.3935305093457435,15.1,2.3100000000000023,0.0434782608695652,0.0002025759,-0.1886647701558679,0.15,0.1503260135650634,정상 위험,deployment_demo_not_oof_validation,정상,0.0004659278,-0.16130787030495733,0.2636363636363636,0.021571408957242966,정상 위험,8
2021-10-26,9,2021-10-26 17:15:37.500,2021-10-26 17:21:17.800,340.3,69,2.004057971014493,42.61579710144928,17.877391304347825,0,0.1233159361937948,1.81,0.2299999999999999,0.0144927536231884,1.4697893064264664,40.01,2.729999999999997,0.072463768115942,1.353845994558501,15.09,1.8099999999999987,0.1014492753623188,0.00024771373,-0.1637979389830172,0.2772727272727273,0.1503260135650634,정상 위험,deployment_demo_not_oof_validation,정상,0.0005145239,-0.13016299481468055,0.37272727272727274,0.021571408957242966,정상 위험,8
2021-10-26,10,2021-10-26 17:21:43.800,2021-10-26 17:27:24.100,340.3,69,1.9944927536231885,42.45536231884058,17.562753623188406,0,0.1312444534613363,1.81,0.2000000000000001,0.0434782608695652,1.548092355230771,40.03,2.910000000000004,0.0579710144927536,1.3389810481217896,15.2,2.139999999999997,0.0434782608695652,0.00029928202,-0.1353885090233722,0.3318181818181818,0.1503260135650634,정상 위험,deployment_demo_not_oof_validation,정상,0.0005471162,-0.10927481051509821,0.40454545454545454,0.021571408957242966,정상 위험,8
2021-10-26,11,2021-10-26 17:27:50.100,2021-10-26 17:33:30.400,340.3,69,1.9921739130434784,42.40971014492754,17.429420289855074,0,0.1174842863737828,1.81,0.2000000000000001,0.0289855072463768,1.335597432980388,40.07,2.0999999999999943,0.0144927536231884,2.0947068333820758,10.44,2.099999999999998,0.072463768115942,0.0011937523,0.3573831037018397,0.6727272727272727,0.1503260135650634,정상 위험,deployment_demo_not_oof_validation,정상,0.0011809394,0.2969377616364627,0.6090909090909091,0.021571408957242966,정상 위험,8
2021-10-26,12,2021-10-26 17:33:56.000,2021-10-26 17:39:36.300,340.3,69,2.0115942028985505,42.580724637681165,17.69028985507246,0,0.0994783923982223,1.81,0.1899999999999999,0.0,1.3550269357433231,40.16,2.210000000000001,0.0434782608695652,1.2470883394985357,15.09,2.030000000000001,0.0579710144927536,0.0001946581,-0.1930267559491648,0.1272727272727272,0.1503260135650634,정상 위험,deployment_demo_not_oof_validation,정상,0.000457508,-0.1667040554615815,0.2545454545454545,0.021571408957242966,정상 위험,8
2021-10-26,13,2021-10-26 17:40:02.200,2021-10-26 17:45:42.500,340.3,69,1.9944927536231885,42.58159420289855,17.51550724637681,0,0.1132090236463203,1.81,0.1800000000000001,0.0144927536231884,1.4367309944990172,40.01,2.490000000000002,0.072463768115942,1.4409173305999163,15.01,2.400000000000002,0.0869565217391304,0.00017050187,-0.2063346418334044,0.0409090909090909,0.1503260135650634,정상 위험,deployment_demo_not_oof_validation,정상,0.000415673,-0.1935157850567889,0.15,0.021571408957242966,정상 위험,8
2021-10-26,14,2021-10-26 17:46:08.300,2021-10-26 17:51:48.700,340.4,69,2.0005797101449274,42.200434782608696,17.721304347826088,0,0.1203412312352207,1.82,0.2000000000000001,0.0579710144927536,1.7673338467395463,36.86,3.1099999999999994,0.0289855072463768,1.4829976726841825,12.36,2.3099999999999987,0.1014492753623188,0.002308199,0.9713416770984674,0.7636363636363637,0.1503260135650634,정상 위험,deployment_demo_not_oof_validation,정상,0.0027801236,1.3218431010231062,0.8090909090909091,0.021571408957242966,정상 위험,8
2021-10-26,15,2021-10-26 17:52:16.100,2021-10-26 17:57:56.400,340.3,69,1.985072463768116,42.43,17.305072463768116,0,0.1240092879396989,1.81,0.1999999999999997,0.072463768115942,1.643255377381774,36.96,2.789999999999999,0.0869565217391304,1.8056354781533008,11.04,2.4099999999999966,0.0289855072463768,0.0044749626,2.1650310238740853,0.8454545454545455,0.1503260135650634,정상 위험,deployment_demo_not_oof_validation,정상,0.0025916202,1.2010326581843997,0.7909090909090909,0.021571408957242966,정상 위험,8
2021-10-26,16,2021-10-26 17:58:23.900,2021-10-26 18:04:04.300,340.4,69,1.9902898550724637,42.46652173913044,17.55927536231884,0,0.1060101412253834,1.82,0.1899999999999999,0.0144927536231884,1.4007076216799224,40.16,2.299999999999997,0.072463768115942,1.212659108833558,15.14,1.6199999999999974,0.0,0.000255237,-0.1596532960962481,0.2818181818181818,0.1503260135650634,정상 위험,deployment_demo_not_oof_validation,정상,0.00048815206,-0.14706450209699007,0.31363636363636366,0.021571408957242966,정상 위험,8
2021-10-26,17,2021-10-26 18:04:31.100,2021-10-26 18:10:11.400,340.3,69,2.021014492753623,42.46782608695653,17.242463768115943,0,0.1145213174034094,1.81,0.1799999999999999,0.0289855072463768,1.3309835699313164,40.47,2.140000000000001,0.1014492753623188,1.492575159007275,13.43,1.9699999999999989,0.0434782608695652,0.00044830088,-0.0532926955302819,0.4636363636363636,0.1503260135650634,정상 위험,deployment_demo_not_oof_validation,정상,0.00091585546,0.12704744221192893,0.5409090909090909,0.021571408957242966,정상 위험,8
2021-10-26,18,2021-10-26 18:10:38.200,2021-10-26 18:16:18.500,340.3,69,2.0091304347826084,42.57,17.195652173913043,0,0.1207298775150881,1.81,0.2000000000000001,0.0579710144927536,1.3733996033886993,40.11,2.1499999999999986,0.0434782608695652,1.7384936669942253,13.05,2.66,0.0434782608695652,0.0007351853,0.1047544708787101,0.55,0.1503260135650634,정상 위험,deployment_demo_not_oof_validation,정상,0.0010529301,0.2148975872504228,0.5772727272727273,0.021571408957242966,정상 위험,8
2021-10-26,19,2021-10-26 18:16:45.400,2021-10-26 18:22:25.700,340.3,69,1.998405797101449,42.202608695652174,17.41304347826087,0,0.1125457186632561,1.81,0.1199999999999998,0.0579710144927536,1.5803821691323616,37.68,1.8900000000000008,0.072463768115942,1.3870464858699565,15.17,2.1999999999999997,0.072463768115942,0.0004228927,-0.0672902809805423,0.4409090909090909,0.1503260135650634,정상 위험,deployment_demo_not_oof_validation,정상,0.00046986336,-0.15878559552702803,0.2681818181818182,0.021571408957242966,정상 위험,8
2021-10-26,20,2021-10-26 18:22:51.500,2021-10-26 18:28:31.900,340.4,69,1.9882608695652173,42.42826086956522,17.072608695652175,0,0.1089381438321108,1.82,0.1899999999999999,0.0434782608695652,1.2513392314327725,40.19,2.299999999999997,0.0144927536231884,1.8613346351585789,12.23,2.51,0.0434782608695652,0.00074568536,0.1105390582282778,0.55,0.1503260135650634,정상 위험,deployment_demo_not_oof_validation,정상,0.0012229157,0.3238400860817082,0.6272727272727273,0.021571408957242966,정상 위험,8
2021-10-26,21,2021-10-26 18:28:59.800,2021-10-26 18:34:40.200,340.4,69,2.0171014492753625,42.693333333333335,17.551159420289856,0,0.1185587648938821,1.81,0.2099999999999999,0.0289855072463768,1.310574264191383,40.03,2.0799999999999983,0.0144927536231884,1.2728944970742908,15.07,2.030000000000001,0.0434782608695652,0.00024137704,-0.167288877643307,0.2545454545454545,0.1503260135650634,정상 위험,deployment_demo_not_oof_validation,정상,0.00037960598,-0.21663088291330954,0.07727272727272727,0.021571408957242966,정상 위험,8
2021-10-26,22,2021-10-26 18:35:06.700,2021-10-26 18:40:47.000,340.3,69,2.0014492753623188,42.32971014492754,17.012028985507246,0,0.1206023529464988,1.81,0.1799999999999999,0.0579710144927536,1.6417198398008008,35.96,2.6099999999999994,0.0434782608695652,1.4459798018585113,13.48,2.210000000000001,0.0,0.0011222552,0.3179947424437455,0.6454545454545455,0.1503260135650634,정상 위험,deployment_demo_not_oof_validation,정상,0.001082723,0.23399163166211856,0.5772727272727273,0.021571408957242966,정상 위험,8
2021-10-27,1,2021-10-27 16:22:15.000,2021-10-27 16:27:55.300,340.3,69,2.028985507246377,42.546956521739126,17.453623188405796,0,0.1335504413137843,1.81,0.2300000000000002,0.1014492753623188,1.5338900032921163,40.04,2.729999999999997,0.072463768115942,1.3085060756613345,15.05,2.0599999999999987,0.0289855072463768,0.0040604924,1.9366957018249649,0.8454545454545455,0.1503260135650634,정상 위험,deployment_demo_not_oof_validation,정상,0.0041679284,2.2112768895521944,0.8681818181818182,0.021571408957242966,정상 위험,8
2021-10-27,2,2021-10-27 16:28:23.000,2021-10-27 16:34:03.300,340.3,69,2.006231884057971,42.49,17.575797101449275,0,0.1177247718606131,1.81,0.2000000000000001,0.0289855072463768,1.4454624743333468,40.02,2.480000000000004,0.0869565217391304,1.5910248323173015,12.77,2.140000000000001,0.0869565217391304,0.0008131396,0.1477001978312679,0.5636363636363636,0.1503260135650634,정상 위험,deployment_demo_not_oof_validation,정상,0.0012217893,0.32311816245068603,0.6272727272727273,0.021571408957242966,정상 위험,8
2021-10-27,3,2021-10-27 16:34:29.700,2021-10-27 16:40:09.900,340.2,69,2.028840579710145,42.46289855072464,17.694782608695654,0,0.1435734719872808,1.81,0.2100000000000002,0.072463768115942,1.3543004504706213,40.04,1.7100000000000009,0.072463768115942,1.3203537947165924,15.12,2.16,0.0579710144927536,0.0018226322,0.7038386155605584,0.7363636363636363,0.1503260135650634,정상 위험,deployment_demo_not_oof_validation,정상,0.0012289874,0.32773135592213426,0.6363636363636364,0.021571408957242966,정상 위험,8
2021-10-27,4,2021-10-27 16:40:35.300,2021-10-27 16:46:15.600,340.3,69,2.0065217391304344,42.47739130434783,17.421449275362317,0,0.1119851104461518,1.81,0.1799999999999999,0.0579710144927536,1.3811415272008032,40.06,2.269999999999996,0.0434782608695652,1.4199650734751097,15.06,2.27,0.0579710144927536,0.00017670436,-0.2029176339128143,0.0545454545454545,0.1503260135650634,정상 위험,deployment_demo_not_oof_validation,정상,0.0004650754,-0.16185416265989166,0.2590909090909091,0.021571408957242966,정상 위험,8
2021-10-27,5,2021-10-27 16:46:43.400,2021-10-27 16:52:23.800,340.4,69,2.011304347826087,42.6563768115942,17.43057971014493,0,0.1239296888357913,1.81,0.2100000000000002,0.0434782608695652,1.6164175812893924,36.1,2.3500000000000014,0.0434782608695652,1.536956392716358,12.63,2.43,0.0289855072463768,0.0012715269,0.4002298394622687,0.6954545454545454,0.1503260135650634,정상 위험,deployment_demo_not_oof_validation,정상,0.0010938889,0.2411477481509427,0.5772727272727273,0.021571408957242966,정상 위험,8
2021-10-27,6,2021-10-27 16:52:49.900,2021-10-27 16:58:30.200,340.3,69,2.0272463768115943,42.54942028985507,17.629710144927536,0,0.1535547809699791,1.81,0.2400000000000002,0.1304347826086956,1.4402806957407446,40.04,2.280000000000001,0.0434782608695652,1.340337941379505,15.08,2.210000000000001,0.0289855072463768,0.013076353,6.903613367307856,0.9272727272727272,0.1503260135650634,정상 위험,deployment_demo_not_oof_validation,정상,0.0066694748,3.8144994623343935,0.9272727272727272,0.021571408957242966,정상 위험,8
2021-10-27,7,2021-10-27 16:58:58.100,2021-10-27 17:04:38.400,340.3,69,1.9943478260869565,42.37652173913043,17.468840579710143,0,0.1073679525643088,1.81,0.1900000000000001,0.0289855072463768,1.312590418271483,40.02,2.0700000000000003,0.0434782608695652,1.4759897339750232,15.12,2.640000000000001,0.0434782608695652,0.00021433423,-0.1821870039580162,0.1954545454545454,0.1503260135650634,정상 위험,deployment_demo_not_oof_validation,정상,0.00039715765,-0.2053821436077033,0.11818181818181818,0.021571408957242966,정상 위험,8
2021-10-27,8,2021-10-27 17:05:03.800,2021-10-27 17:10:44.200,340.4,69,2.002608695652174,42.29594202898551,16.93536231884058,0,0.1197135327491159,1.81,0.2100000000000002,0.0289855072463768,1.862773326837749,34.45,2.869999999999997,0.0289855072463768,1.5779301219432125,12.87,2.699999999999997,0.0289855072463768,0.042767413,23.260682197223343,0.968181818181818,0.1503260135650634,정상 위험,deployment_demo_not_oof_validation,정상,0.02844272,17.768811119698068,0.990909090909091,0.021571408957242966,불량 위험,8
2021-10-27,9,2021-10-27 17:11:09.700,2021-10-27 17:16:50.000,340.3,69,1.98536231884058,42.20753623188406,17.394057971014494,0,0.1284704098472041,1.81,0.2199999999999997,0.0144927536231884,1.7035174732758631,34.91,2.230000000000004,0.072463768115942,1.533224513355642,12.84,2.3500000000000014,0.0434782608695652,0.007594818,3.883786969944425,0.8863636363636364,0.1503260135650634,정상 위험,deployment_demo_not_oof_validation,정상,0.011243145,6.745730845927407,0.9727272727272728,0.021571408957242966,정상 위험,8
2021-10-27,10,2021-10-27 17:17:16.300,2021-10-27 17:22:56.600,340.3,69,1.98,42.309710144927536,17.688115942028986,0,0.1104136607064009,1.81,0.1799999999999999,0.0289855072463768,1.3780537970956304,40.06,2.3599999999999994,0.0289855072463768,1.5348800253577195,15.09,2.759999999999998,0.1014492753623188,0.00026383053,-0.1549190511511451,0.2909090909090909,0.1503260135650634,정상 위험,deployment_demo_not_oof_validation,정상,0.0008376409,0.07692030631989637,0.5227272727272727,0.021571408957242966,정상 위험,8
2021-10-27,11,2021-10-27 17:23:23.100,2021-10-27 17:29:03.500,340.4,69,2.015217391304348,42.57710144927537,17.64855072463768,0,0.123937943385961,1.81,0.2099999999999999,0.072463768115942,1.6299116734001584,34.81,2.18,0.0434782608695652,1.4927474426493692,13.83,2.369999999999997,0.0434782608695652,0.010685009,5.586200743258868,0.9136363636363636,0.1503260135650634,정상 위험,deployment_demo_not_oof_validation,정상,0.014669746,8.941814175208501,0.9818181818181818,0.021571408957242966,정상 위험,8
2021-10-27,12,2021-10-27 17:29:28.500,2021-10-27 17:35:08.800,340.3,69,2.0168115942028986,42.59391304347826,17.321159420289856,0,0.1135715989976883,1.81,0.1700000000000001,0.072463768115942,1.3544384742625486,40.31,2.140000000000001,0.0579710144927536,1.281209832922043,15.19,2.02,0.0434782608695652,0.0002736627,-0.1495024179428414,0.3045454545454545,0.1503260135650634,정상 위험,deployment_demo_not_oof_validation,정상,0.0005567022,-0.10313122250876706,0.41818181818181815,0.021571408957242966,정상 위험,8
2021-10-27,13,2021-10-27 17:35:35.300,2021-10-27 17:41:15.600,340.3,69,2.0337681159420287,42.67202898550725,17.67869565217391,0,0.1160261310485875,1.83,0.1599999999999999,0.0579710144927536,1.395436448391838,40.03,2.240000000000002,0.0289855072463768,1.342723212951376,15.27,1.990000000000002,0.1014492753623188,0.00018513059,-0.1982755498637847,0.0818181818181818,0.1503260135650634,정상 위험,deployment_demo_not_oof_validation,정상,0.00046986336,-0.15878559552702803,0.2681818181818182,0.021571408957242966,정상 위험,8
2021-10-27,14,2021-10-27 17:41:43.200,2021-10-27 17:47:23.600,340.4,69,1.9856521739130435,42.14942028985507,17.53985507246377,0,0.1256334334116235,1.82,0.2200000000000002,0.0434782608695652,1.386718390405258,40.03,2.530000000000001,0.0289855072463768,1.5855528751396462,12.23,2.7300000000000004,0.0869565217391304,0.00081327633,0.1477755234905846,0.5681818181818182,0.1503260135650634,정상 위험,deployment_demo_not_oof_validation,정상,0.0010962987,0.2426921693128029,0.5772727272727273,0.021571408957242966,정상 위험,8
2021-10-27,15,2021-10-27 17:47:51.500,2021-10-27 17:53:31.800,340.3,69,2.0214492753623188,42.154057971014495,17.586231884057973,0,0.1230766781835716,1.81,0.2300000000000002,0.0579710144927536,1.561108504011116,36.57,1.9200000000000017,0.072463768115942,1.7259968146733569,10.71,2.299999999999997,0.0869565217391304,0.0033956293,1.570416746786026,0.8181818181818182,0.1503260135650634,정상 위험,deployment_demo_not_oof_validation,정상,0.001193816,0.30519026793077164,0.6181818181818182,0.021571408957242966,정상 위험,8
2021-10-27,16,2021-10-27 17:53:57.400,2021-10-27 17:59:37.800,340.4,69,2.024927536231884,42.55768115942029,17.52768115942029,0,0.1260558138333711,1.83,0.2099999999999999,0.0869565217391304,1.4212940923136546,40.1,2.43,0.0289855072463768,1.4964085877699231,15.01,2.120000000000001,0.1159420289855072,0.00026762285,-0.1528298303367687,0.2954545454545454,0.1503260135650634,정상 위험,deployment_demo_not_oof_validation,정상,0.0018463036,0.7233647550295297,0.7363636363636363,0.021571408957242966,정상 위험,8
2021-10-27,17,2021-10-27 18:00:05.800,2021-10-27 18:05:46.100,340.3,69,1.998695652173913,42.3968115942029,17.802173913043475,0,0.127104785899137,1.82,0.1799999999999999,0.1014492753623188,1.5111122634684606,40.01,2.690000000000005,0.0434782608695652,1.2643015620878184,15.11,1.8099999999999987,0.072463768115942,0.0012004714,0.361084739358528,0.6818181818181818,0.1503260135650634,정상 위험,deployment_demo_not_oof_validation,정상,0.0030250181,1.4787941928048292,0.8318181818181818,0.021571408957242966,정상 위험,8
2021-10-27,18,2021-10-27 18:06:13.600,2021-10-27 18:11:53.900,340.3,69,1.9924637681159416,42.74434782608696,17.5168115942029,0,0.1209813524413315,1.81,0.1800000000000001,0.0289855072463768,1.3676369468591882,40.06,2.140000000000001,0.0579710144927536,1.335020921573916,15.05,1.8499999999999976,0.0579710144927536,0.00021038137,-0.1843646658828207,0.1909090909090909,0.1503260135650634,정상 위험,deployment_demo_not_oof_validation,정상,0.000457508,-0.1667040554615815,0.2545454545454545,0.021571408957242966,정상 위험,8
2021-10-27,19,2021-10-27 18:12:21.100,2021-10-27 18:18:01.400,340.3,69,2.025217391304348,42.53623188405797,17.37144927536232,0,0.131659193459881,1.81,0.2300000000000002,0.0869565217391304,1.394730736662811,40.01,2.319999999999993,0.0579710144927536,1.53444114693871,13.43,2.7099999999999973,0.0289855072463768,0.0011683578,0.3433930540242226,0.6681818181818182,0.1503260135650634,정상 위험,deployment_demo_not_oof_validation,정상,0.0025936041,1.2023041569979467,0.7909090909090909,0.021571408957242966,정상 위험,8
2021-10-27,20,2021-10-27 18:18:28.400,2021-10-27 18:24:08.700,340.3,69,2.028840579710145,42.705652173913045,17.57594202898551,0,0.1107134115883949,1.82,0.1699999999999999,0.0289855072463768,1.74301334598926,35.26,2.3600000000000065,0.1159420289855072,1.5160953319014834,12.47,2.289999999999999,0.0869565217391304,0.0063525117,3.199389509421241,0.8772727272727273,0.1503260135650634,정상 위험,deployment_demo_not_oof_validation,정상,0.015528915,9.492449412606083,0.9818181818181818,0.021571408957242966,정상 위험,8
2021-10-27,21,2021-10-27 18:24:35.000,2021-10-27 18:30:15.300,340.3,69,2.003188405797101,42.2204347826087,17.568115942028985,0,0.1443595669482281,1.81,0.2400000000000002,0.0869565217391304,1.4668457904258465,37.64,2.1099999999999994,0.0434782608695652,1.4200727770935246,12.62,1.9599999999999973,0.0289855072463768,0.008530527,4.399277686571992,0.9,0.1503260135650634,정상 위험,deployment_demo_not_oof_validation,정상,0.005452216,3.034367418428589,0.9,0.021571408957242966,정상 위험,8
2021-10-27,22,2021-10-27 18:30:43.000,2021-10-27 18:36:23.300,340.3,69,2.016231884057971,42.72768115942029,17.48217391304348,0,0.1445693549139016,1.81,0.1899999999999999,0.0579710144927536,1.3513458922034385,40.21,2.270000000000003,0.0289855072463768,1.524310711692354,15.01,2.880000000000001,0.0434782608695652,0.0013377775,0.4367278631397546,0.7090909090909091,0.1503260135650634,정상 위험,deployment_demo_not_oof_validation,정상,0.0024024018,1.0797639624579567,0.7818181818181819,0.021571408957242966,정상 위험,8
