Date,Lot,Progress,EW_OOF_Raw_Probability,EW_OOF_Risk_Score,EW_OOF_Risk_Percentile,EW_OOF_Reference_Threshold,EW_OOF_Threshold_Alert,EW_OOF_Fold
2021-09-06,1,20,0.00030419597,-0.15219379405962769,0.24545454545454545,0.10472393780946732,False,1
2021-09-06,2,20,0.00015956922,-0.1874752914500871,0.14545454545454545,0.10472393780946732,False,1
2021-09-06,3,20,0.07016337,16.889855021602166,0.9636363636363636,0.10472393780946732,False,1
2021-09-06,4,20,0.001172999,0.05974951362462523,0.5409090909090909,0.10472393780946732,False,1
2021-09-06,5,20,0.005817802,1.192842819616099,0.8,0.10472393780946732,False,1
2021-09-06,6,20,0.00012581625,-0.195709280312406,0.09545454545454546,0.10472393780946732,False,1
2021-09-06,7,20,0.00076764857,-0.03913517298380247,0.4636363636363636,0.10472393780946732,False,1
2021-09-06,8,20,0.003758305,0.6904313290431537,0.7363636363636363,0.10472393780946732,False,1
2021-09-06,9,20,0.0086579025,1.8856813704538535,0.8363636363636363,0.10472393780946732,False,1
2021-09-06,10,20,0.001522381,0.1449807549805044,0.5863636363636363,0.10472393780946732,False,1
2021-09-06,11,20,0.0011070616,0.04366417463610901,0.5363636363636364,0.10472393780946732,False,1
2021-09-06,12,20,6.806436e-05,-0.20979777531436233,0.045454545454545456,0.10472393780946732,False,1
2021-09-06,13,20,0.00026359342,-0.16209873008760892,0.2409090909090909,0.10472393780946732,False,1
2021-09-06,14,20,0.00012993577,-0.19470433001694282,0.10454545454545454,0.10472393780946732,False,1
2021-09-06,15,20,0.0046711955,0.9131297146060935,0.7545454545454545,0.10472393780946732,False,1
2021-09-06,16,20,0.0002457879,-0.1664423620371397,0.21818181818181817,0.10472393780946732,False,1
2021-09-06,17,20,0.00048113122,-0.10903068347820088,0.35909090909090907,0.10472393780946732,False,1
2021-09-06,18,20,0.00022856005,-0.17064507282747077,0.20909090909090908,0.10472393780946732,False,1
2021-09-06,19,20,0.0011680619,0.058545096895570796,0.5409090909090909,0.10472393780946732,False,1
2021-09-06,20,20,0.0003790377,-0.13393625925494662,0.30454545454545456,0.10472393780946732,False,1
2021-09-06,21,20,0.00013885813,-0.19252773230044778,0.11363636363636363,0.10472393780946732,False,1
2021-09-06,22,20,0.0010349498,0.02607259055267204,0.5272727272727272,0.10472393780946732,False,1
2021-09-07,1,20,0.0013760135,0.10927461265504669,0.5818181818181818,0.10472393780946732,False,1
2021-09-07,2,20,0.0007520305,-0.042945173916046867,0.4590909090909091,0.10472393780946732,False,1
2021-09-07,3,20,0.013476438,3.0611564284186272,0.8909090909090909,0.10472393780946732,False,1
2021-09-07,4,20,0.00016065102,-0.18721138687553324,0.14545454545454545,0.10472393780946732,False,1
2021-09-07,5,20,8.084111e-05,-0.20668090328798136,0.05454545454545454,0.10472393780946732,False,1
2021-09-07,6,20,0.0013232582,0.09640501805419896,0.5727272727272728,0.10472393780946732,False,1
2021-09-07,7,20,0.0018891817,0.23446127852222412,0.6227272727272727,0.10472393780946732,False,1
2021-09-07,8,20,0.0011576898,0.05601485618641954,0.5363636363636364,0.10472393780946732,False,1
2021-09-07,9,20,0.0061079366,1.2636207194310414,0.8045454545454546,0.10472393780946732,False,1
2021-09-07,10,20,0.006517984,1.3636512064957396,0.8136363636363636,0.10472393780946732,False,1
2021-09-07,11,20,0.000747325,-0.04409307592473303,0.45454545454545453,0.10472393780946732,False,1
2021-09-07,12,20,2.8959066e-05,-0.2193374570063466,0.00909090909090909,0.10472393780946732,False,1
2021-09-07,13,20,0.0076988265,1.6517161080006104,0.8318181818181818,0.10472393780946732,False,1
2021-09-07,14,20,0.023008283,5.386436933571053,0.9181818181818182,0.10472393780946732,False,1
2021-09-07,15,20,0.011212114,2.5087778028240386,0.8727272727272727,0.10472393780946732,False,1
2021-09-07,16,20,0.015070102,3.4499286304634813,0.9,0.10472393780946732,False,1
2021-09-07,17,20,0.0037516442,0.6888064314348166,0.7363636363636363,0.10472393780946732,False,1
2021-09-07,18,20,0.0033173175,0.5828530312793819,0.7136363636363636,0.10472393780946732,False,1
2021-09-07,19,20,0.001130781,0.0494504868198247,0.5363636363636364,0.10472393780946732,False,1
2021-09-07,20,20,0.05829844,13.995421640265281,0.9590909090909091,0.10472393780946732,False,1
2021-09-07,21,20,0.0002506251,-0.16526233325588238,0.22727272727272727,0.10472393780946732,False,1
2021-09-07,22,20,0.19877587,48.26469759109803,0.990909090909091,0.10472393780946732,True,1
2021-09-08,1,20,3.626754e-05,-0.21755456534413192,0.02727272727272727,0.10472393780946732,False,1
2021-09-08,2,20,0.0003168674,-0.1491026163514644,0.2636363636363636,0.10472393780946732,False,1
2021-09-08,3,20,0.003308288,0.5806503203541539,0.7136363636363636,0.10472393780946732,False,1
2021-09-08,4,20,0.00038690586,-0.1320168319154842,0.31363636363636366,0.10472393780946732,False,1
2021-09-08,5,20,0.00015756737,-0.18796363969268645,0.1409090909090909,0.10472393780946732,False,1
2021-09-08,6,20,0.0046002264,0.895816898610664,0.7545454545454545,0.10472393780946732,False,1
2021-09-08,7,20,3.8624476e-05,-0.21697959373789777,0.02727272727272727,0.10472393780946732,False,1
2021-09-08,8,20,0.0001798019,-0.18253955775719047,0.1590909090909091,0.10472393780946732,False,1
2021-09-08,9,20,8.2714105e-05,-0.20622398958362706,0.05454545454545454,0.10472393780946732,False,1
2021-09-08,10,20,0.002063577,0.27700479323281946,0.65,0.10472393780946732,False,1
2021-09-08,11,20,0.0021619322,0.3009983875590596,0.65,0.10472393780946732,False,1
2021-09-08,12,20,9.241205e-05,-0.20385819002612524,0.05909090909090909,0.10472393780946732,False,1
2021-09-08,13,20,0.00030572995,-0.15181958283268668,0.25,0.10472393780946732,False,1
2021-09-08,14,20,0.00030023826,-0.1531592727988236,0.24545454545454545,0.10472393780946732,False,1
2021-09-08,15,20,0.020720655,4.8283732111009865,0.9136363636363637,0.10472393780946732,False,1
2021-09-08,16,20,0.00083247834,-0.02332003967716761,0.4818181818181818,0.10472393780946732,False,1
2021-09-08,17,20,0.00066849205,-0.06332426848341707,0.42727272727272725,0.10472393780946732,False,1
2021-09-08,18,20,0.0002831017,-0.15733971494337137,0.2409090909090909,0.10472393780946732,False,1
2021-09-08,19,20,0.011122222,2.4868487281520153,0.8727272727272727,0.10472393780946732,False,1
2021-09-08,20,20,0.0008953247,-0.007988760414891743,0.4909090909090909,0.10472393780946732,False,1
2021-09-08,21,20,0.00041765106,-0.12451658303949435,0.33181818181818185,0.10472393780946732,False,1
2021-09-08,22,20,8.579865e-05,-0.20547151844641715,0.05454545454545454,0.10472393780946732,False,1
2021-09-10,1,20,0.00014672437,-0.19060877355037534,0.12727272727272726,0.10472393780946732,False,1
2021-09-10,2,20,0.002180854,0.30561436224208366,0.65,0.10472393780946732,False,1
2021-09-10,3,20,2.6918424e-05,-0.2198352688909159,0.00909090909090909,0.10472393780946732,False,1
2021-09-10,4,20,9.379516e-05,-0.20352078081589642,0.05909090909090909,0.10472393780946732,False,1
2021-09-10,5,20,5.6711477e-05,-0.21256729480565573,0.03636363636363636,0.10472393780946732,False,1
2021-09-10,6,20,0.15289575,37.07230471669407,0.9772727272727273,0.10472393780946732,True,1
2021-09-10,7,20,0.0092631895,2.0333403054938,0.8454545454545455,0.10472393780946732,False,1
2021-09-10,8,20,0.0014469905,0.12658935980675004,0.5863636363636363,0.10472393780946732,False,1
2021-09-10,9,20,0.40545046,98.68267853888531,0.9954545454545455,0.10472393780946732,True,1
2021-09-10,10,20,0.013103839,2.9702614465037107,0.8863636363636364,0.10472393780946732,False,1
2021-09-10,11,20,0.000116953575,-0.197871318033575,0.08181818181818182,0.10472393780946732,False,1
2021-09-10,12,20,0.00017851948,-0.18285240152364113,0.1590909090909091,0.10472393780946732,False,1
2021-09-10,13,20,0.000984937,0.013872028003299538,0.5136363636363637,0.10472393780946732,False,1
2021-09-10,14,20,0.000407831,-0.12691217529741644,0.32727272727272727,0.10472393780946732,False,1
2021-09-10,15,20,0.00017566416,-0.18354895255201928,0.1590909090909091,0.10472393780946732,False,1
2021-09-10,16,20,2.6475236e-05,-0.21994338391167695,0.00909090909090909,0.10472393780946732,False,1
2021-09-10,17,20,4.092856e-05,-0.21641751543972754,0.02727272727272727,0.10472393780946732,False,1
2021-09-10,18,20,0.0014696702,0.13212203733337577,0.5863636363636363,0.10472393780946732,False,1
2021-09-10,19,20,0.0025801053,0.4030111497401926,0.6727272727272727,0.10472393780946732,False,1
2021-09-10,20,20,0.006318034,1.3148737205375265,0.8136363636363636,0.10472393780946732,False,1
2021-09-10,21,20,0.001286643,0.08747279550160149,0.5590909090909091,0.10472393780946732,False,1
2021-09-10,22,20,0.0068276497,1.4391937232280816,0.8227272727272728,0.10472393780946732,False,1
2021-09-13,1,20,0.00445675,0.860816054315531,0.75,0.10472393780946732,False,1
2021-09-13,2,20,0.0018376294,0.22188516287629384,0.6227272727272727,0.10472393780946732,False,1
2021-09-13,3,20,0.12927097,31.30907280398449,0.9772727272727273,0.10472393780946732,True,1
2021-09-13,4,20,0.0033418266,0.5888320047007751,0.7136363636363636,0.10472393780946732,False,1
2021-09-13,5,20,0.024926344,5.854345193381676,0.9181818181818182,0.10472393780946732,False,1
2021-09-13,6,20,0.012475311,2.816932863838477,0.8818181818181818,0.10472393780946732,False,1
2021-09-13,7,20,0.0001981379,-0.17806651348787167,0.16818181818181818,0.10472393780946732,False,1
2021-09-13,8,20,0.00056344894,-0.08894939166784663,0.39090909090909093,0.10472393780946732,False,1
2021-09-13,9,20,0.00017084817,-0.18472380555046902,0.15,0.10472393780946732,False,1
2021-09-13,10,20,0.0018486205,0.22456643136580612,0.6227272727272727,0.10472393780946732,False,1
2021-09-13,11,20,0.00017853225,-0.18284928469421377,0.1590909090909091,0.10472393780946732,False,1
2021-09-13,12,20,0.006548428,1.3710779791354113,0.8136363636363636,0.10472393780946732,False,1
2021-09-13,13,20,0.47131342,114.74985511624303,0.9954545454545455,0.10472393780946732,True,1
2021-09-13,14,20,0.0006761102,-0.06146582876304552,0.42727272727272725,0.10472393780946732,False,1
2021-09-13,15,20,0.00018156607,-0.18210919035176293,0.1590909090909091,0.10472393780946732,False,1
2021-09-13,16,20,0.00074482174,-0.044703747297637,0.45454545454545453,0.10472393780946732,False,1
2021-09-13,17,20,0.10211564,24.684567003825844,0.9636363636363636,0.10472393780946732,False,1
2021-09-13,18,20,0.0025586514,0.39777748904309324,0.6727272727272727,0.10472393780946732,False,1
2021-09-13,19,20,0.0012974321,0.09010479110677261,0.5681818181818182,0.10472393780946732,False,1
2021-09-13,20,20,0.00049385114,-0.10592767743786,0.35909090909090907,0.10472393780946732,False,1
2021-09-13,21,20,0.019052597,4.421452683978676,0.9090909090909091,0.10472393780946732,False,1
2021-09-13,22,20,0.123228505,29.835021674513484,0.9727272727272728,0.10472393780946732,True,1
2021-09-06,1,30,0.00060932094,0.11631886704765143,0.5863636363636363,0.12384884059429169,False,1
2021-09-06,2,30,2.2296732e-05,-0.2203775050466197,0.02727272727272727,0.12384884059429169,False,1
2021-09-06,3,30,0.0025754513,1.2440218566086325,0.7727272727272727,0.12384884059429169,False,1
2021-09-06,4,30,0.0286092,16.176061245242707,0.9227272727272727,0.12384884059429169,False,1
2021-09-06,5,30,0.00051636924,0.06300505314717568,0.5454545454545454,0.12384884059429169,False,1
2021-09-06,6,30,0.00014779957,-0.1483935062468915,0.3181818181818182,0.12384884059429169,False,1
2021-09-06,7,30,0.00045369533,0.02705751223714116,0.5227272727272727,0.12384884059429169,False,1
2021-09-06,8,30,0.0011664595,0.4358739013001515,0.6818181818181818,0.12384884059429169,False,1
2021-09-06,9,30,0.0075044488,4.07112090127359,0.8636363636363636,0.12384884059429169,False,1
2021-09-06,10,30,0.00041307128,0.00375698600305205,0.5,0.12384884059429169,False,1
2021-09-06,11,30,0.0002921517,-0.06559821639879519,0.4590909090909091,0.12384884059429169,False,1
2021-09-06,12,30,4.7484307e-05,-0.2059308005196847,0.09090909090909091,0.12384884059429169,False,1
2021-09-06,13,30,0.00035306846,-0.030658511153355793,0.4818181818181818,0.12384884059429169,False,1
2021-09-06,14,30,9.081833e-05,-0.18107593503698716,0.21818181818181817,0.12384884059429169,False,1
2021-09-06,15,30,0.0018998095,0.8564975504893247,0.7545454545454545,0.12384884059429169,False,1
2021-09-06,16,30,4.8430502e-05,-0.20538809666392238,0.09545454545454546,0.12384884059429169,False,1
2021-09-06,17,30,0.00030199578,-0.0599519996668258,0.4681818181818182,0.12384884059429169,False,1
2021-09-06,18,30,9.964314e-05,-0.17601433393543656,0.23636363636363636,0.12384884059429169,False,1
2021-09-06,19,30,0.00019174843,-0.12318598800608578,0.35,0.12384884059429169,False,1
2021-09-06,20,30,0.00023339895,-0.0992967188145705,0.39545454545454545,0.12384884059429169,False,1
2021-09-06,21,30,0.00010580564,-0.17247974366903848,0.2636363636363636,0.12384884059429169,False,1
2021-09-06,22,30,8.0087775e-05,-0.18723060173182035,0.18636363636363637,0.12384884059429169,False,1
2021-09-07,1,30,0.00023483427,-0.09847347357281751,0.39545454545454545,0.12384884059429169,False,1
2021-09-07,2,30,0.00016850696,-0.13651647801869674,0.3409090909090909,0.12384884059429169,False,1
2021-09-07,3,30,0.0024486913,1.1713168004263692,0.7727272727272727,0.12384884059429169,False,1
2021-09-07,4,30,0.00026723885,-0.07988734801051785,0.42727272727272725,0.12384884059429169,False,1
2021-09-07,5,30,7.383047e-05,-0.19081956921854834,0.17272727272727273,0.12384884059429169,False,1
2021-09-07,6,30,0.0005068291,0.05753317737886726,0.5409090909090909,0.12384884059429169,False,1
2021-09-07,7,30,0.0032115804,1.6088831061147135,0.8,0.12384884059429169,False,1
2021-09-07,8,30,0.0004611157,0.03131357512271466,0.5272727272727272,0.12384884059429169,False,1
2021-09-07,9,30,0.00038695786,-0.011220745674926714,0.4954545454545455,0.12384884059429169,False,1
2021-09-07,10,30,0.00014531158,-0.14982052642977198,0.3181818181818182,0.12384884059429169,False,1
2021-09-07,11,30,0.000956181,0.31526554377407606,0.6590909090909091,0.12384884059429169,False,1
2021-09-07,12,30,0.00028078462,-0.07211797417139834,0.45454545454545453,0.12384884059429169,False,1
2021-09-07,13,30,0.0032456473,1.6284226483889528,0.8,0.12384884059429169,False,1
2021-09-07,14,30,0.044497397,25.2889706511859,0.9545454545454546,0.12384884059429169,False,1
2021-09-07,15,30,0.0041685537,2.1577692219856197,0.8181818181818182,0.12384884059429169,False,1
2021-09-07,16,30,0.015638841,8.73672146073381,0.9,0.12384884059429169,False,1
2021-09-07,17,30,0.003013396,1.4952114623733366,0.7909090909090909,0.12384884059429169,False,1
2021-09-07,18,30,0.001256122,0.4873011469940868,0.6909090909090909,0.12384884059429169,False,1
2021-09-07,19,30,0.0005756645,0.09701472847597323,0.5727272727272728,0.12384884059429169,False,1
2021-09-07,20,30,0.024079088,13.577749226213042,0.9181818181818182,0.12384884059429169,False,1
2021-09-07,21,30,0.00025391032,-0.08753212581815846,0.40454545454545454,0.12384884059429169,False,1
2021-09-07,22,30,0.0029057816,1.43348768343492,0.7909090909090909,0.12384884059429169,False,1
2021-09-08,1,30,1.4020308e-05,-0.2251245696097002,0.004545454545454545,0.12384884059429169,False,1
2021-09-08,2,30,0.0006016404,0.11191356936553168,0.5863636363636363,0.12384884059429169,False,1
2021-09-08,3,30,6.950918e-05,-0.19329811046452078,0.1590909090909091,0.12384884059429169,False,1
2021-09-08,4,30,0.00014633805,-0.1492317834723458,0.3181818181818182,0.12384884059429169,False,1
2021-09-08,5,30,0.00021324164,-0.1108582423143399,0.37727272727272726,0.12384884059429169,False,1
2021-09-08,6,30,0.000710103,0.174123913835238,0.6090909090909091,0.12384884059429169,False,1
2021-09-08,7,30,5.9196012e-05,-0.1992133796732277,0.1318181818181818,0.12384884059429169,False,1
2021-09-08,8,30,0.000250769,-0.08933387724603546,0.40454545454545454,0.12384884059429169,False,1
2021-09-08,9,30,1.1526926e-05,-0.2265546858094903,0.0,0.12384884059429169,False,1
2021-09-08,10,30,0.002231303,1.0466304935806205,0.7681818181818182,0.12384884059429169,False,1
2021-09-08,11,30,0.0037680888,1.92807663826945,0.8181818181818182,0.12384884059429169,False,1
2021-09-08,12,30,2.5448631e-05,-0.21856968678190047,0.02727272727272727,0.12384884059429169,False,1
2021-09-08,13,30,0.00044687281,0.023144355525018808,0.5181818181818182,0.12384884059429169,False,1
2021-09-08,14,30,9.254407e-05,-0.1800861110441452,0.22272727272727272,0.12384884059429169,False,1
2021-09-08,15,30,0.019353777,10.867477590369715,0.9090909090909091,0.12384884059429169,False,1
2021-09-08,16,30,0.0009064871,0.2867628995247196,0.6454545454545455,0.12384884059429169,False,1
2021-09-08,17,30,0.00069198787,0.16373369986612385,0.6,0.12384884059429169,False,1
2021-09-08,18,30,9.990507e-05,-0.17586410173630712,0.23636363636363636,0.12384884059429169,False,1
2021-09-08,19,30,0.0009732183,0.3250375517638508,0.6590909090909091,0.12384884059429169,False,1
2021-09-08,20,30,0.0020577358,0.9470785315158721,0.7636363636363637,0.12384884059429169,False,1
2021-09-08,21,30,0.00016726714,-0.1372275968478769,0.3409090909090909,0.12384884059429169,False,1
2021-09-08,22,30,5.1713076e-05,-0.20350532818563288,0.10454545454545454,0.12384884059429169,False,1
2021-09-10,1,30,0.0003616809,-0.02571872253716281,0.4818181818181818,0.12384884059429169,False,1
2021-09-10,2,30,0.000528627,0.07003568135753069,0.55,0.12384884059429169,False,1
2021-09-10,3,30,8.3515864e-05,-0.18526437068883492,0.2,0.12384884059429169,False,1
2021-09-10,4,30,8.11684e-05,-0.18661079323117577,0.18636363636363637,0.12384884059429169,False,1
2021-09-10,5,30,0.0002797068,-0.07273618015073773,0.45454545454545453,0.12384884059429169,False,1
2021-09-10,6,30,0.036971066,20.97213294637354,0.9409090909090909,0.12384884059429169,False,1
2021-09-10,7,30,0.0010841283,0.38865160473932614,0.6727272727272727,0.12384884059429169,False,1
2021-09-10,8,30,0.0008549694,0.2572141427216763,0.6409090909090909,0.12384884059429169,False,1
2021-09-10,9,30,0.06933412,39.53443849844935,0.9681818181818181,0.12384884059429169,False,1
2021-09-10,10,30,0.018098013,10.147215842969656,0.9045454545454545,0.12384884059429169,False,1
2021-09-10,11,30,0.00014998908,-0.1471376804103175,0.32272727272727275,0.12384884059429169,False,1
2021-09-10,12,30,0.0008769646,0.2698298247675191,0.6409090909090909,0.12384884059429169,False,1
2021-09-10,13,30,0.00056293653,0.08971440928429816,0.5727272727272728,0.12384884059429169,False,1
2021-09-10,14,30,0.00060608005,0.11446000910534661,0.5863636363636363,0.12384884059429169,False,1
2021-09-10,15,30,5.120274e-05,-0.20379803871778485,0.10454545454545454,0.12384884059429169,False,1
2021-09-10,16,30,0.011006218,6.079612400842781,0.8954545454545455,0.12384884059429169,False,1
2021-09-10,17,30,4.460172e-05,-0.2075841517975286,0.09090909090909091,0.12384884059429169,False,1
2021-09-10,18,30,0.0050956565,2.6895226490392465,0.8409090909090909,0.12384884059429169,False,1
2021-09-10,19,30,0.0007541038,0.19936122061009703,0.6181818181818182,0.12384884059429169,False,1
2021-09-10,20,30,0.010532867,5.8081148438379975,0.8954545454545455,0.12384884059429169,False,1
2021-09-10,21,30,0.00021732051,-0.1085187448309885,0.38181818181818183,0.12384884059429169,False,1
2021-09-10,22,30,0.0012724537,0.4966684181967183,0.6909090909090909,0.12384884059429169,False,1
2021-09-13,1,30,0.0018641443,0.836041299256793,0.75,0.12384884059429169,False,1
2021-09-13,2,30,0.0047665373,2.500751515198761,0.8409090909090909,0.12384884059429169,False,1
2021-09-13,3,30,0.0113132475,6.255713467070629,0.8954545454545455,0.12384884059429169,False,1
2021-09-13,4,30,0.00018048588,-0.12964579311965135,0.34545454545454546,0.12384884059429169,False,1
2021-09-13,5,30,0.02718955,15.361800939817607,0.9227272727272727,0.12384884059429169,False,1
2021-09-13,6,30,9.932676e-05,-0.17619579860708703,0.23636363636363636,0.12384884059429169,False,1
2021-09-13,7,30,0.004610616,2.411320409980412,0.8363636363636363,0.12384884059429169,False,1
2021-09-13,8,30,0.002455136,1.175013282903685,0.7727272727272727,0.12384884059429169,False,1
2021-09-13,9,30,0.00011367709,-0.16796495705732736,0.2772727272727273,0.12384884059429169,False,1
2021-09-13,10,30,0.0022795084,1.0742794613763555,0.7681818181818182,0.12384884059429169,False,1
2021-09-13,11,30,4.3242148e-05,-0.20836395368827357,0.09090909090909091,0.12384884059429169,False,1
2021-09-13,12,30,0.1868809,106.95512512276125,0.9681818181818181,0.12384884059429169,True,1
2021-09-13,13,30,0.0019477607,0.884000688846287,0.759090909090909,0.12384884059429169,False,1
2021-09-13,14,30,0.0003929242,-0.007798661585264968,0.5,0.12384884059429169,False,1
2021-09-13,15,30,4.4706816e-05,-0.20752387153973462,0.09090909090909091,0.12384884059429169,False,1
2021-09-13,16,30,0.001145563,0.42388837737171603,0.6818181818181818,0.12384884059429169,False,1
2021-09-13,17,30,0.006713408,3.6174078580009876,0.8636363636363636,0.12384884059429169,False,1
2021-09-13,18,30,0.001625405,0.6991088584553516,0.7272727272727273,0.12384884059429169,False,1
2021-09-13,19,30,0.00040044825,-0.0034831384820966397,0.5,0.12384884059429169,False,1
2021-09-13,20,30,3.750821e-05,-0.21165273846994084,0.06363636363636363,0.12384884059429169,False,1
2021-09-13,21,30,0.60151255,344.77320978581264,0.9863636363636363,0.12384884059429169,True,1
2021-09-13,22,30,0.05406407,30.77607624780512,0.9590909090909091,0.12384884059429169,False,1
2021-09-06,1,40,0.00030526365,0.008680021989703626,0.5045454545454545,0.043242309242486954,False,1
2021-09-06,2,40,0.00013748909,-0.0957436609426131,0.35454545454545455,0.043242309242486954,False,1
2021-09-06,3,40,0.0010709505,0.48524717372785736,0.6772727272727272,0.043242309242486954,False,1
2021-09-06,4,40,0.0039248085,2.261501901965581,0.8454545454545455,0.043242309242486954,False,1
2021-09-06,5,40,0.00039657124,0.06551030125571307,0.5318181818181819,0.043242309242486954,False,1
2021-09-06,6,40,0.00012847617,-0.10135334381645442,0.3409090909090909,0.043242309242486954,False,1
2021-09-06,7,40,0.0006073881,0.19672371303895286,0.6090909090909091,0.043242309242486954,False,1
2021-09-06,8,40,0.0011138694,0.5119600614541061,0.6863636363636364,0.043242309242486954,False,1
2021-09-06,9,40,0.0004913672,0.12451174986692312,0.5727272727272728,0.043242309242486954,False,1
2021-09-06,10,40,0.0019090109,1.0068599440815298,0.7681818181818182,0.043242309242486954,False,1
2021-09-06,11,40,0.00024635636,-0.027984153669116437,0.4590909090909091,0.043242309242486954,False,1
2021-09-06,12,40,5.4555083e-05,-0.1473621777946732,0.16818181818181818,0.043242309242486954,False,1
2021-09-06,13,40,0.00029022145,-0.0006823136829580731,0.5,0.043242309242486954,False,1
2021-09-06,14,40,4.5624376e-05,-0.15292069212374226,0.13636363636363635,0.043242309242486954,False,1
2021-09-06,15,40,0.00052001665,0.14234331069575823,0.5772727272727273,0.043242309242486954,False,1
2021-09-06,16,40,3.368354e-05,-0.16035272512607243,0.11818181818181818,0.043242309242486954,False,1
2021-09-06,17,40,0.0003257531,0.02143275038768273,0.509090909090909,0.043242309242486954,False,1
2021-09-06,18,40,0.00015742081,-0.08333805806847518,0.37727272727272726,0.043242309242486954,False,1
2021-09-06,19,40,0.00048680013,0.12166918979920258,0.5727272727272728,0.043242309242486954,False,1
2021-09-06,20,40,0.00023972779,-0.03210980835825544,0.45,0.043242309242486954,False,1
2021-09-06,21,40,0.00022313918,-0.04243463255483182,0.44545454545454544,0.043242309242486954,False,1
2021-09-06,22,40,0.00012890296,-0.10108770575120529,0.34545454545454546,0.043242309242486954,False,1
2021-09-07,1,40,6.209661e-05,-0.1426682959403365,0.18636363636363637,0.043242309242486954,False,1
2021-09-07,2,40,0.000533774,0.15090593350370457,0.5772727272727273,0.043242309242486954,False,1
2021-09-07,3,40,7.206119e-05,-0.13646629153520665,0.22727272727272727,0.043242309242486954,False,1
2021-09-07,4,40,0.00018845807,-0.06402032250301087,0.40454545454545454,0.043242309242486954,False,1
2021-09-07,5,40,0.00024778128,-0.027097274493242934,0.4590909090909091,0.043242309242486954,False,1
2021-09-07,6,40,0.0001558481,-0.08431692197586595,0.37727272727272726,0.043242309242486954,False,1
2021-09-07,7,40,0.0011725042,0.5484546323391577,0.6954545454545454,0.043242309242486954,False,1
2021-09-07,8,40,0.009267256,5.586666402876267,0.8954545454545455,0.043242309242486954,False,1
2021-09-07,9,40,0.0008178623,0.3277238463210339,0.6318181818181818,0.043242309242486954,False,1
2021-09-07,10,40,0.00028096858,-0.006441340416388618,0.4954545454545455,0.043242309242486954,False,1
2021-09-07,11,40,0.0008092703,0.32237616052562895,0.6318181818181818,0.043242309242486954,False,1
2021-09-07,12,40,7.396514e-05,-0.13528126807102223,0.2318181818181818,0.043242309242486954,False,1
2021-09-07,13,40,0.003223595,1.8250632976670031,0.8181818181818182,0.043242309242486954,False,1
2021-09-07,14,40,0.005653718,3.3375834178410786,0.8545454545454545,0.043242309242486954,False,1
2021-09-07,15,40,0.00024275953,-0.030222835242431443,0.4590909090909091,0.043242309242486954,False,1
2021-09-07,16,40,0.00083091354,0.33584701470073897,0.6318181818181818,0.043242309242486954,False,1
2021-09-07,17,40,0.0015072929,0.7568287061468626,0.7272727272727273,0.043242309242486954,False,1
2021-09-07,18,40,0.00026521133,-0.016248727855227525,0.4590909090909091,0.043242309242486954,False,1
2021-09-07,19,40,7.1796836e-05,-0.136630828816135,0.22727272727272727,0.043242309242486954,False,1
2021-09-07,20,40,0.13383804,83.12011562623856,0.9863636363636363,0.043242309242486954,True,1
2021-09-07,21,40,0.00014639861,-0.09019832934067316,0.36363636363636365,0.043242309242486954,False,1
2021-09-07,22,40,0.0010881278,0.4959384152440736,0.6772727272727272,0.043242309242486954,False,1
2021-09-08,1,40,2.3729417e-05,-0.16654821855012023,0.06363636363636363,0.043242309242486954,False,1
2021-09-08,2,40,0.00030711468,0.009832113543313323,0.5045454545454545,0.043242309242486954,False,1
2021-09-08,3,40,0.00034036933,0.030529964254419503,0.5136363636363637,0.043242309242486954,False,1
2021-09-08,4,40,4.333999e-05,-0.1543425042669937,0.1318181818181818,0.043242309242486954,False,1
2021-09-08,5,40,0.00018227099,-0.06787119137396334,0.4,0.043242309242486954,False,1
2021-09-08,6,40,0.0027819632,1.5501895885948127,0.8090909090909091,0.043242309242486954,False,1
2021-09-08,7,40,0.00022621188,-0.04052217253131881,0.44545454545454544,0.043242309242486954,False,1
2021-09-08,8,40,0.0012320012,0.585485895549021,0.7090909090909091,0.043242309242486954,False,1
2021-09-08,9,40,8.136169e-06,-0.17625353042551967,0.0,0.043242309242486954,False,1
2021-09-08,10,40,0.0005634546,0.1693792861871393,0.5954545454545455,0.043242309242486954,False,1
2021-09-08,11,40,0.00059476134,0.18886476074706007,0.6,0.043242309242486954,False,1
2021-09-08,12,40,1.8511895e-05,-0.16979562895344189,0.031818181818181815,0.043242309242486954,False,1
2021-09-08,13,40,0.0001206294,-0.10623721136638871,0.32727272727272727,0.043242309242486954,False,1
2021-09-08,14,40,0.00017532613,-0.07219370389487942,0.38636363636363635,0.043242309242486954,False,1
2021-09-08,15,40,0.023676258,14.554897605312444,0.9454545454545454,0.043242309242486954,False,1
2021-09-08,16,40,0.00081301015,0.32470385607505187,0.6318181818181818,0.043242309242486954,False,1
2021-09-08,17,40,0.0015330147,0.7728381070480125,0.7272727272727273,0.043242309242486954,False,1
2021-09-08,18,40,2.4841049e-05,-0.16585633369100708,0.07272727272727272,0.043242309242486954,False,1
2021-09-08,19,40,8.689598e-05,-0.1272330478651361,0.2590909090909091,0.043242309242486954,False,1
2021-09-08,20,40,0.008671312,5.215748026503916,0.8954545454545455,0.043242309242486954,False,1
2021-09-08,21,40,0.00021521807,-0.04736477324313966,0.43636363636363634,0.043242309242486954,False,1
2021-09-08,22,40,7.681181e-05,-0.13350948418476072,0.2318181818181818,0.043242309242486954,False,1
2021-09-10,1,40,0.00011540671,-0.10948783820115779,0.31363636363636366,0.043242309242486954,False,1
2021-09-10,2,40,0.000104700404,-0.11615149165687855,0.30454545454545456,0.043242309242486954,False,1
2021-09-10,3,40,7.410048e-05,-0.13519703175795839,0.2318181818181818,0.043242309242486954,False,1
2021-09-10,4,40,0.0002913934,4.7115456218279875e-05,0.5,0.043242309242486954,False,1
2021-09-10,5,40,0.00010367305,-0.11679092411579481,0.3,0.043242309242486954,False,1
2021-09-10,6,40,0.9422096,586.2544117141505,0.9954545454545455,0.043242309242486954,True,1
2021-09-10,7,40,0.00065563386,0.22675210871696794,0.6181818181818182,0.043242309242486954,False,1
2021-09-10,8,40,0.00066089793,0.23002848964626924,0.6227272727272727,0.043242309242486954,False,1
2021-09-10,9,40,0.017458485,10.684926704620219,0.9363636363636364,0.043242309242486954,False,1
2021-09-10,10,40,0.045736443,28.285261901836517,0.9681818181818181,0.043242309242486954,True,1
2021-09-10,11,40,0.00010321278,-0.11707739822622466,0.29545454545454547,0.043242309242486954,False,1
2021-09-10,12,40,0.0004977534,0.12848654814722482,0.5727272727272728,0.043242309242486954,False,1
2021-09-10,13,40,0.00075261376,0.28711285907159195,0.6272727272727273,0.043242309242486954,False,1
2021-09-10,14,40,7.1208466e-05,-0.13699703329201843,0.22727272727272727,0.043242309242486954,False,1
2021-09-10,15,40,0.00016917007,-0.0760252628556709,0.38636363636363635,0.043242309242486954,False,1
2021-09-10,16,40,0.021943107,13.476176609484437,0.9363636363636364,0.043242309242486954,False,1
2021-09-10,17,40,6.676082e-05,-0.1397652701314177,0.20454545454545456,0.043242309242486954,False,1
2021-09-10,18,40,0.0018587799,0.9755959315255596,0.7681818181818182,0.043242309242486954,False,1
2021-09-10,19,40,0.0009572191,0.41446019497676845,0.6545454545454545,0.043242309242486954,False,1
2021-09-10,20,40,0.0056109224,3.310947190095882,0.8545454545454545,0.043242309242486954,False,1
2021-09-10,21,40,0.00013301136,-0.09853061897540016,0.35,0.043242309242486954,False,1
2021-09-10,22,40,0.000341716,0.03136813391019652,0.5136363636363637,0.043242309242486954,False,1
2021-09-13,1,40,0.0023806342,1.3004005034547343,0.7954545454545454,0.043242309242486954,False,1
2021-09-13,2,40,0.010161578,6.143296699016936,0.9045454545454545,0.043242309242486954,False,1
2021-09-13,3,40,0.005098899,2.9922613599057444,0.85,0.043242309242486954,False,1
2021-09-13,4,40,0.000735603,0.2765252679361834,0.6272727272727273,0.043242309242486954,False,1
2021-09-13,5,40,0.014820227,9.04286237491573,0.9272727272727272,0.043242309242486954,False,1
2021-09-13,6,40,7.74843e-05,-0.13309092467337752,0.23636363636363636,0.043242309242486954,False,1
2021-09-13,7,40,0.005971937,3.535644405558947,0.8545454545454545,0.043242309242486954,False,1
2021-09-13,8,40,0.00026626504,-0.015592897369882343,0.4636363636363636,0.043242309242486954,False,1
2021-09-13,9,40,0.0001614882,-0.08080649442908355,0.38636363636363635,0.043242309242486954,False,1
2021-09-13,10,40,0.0039117048,2.2533460915050973,0.8454545454545455,0.043242309242486954,False,1
2021-09-13,11,40,5.223184e-05,-0.14880817487582676,0.16363636363636364,0.043242309242486954,False,1
2021-09-13,12,40,0.15555203,96.63500422192007,0.9863636363636363,0.043242309242486954,True,1
2021-09-13,13,40,0.261606,162.64350376825436,0.990909090909091,0.043242309242486954,True,1
2021-09-13,14,40,0.0004896482,0.1234418431748522,0.5727272727272728,0.043242309242486954,False,1
2021-09-13,15,40,2.355217e-05,-0.16665853841267975,0.06363636363636363,0.043242309242486954,False,1
2021-09-13,16,40,0.0040216455,2.3217737470302704,0.8454545454545455,0.043242309242486954,False,1
2021-09-13,17,40,0.0047420347,2.7701473974147577,0.8454545454545455,0.043242309242486954,False,1
2021-09-13,18,40,0.010645718,6.444628100679965,0.9090909090909091,0.043242309242486954,False,1
2021-09-13,19,40,0.0006106342,0.19874411654712745,0.6090909090909091,0.043242309242486954,False,1
2021-09-13,20,40,0.008901072,5.358751786847393,0.8954545454545455,0.043242309242486954,False,1
2021-09-13,21,40,0.6250588,388.85826572473115,0.9954545454545455,0.043242309242486954,True,1
2021-09-13,22,40,0.021563455,13.239879536094579,0.9363636363636364,0.043242309242486954,False,1
2021-09-06,1,50,5.4544267e-05,-0.1192956671902106,0.36363636363636365,0.010447117500007153,False,1
2021-09-06,2,50,6.031215e-05,-0.10669370809369076,0.37727272727272726,0.010447117500007153,False,1
2021-09-06,3,50,0.0002655767,0.3417784309745058,0.65,0.010447117500007153,False,1
2021-09-06,4,50,0.00014068428,0.06890728857540089,0.5545454545454546,0.010447117500007153,False,1
2021-09-06,5,50,0.00025911824,0.3276676679672457,0.65,0.010447117500007153,False,1
2021-09-06,6,50,7.230459e-05,-0.08049203862943462,0.4090909090909091,0.010447117500007153,False,1
2021-09-06,7,50,0.0004155211,0.6693843475426526,0.7090909090909091,0.010447117500007153,False,1
2021-09-06,8,50,4.8262176e-05,-0.133021090021346,0.32272727272727275,0.010447117500007153,False,1
2021-09-06,9,50,0.00073106436,1.3587988729717893,0.7909090909090909,0.010447117500007153,False,1
2021-09-06,10,50,0.00012470187,0.03398812426366621,0.5318181818181819,0.010447117500007153,False,1
2021-09-06,11,50,4.3648288e-05,-0.1431017416387374,0.3181818181818182,0.010447117500007153,False,1
2021-09-06,12,50,2.9855057e-05,-0.17323787498854296,0.2636363636363636,0.010447117500007153,False,1
2021-09-06,13,50,0.00018588603,0.167666319435598,0.6045454545454545,0.010447117500007153,False,1
2021-09-06,14,50,0.00014966048,0.08851894156555974,0.5590909090909091,0.010447117500007153,False,1
2021-09-06,15,50,0.0001397429,0.06685051948846366,0.55,0.010447117500007153,False,1
2021-09-06,16,50,0.0027595938,5.790830240536454,0.9136363636363637,0.010447117500007153,False,1
2021-09-06,17,50,0.0020322574,4.2017097369941325,0.8954545454545455,0.010447117500007153,False,1
2021-09-06,18,50,0.00016548418,0.12309133151252616,0.5863636363636363,0.010447117500007153,False,1
2021-09-06,19,50,0.0001709282,0.1349856890447036,0.5863636363636363,0.010447117500007153,False,1
2021-09-06,20,50,2.6135303e-05,-0.18136497590858366,0.24545454545454545,0.010447117500007153,False,1
2021-09-06,21,50,5.8937523e-05,-0.10969706436946587,0.37272727272727274,0.010447117500007153,False,1
2021-09-06,22,50,1.8675508e-05,-0.19766350617610415,0.18181818181818182,0.010447117500007153,False,1
2021-09-07,1,50,1.5098923e-05,-0.2054778063338477,0.1409090909090909,0.010447117500007153,False,1
2021-09-07,2,50,0.00014112053,0.0698604332239191,0.5545454545454546,0.010447117500007153,False,1
2021-09-07,3,50,0.0014012246,2.822998195813331,0.8636363636363636,0.010447117500007153,False,1
2021-09-07,4,50,0.00011941305,0.022432862907104074,0.5272727272727272,0.010447117500007153,False,1
2021-09-07,5,50,0.00017816984,0.15080759134891314,0.5954545454545455,0.010447117500007153,False,1
2021-09-07,6,50,0.00017146017,0.13614797294062672,0.5863636363636363,0.010447117500007153,False,1
2021-09-07,7,50,0.0020254913,4.186926917828216,0.8954545454545455,0.010447117500007153,False,1
2021-09-07,8,50,0.0009798594,1.902378547309603,0.8181818181818182,0.010447117500007153,False,1
2021-09-07,9,50,0.00020973267,0.21976761779701592,0.6272727272727273,0.010447117500007153,False,1
2021-09-07,10,50,0.00024122844,0.28858113867320595,0.6409090909090909,0.010447117500007153,False,1
2021-09-07,11,50,0.00089432753,1.7155043315861276,0.8045454545454546,0.010447117500007153,False,1
2021-09-07,12,50,2.099855e-05,-0.1925880085382139,0.2,0.010447117500007153,False,1
2021-09-07,13,50,0.0004227405,0.6851576690061758,0.7136363636363636,0.010447117500007153,False,1
2021-09-07,14,50,0.0018743969,3.85680840526677,0.8954545454545455,0.010447117500007153,False,1
2021-09-07,15,50,0.00012864167,0.04259599428216143,0.5318181818181819,0.010447117500007153,False,1
2021-09-07,16,50,7.871957e-05,-0.06647627532896175,0.43636363636363634,0.010447117500007153,False,1
2021-09-07,17,50,0.0010980034,2.160505340972916,0.8272727272727273,0.010447117500007153,False,1
2021-09-07,18,50,3.9994255e-05,-0.15108525406286863,0.30454545454545456,0.010447117500007153,False,1
2021-09-07,19,50,7.026417e-06,-0.2231150161626925,0.045454545454545456,0.010447117500007153,False,1
2021-09-07,20,50,0.0014456778,2.9201217246933275,0.8636363636363636,0.010447117500007153,False,1
2021-09-07,21,50,0.00012664642,0.03823669046790383,0.5318181818181819,0.010447117500007153,False,1
2021-09-07,22,50,0.00025957468,0.32866491053855973,0.65,0.010447117500007153,False,1
2021-09-08,1,50,4.7310114e-06,-0.22813013151958078,0.004545454545454545,0.010447117500007153,False,1
2021-09-08,2,50,0.0001706458,0.13436869965048948,0.5863636363636363,0.010447117500007153,False,1
2021-09-08,3,50,2.95064e-05,-0.17399963719562697,0.2636363636363636,0.010447117500007153,False,1
2021-09-08,4,50,7.488499e-05,-0.07485424478528227,0.41818181818181815,0.010447117500007153,False,1
2021-09-08,5,50,0.0001906495,0.17807377894658558,0.6090909090909091,0.010447117500007153,False,1
2021-09-08,6,50,0.00064525736,1.1713235011385643,0.7818181818181819,0.010447117500007153,False,1
2021-09-08,7,50,2.0564465e-05,-0.1935364198931083,0.2,0.010447117500007153,False,1
2021-09-08,8,50,0.00014390348,0.07594076418948059,0.5590909090909091,0.010447117500007153,False,1
2021-09-08,9,50,4.676759e-06,-0.2282486645581844,0.004545454545454545,0.010447117500007153,False,1
2021-09-08,10,50,1.949234e-05,-0.19587885179481104,0.18636363636363637,0.010447117500007153,False,1
2021-09-08,11,50,1.4078524e-05,-0.20770722339862333,0.12272727272727273,0.010447117500007153,False,1
2021-09-08,12,50,5.4785363e-05,-0.11876890844119797,0.36818181818181817,0.010447117500007153,False,1
2021-09-08,13,50,0.0015386803,3.123318085487609,0.8636363636363636,0.010447117500007153,False,1
2021-09-08,14,50,0.00020753652,0.2149693695544104,0.6227272727272727,0.010447117500007153,False,1
2021-09-08,15,50,0.0015310586,3.106665794180097,0.8636363636363636,0.010447117500007153,False,1
2021-09-08,16,50,0.000183315,0.1620490007625203,0.6045454545454545,0.010447117500007153,False,1
2021-09-08,17,50,0.00044381118,0.7311939291928504,0.7363636363636363,0.010447117500007153,False,1
2021-09-08,18,50,3.0345354e-05,-0.1721666483751628,0.2727272727272727,0.010447117500007153,False,1
2021-09-08,19,50,5.0862536e-06,-0.2273539806562709,0.013636363636363636,0.010447117500007153,False,1
2021-09-08,20,50,0.0083228005,17.94559939198916,0.9590909090909091,0.010447117500007153,False,1
2021-09-08,21,50,8.052643e-05,-0.06252855742642209,0.4409090909090909,0.010447117500007153,False,1
2021-09-08,22,50,5.07073e-05,-0.12767886671740344,0.3409090909090909,0.010447117500007153,False,1
2021-09-10,1,50,2.8696688e-05,-0.17576873648771474,0.2590909090909091,0.010447117500007153,False,1
2021-09-10,2,50,0.00030703095,0.432349714348164,0.6681818181818182,0.010447117500007153,False,1
2021-09-10,3,50,2.9569102e-05,-0.17386264192735973,0.2636363636363636,0.010447117500007153,False,1
2021-09-10,4,50,3.4234617e-05,-0.1636691940550305,0.29545454545454547,0.010447117500007153,False,1
2021-09-10,5,50,1.4104178e-05,-0.20765117301522837,0.12272727272727273,0.010447117500007153,False,1
2021-09-10,6,50,0.028692484,62.45029083858788,0.990909090909091,0.010447117500007153,True,1
2021-09-10,7,50,0.00011876509,0.02101716697538872,0.5181818181818182,0.010447117500007153,False,1
2021-09-10,8,50,0.00011746805,0.01818332699367736,0.5181818181818182,0.010447117500007153,False,1
2021-09-10,9,50,0.006698731,14.397251736059383,0.9454545454545454,0.010447117500007153,False,1
2021-09-10,10,50,0.03850856,83.89694036055101,0.990909090909091,0.010447117500007153,True,1
2021-09-10,11,50,0.000660338,1.2042723753467823,0.7818181818181819,0.010447117500007153,False,1
2021-09-10,12,50,0.00023318277,0.27100256843077536,0.6409090909090909,0.010447117500007153,False,1
2021-09-10,13,50,0.00015494942,0.10007447316894506,0.5727272727272728,0.010447117500007153,False,1
2021-09-10,14,50,0.0001589933,0.1089097320438465,0.5818181818181818,0.010447117500007153,False,1
2021-09-10,15,50,1.1917997e-05,-0.21242765049169518,0.10454545454545454,0.010447117500007153,False,1
2021-09-10,16,50,0.006904999,14.847916101460422,0.95,0.010447117500007153,False,1
2021-09-10,17,50,1.9518977e-05,-0.19582065334659354,0.18636363636363637,0.010447117500007153,False,1
2021-09-10,18,50,0.0032982987,6.967819378890395,0.9227272727272727,0.010447117500007153,False,1
2021-09-10,19,50,0.00047830524,0.8065582648569033,0.7454545454545455,0.010447117500007153,False,1
2021-09-10,20,50,0.0012646158,2.5245284476843537,0.8454545454545455,0.010447117500007153,False,1
2021-09-10,21,50,6.0737875e-05,-0.10576356621888758,0.37727272727272726,0.010447117500007153,False,1
2021-09-10,22,50,0.0008961128,1.7194049152633286,0.8045454545454546,0.010447117500007153,False,1
2021-09-13,1,50,0.00032802307,0.47821435190524114,0.6818181818181818,0.010447117500007153,False,1
2021-09-13,2,50,0.00078302756,1.4723306443810855,0.7954545454545454,0.010447117500007153,False,1
2021-09-13,3,50,0.001997436,4.125630105679712,0.8954545454545455,0.010447117500007153,False,1
2021-09-13,4,50,9.9244106e-05,-0.021633250247901536,0.4681818181818182,0.010447117500007153,False,1
2021-09-13,5,50,0.005403716,11.56783947829916,0.9454545454545454,0.010447117500007153,False,1
2021-09-13,6,50,4.881019e-05,-0.13182376147120392,0.32727272727272727,0.010447117500007153,False,1
2021-09-13,7,50,0.0019169261,3.9497282925026664,0.8954545454545455,0.010447117500007153,False,1
2021-09-13,8,50,3.229248e-05,-0.16791247454934397,0.2863636363636364,0.010447117500007153,False,1
2021-09-13,9,50,0.00013565086,0.057910023321237736,0.55,0.010447117500007153,False,1
2021-09-13,10,50,0.0006340182,1.1467676666212774,0.7818181818181819,0.010447117500007153,False,1
2021-09-13,11,50,2.4489307e-05,-0.18496122986912908,0.22727272727272727,0.010447117500007153,False,1
2021-09-13,12,50,0.43674362,953.9805824855714,0.9954545454545455,0.010447117500007153,True,1
2021-09-13,13,50,0.0012665379,2.5287280197292343,0.8454545454545455,0.010447117500007153,False,1
2021-09-13,14,50,7.807015e-05,-0.06789515063506757,0.43636363636363634,0.010447117500007153,False,1
2021-09-13,15,50,1.077477e-05,-0.21492542861322514,0.1,0.010447117500007153,False,1
2021-09-13,16,50,0.00035511988,0.5374167829677678,0.6954545454545454,0.010447117500007153,False,1
2021-09-13,17,50,0.0019576848,4.038779771330193,0.8954545454545455,0.010447117500007153,False,1
2021-09-13,18,50,0.0008929154,1.7124190666776182,0.8045454545454546,0.010447117500007153,False,1
2021-09-13,19,50,0.014449923,31.332440215935677,0.9863636363636363,0.010447117500007153,True,1
2021-09-13,20,50,0.0027240135,5.713092756239869,0.9136363636363637,0.010447117500007153,False,1
2021-09-13,21,50,0.091702476,200.11763739294094,0.990909090909091,0.010447117500007153,True,1
2021-09-13,22,50,0.009836486,21.252773441555448,0.9636363636363636,0.010447117500007153,False,1
2021-09-06,1,60,0.0002979792,0.42041779747771485,0.6772727272727272,0.009915557689964771,False,1
2021-09-06,2,60,6.2224055e-05,-0.0774846235655524,0.4318181818181818,0.009915557689964771,False,1
2021-09-06,3,60,0.00042686108,0.6926095561773544,0.740909090909091,0.009915557689964771,False,1
2021-09-06,4,60,0.00021029795,0.23523963706725967,0.6227272727272727,0.009915557689964771,False,1
2021-09-06,5,60,2.8051656e-05,-0.14965492937170194,0.2590909090909091,0.009915557689964771,False,1
2021-09-06,6,60,5.611183e-05,-0.09039332362874199,0.4090909090909091,0.009915557689964771,False,1
2021-09-06,7,60,0.00036567487,0.5633875152790064,0.6909090909090909,0.009915557689964771,False,1
2021-09-06,8,60,0.00013074873,0.0672358694699486,0.5272727272727272,0.009915557689964771,False,1
2021-09-06,9,60,0.0007538268,1.38314395159196,0.8,0.009915557689964771,False,1
2021-09-06,10,60,0.00019033364,0.1930760644601489,0.6,0.009915557689964771,False,1
2021-09-06,11,60,0.00061420846,1.088277352485059,0.7818181818181819,0.009915557689964771,False,1
2021-09-06,12,60,2.7470776e-05,-0.15088171671721234,0.2590909090909091,0.009915557689964771,False,1
2021-09-06,13,60,0.0001655454,0.14072460422254782,0.5636363636363636,0.009915557689964771,False,1
2021-09-06,14,60,0.00013956033,0.08584551842409968,0.5272727272727272,0.009915557689964771,False,1
2021-09-06,15,60,0.00065017055,1.1642273912475258,0.7863636363636364,0.009915557689964771,False,1
2021-09-06,16,60,0.0021702782,4.374614695304263,0.9,0.009915557689964771,False,1
2021-09-06,17,60,0.0025474546,5.171191227090958,0.9045454545454545,0.009915557689964771,False,1
2021-09-06,18,60,6.306384e-05,-0.07571104453577912,0.4318181818181818,0.009915557689964771,False,1
2021-09-06,19,60,0.00036254962,0.556787137977032,0.6909090909090909,0.009915557689964771,False,1
2021-09-06,20,60,6.797633e-05,-0.06533611660906027,0.44545454545454544,0.009915557689964771,False,1
2021-09-06,21,60,6.0823022e-05,-0.08044353128825436,0.42727272727272725,0.009915557689964771,False,1
2021-09-06,22,60,9.096856e-06,-0.1896864681043007,0.07727272727272727,0.009915557689964771,False,1
2021-09-07,1,60,1.2562408e-05,-0.18236740436833268,0.11363636363636363,0.009915557689964771,False,1
2021-09-07,2,60,8.773737e-05,-0.02360185157638531,0.4909090909090909,0.009915557689964771,False,1
2021-09-07,3,60,0.0010952001,2.1041062935082655,0.8454545454545455,0.009915557689964771,False,1
2021-09-07,4,60,0.00011333657,0.03046232122587558,0.5136363636363637,0.009915557689964771,False,1
2021-09-07,5,60,1.9563686e-05,-0.16758107527489025,0.19545454545454546,0.009915557689964771,False,1
2021-09-07,6,60,1.4771176e-05,-0.17770260293830345,0.16363636363636364,0.009915557689964771,False,1
2021-09-07,7,60,0.0017288522,3.442346114186224,0.8863636363636364,0.009915557689964771,False,1
2021-09-07,8,60,0.0003900753,0.6149199135818743,0.7227272727272728,0.009915557689964771,False,1
2021-09-07,9,60,7.83792e-05,-0.04336581206622409,0.4727272727272727,0.009915557689964771,False,1
2021-09-07,10,60,0.00014007656,0.0869357672753496,0.5272727272727272,0.009915557689964771,False,1
2021-09-07,11,60,0.001458225,2.8707957159823874,0.8681818181818182,0.009915557689964771,False,1
2021-09-07,12,60,1.2667445e-05,-0.18214557253326927,0.11363636363636363,0.009915557689964771,False,1
2021-09-07,13,60,7.685658e-05,-0.046581500668824743,0.4727272727272727,0.009915557689964771,False,1
2021-09-07,14,60,0.1020163,215.24415100867424,0.9954545454545455,0.009915557689964771,True,1
2021-09-07,15,60,0.5193154,1096.55790540753,1.0,0.009915557689964771,True,1
2021-09-07,16,60,0.0013267044,2.593031225959296,0.8590909090909091,0.009915557689964771,False,1
2021-09-07,17,60,0.00028037213,0.3832326130641241,0.6545454545454545,0.009915557689964771,False,1
2021-09-07,18,60,1.5153639e-05,-0.17689486222754708,0.16363636363636364,0.009915557689964771,False,1
2021-09-07,19,60,1.6326836e-05,-0.17441713149432522,0.16818181818181818,0.009915557689964771,False,1
2021-09-07,20,60,0.00051542063,0.8796426609124014,0.75,0.009915557689964771,False,1
2021-09-07,21,60,7.9814374e-05,-0.04033479732823686,0.4727272727272727,0.009915557689964771,False,1
2021-09-07,22,60,0.0002568526,0.33356059880527494,0.6409090909090909,0.009915557689964771,False,1
2021-09-08,1,60,3.7819511e-06,-0.20091126719586525,0.0,0.009915557689964771,False,1
2021-09-08,2,60,2.2773876e-05,-0.1608013216881682,0.2318181818181818,0.009915557689964771,False,1
2021-09-08,3,60,3.5851313e-05,-0.1331824639699526,0.32272727272727275,0.009915557689964771,False,1
2021-09-08,4,60,4.6470013e-05,-0.11075632937886444,0.37727272727272726,0.009915557689964771,False,1
2021-09-08,5,60,4.0173953e-05,-0.12405327789132366,0.34545454545454546,0.009915557689964771,False,1
2021-09-08,6,60,5.7327044e-05,-0.08782685170995327,0.4090909090909091,0.009915557689964771,False,1
2021-09-08,7,60,2.216047e-05,-0.1620968046994927,0.22727272727272727,0.009915557689964771,False,1
2021-09-08,8,60,3.149296e-05,-0.1423870762147036,0.2863636363636364,0.009915557689964771,False,1
2021-09-08,9,60,4.2522006e-06,-0.19991812511564627,0.0,0.009915557689964771,False,1
2021-09-08,10,60,0.000115417264,0.034856631070755574,0.5136363636363637,0.009915557689964771,False,1
2021-09-08,11,60,6.930492e-05,-0.06253020483685119,0.45,0.009915557689964771,False,1
2021-09-08,12,60,2.399338e-05,-0.15822579509516385,0.23636363636363636,0.009915557689964771,False,1
2021-09-08,13,60,0.002393502,4.846051636653829,0.9,0.009915557689964771,False,1
2021-09-08,14,60,3.0529933e-05,-0.14442093967248104,0.2818181818181818,0.009915557689964771,False,1
2021-09-08,15,60,0.004568314,9.439140262025427,0.9363636363636364,0.009915557689964771,False,1
2021-09-08,16,60,0.00018541499,0.18268813652598598,0.5909090909090909,0.009915557689964771,False,1
2021-09-08,17,60,0.00020293935,0.2196986659932299,0.6181818181818182,0.009915557689964771,False,1
2021-09-08,18,60,0.0003119516,0.4499267694579189,0.6772727272727272,0.009915557689964771,False,1
2021-09-08,19,60,9.039702e-06,-0.18980717532472044,0.07727272727272727,0.009915557689964771,False,1
2021-09-08,20,60,0.0009809686,1.862855413046122,0.8318181818181818,0.009915557689964771,False,1
2021-09-08,21,60,0.00013690509,0.08023778235247127,0.5272727272727272,0.009915557689964771,False,1
2021-09-08,22,60,2.472399e-05,-0.15668278564186403,0.2409090909090909,0.009915557689964771,False,1
2021-09-10,1,60,1.8215553e-05,-0.17042826130241234,0.19090909090909092,0.009915557689964771,False,1
2021-09-10,2,60,7.580313e-05,-0.04880633054801035,0.4727272727272727,0.009915557689964771,False,1
2021-09-10,3,60,3.511656e-05,-0.13473422076868685,0.3181818181818182,0.009915557689964771,False,1
2021-09-10,4,60,2.4670222e-05,-0.1567963397849017,0.2409090909090909,0.009915557689964771,False,1
2021-09-10,5,60,1.0531801e-05,-0.1866559393299487,0.1,0.009915557689964771,False,1
2021-09-10,6,60,0.020551315,43.19439484395349,0.990909090909091,0.009915557689964771,True,1
2021-09-10,7,60,3.4060107e-05,-0.1369653969872039,0.3090909090909091,0.009915557689964771,False,1
2021-09-10,8,60,2.0599618e-05,-0.16539324009773965,0.2,0.009915557689964771,False,1
2021-09-10,9,60,0.0027937335,5.691319373627103,0.9136363636363637,0.009915557689964771,False,1
2021-09-10,10,60,0.016421152,34.47170971677172,0.9863636363636363,0.009915557689964771,True,1
2021-09-10,11,60,0.00046965518,0.7829884353533808,0.7454545454545455,0.009915557689964771,False,1
2021-09-10,12,60,5.154214e-05,-0.10004426177918684,0.4,0.009915557689964771,False,1
2021-09-10,13,60,0.00027123684,0.3639393727019857,0.65,0.009915557689964771,False,1
2021-09-10,14,60,1.7811508e-05,-0.17128158271302804,0.18181818181818182,0.009915557689964771,False,1
2021-09-10,15,60,8.534552e-05,-0.0286533071876318,0.4909090909090909,0.009915557689964771,False,1
2021-09-10,16,60,0.001934691,3.8770668548422864,0.8863636363636364,0.009915557689964771,False,1
2021-09-10,17,60,8.051545e-05,-0.03885416409268808,0.4727272727272727,0.009915557689964771,False,1
2021-09-10,18,60,0.0014159839,2.781584809106372,0.8636363636363636,0.009915557689964771,False,1
2021-09-10,19,60,0.00022147868,0.25885275224347537,0.6272727272727273,0.009915557689964771,False,1
2021-09-10,20,60,0.0006024535,1.0634514564725355,0.7727272727272727,0.009915557689964771,False,1
2021-09-10,21,60,9.5424744e-05,-0.00736651722058769,0.4954545454545455,0.009915557689964771,False,1
2021-09-10,22,60,0.0003808402,0.5954159071415999,0.7136363636363636,0.009915557689964771,False,1
2021-09-13,1,60,0.00033053095,0.48916540185586804,0.6909090909090909,0.009915557689964771,False,1
2021-09-13,2,60,0.0012140468,2.3551044135944377,0.8454545454545455,0.009915557689964771,False,1
2021-09-13,3,60,0.00017471667,0.16009384699227305,0.5863636363636363,0.009915557689964771,False,1
2021-09-13,4,60,0.00016810143,0.14612280353116505,0.5727272727272728,0.009915557689964771,False,1
2021-09-13,5,60,0.0099461805,20.796910548230915,0.9681818181818181,0.009915557689964771,True,1
2021-09-13,6,60,2.7059983e-05,-0.15174929050005545,0.2590909090909091,0.009915557689964771,False,1
2021-09-13,7,60,0.0007329579,1.3390699310823755,0.8,0.009915557689964771,False,1
2021-09-13,8,60,4.4857054e-05,-0.11416281537204358,0.37272727272727274,0.009915557689964771,False,1
2021-09-13,9,60,0.0032917745,6.743155815174403,0.9272727272727272,0.009915557689964771,False,1
2021-09-13,10,60,0.0007720109,1.421547756088701,0.8090909090909091,0.009915557689964771,False,1
2021-09-13,11,60,1.3578617e-05,-0.18022122568666668,0.1318181818181818,0.009915557689964771,False,1
2021-09-13,12,60,0.34437498,727.0929211537554,0.9954545454545455,0.009915557689964771,True,1
2021-09-13,13,60,0.0010065841,1.9169541296033878,0.8318181818181818,0.009915557689964771,False,1
2021-09-13,14,60,0.00028415548,0.39122285404612456,0.6636363636363637,0.009915557689964771,False,1
2021-09-13,15,60,7.428298e-06,-0.1932103748207458,0.045454545454545456,0.009915557689964771,False,1
2021-09-13,16,60,0.0006302233,1.122099868306448,0.7818181818181819,0.009915557689964771,False,1
2021-09-13,17,60,0.019082582,40.09250824505256,0.990909090909091,0.009915557689964771,True,1
2021-09-13,18,60,0.002934903,5.989461728746887,0.9181818181818182,0.009915557689964771,False,1
2021-09-13,19,60,0.0019010793,3.8060807905535023,0.8863636363636364,0.009915557689964771,False,1
2021-09-13,20,60,0.0004934481,0.8332378589263183,0.75,0.009915557689964771,False,1
2021-09-13,21,60,0.015543838,32.618868258632375,0.9772727272727273,0.009915557689964771,True,1
2021-09-13,22,60,0.015135185,31.75581429870838,0.9772727272727273,0.009915557689964771,True,1
2021-09-06,1,65,0.0003093542,0.7981191029442951,0.7363636363636363,0.005443901754915714,False,1
2021-09-06,2,65,2.9188637e-05,-0.1266877223132647,0.30454545454545456,0.005443901754915714,False,1
2021-09-06,3,65,0.00010951997,0.1384803682847633,0.5954545454545455,0.005443901754915714,False,1
2021-09-06,4,65,9.615366e-05,0.09435910878881554,0.5818181818181818,0.005443901754915714,False,1
2021-09-06,5,65,2.4291852e-05,-0.142851665811929,0.2772727272727273,0.005443901754915714,False,1
2021-09-06,6,65,6.015844e-05,-0.024458577541827523,0.4818181818181818,0.005443901754915714,False,1
2021-09-06,7,65,0.007814469,25.571975790669295,0.9818181818181818,0.005443901754915714,True,1
2021-09-06,8,65,0.0002449943,0.5856716209666822,0.7,0.005443901754915714,False,1
2021-09-06,9,65,0.00028792405,0.7273797150778892,0.7272727272727273,0.005443901754915714,False,1
2021-09-06,10,65,0.00011529176,0.15753264737054368,0.6045454545454545,0.005443901754915714,False,1
2021-09-06,11,65,0.0008829588,2.6915477307370463,0.8545454545454545,0.005443901754915714,False,1
2021-09-06,12,65,2.512648e-05,-0.14009662093181946,0.2818181818181818,0.005443901754915714,False,1
2021-09-06,13,65,0.0001370238,0.22926859027200872,0.6181818181818182,0.005443901754915714,False,1
2021-09-06,14,65,0.00010643729,0.12830466546130315,0.5954545454545455,0.005443901754915714,False,1
2021-09-06,15,65,0.00016933389,0.3359219069327855,0.6454545454545455,0.005443901754915714,False,1
2021-09-06,16,65,0.00079919246,2.4150408754740664,0.85,0.005443901754915714,False,1
2021-09-06,17,65,0.00074118905,2.2235756888756404,0.8454545454545455,0.005443901754915714,False,1
2021-09-06,18,65,1.3815167e-05,-0.1774344678278983,0.18181818181818182,0.005443901754915714,False,1
2021-09-06,19,65,0.00024009652,0.5695043870807284,0.7,0.005443901754915714,False,1
2021-09-06,20,65,2.1421687e-05,-0.15232587968095138,0.2590909090909091,0.005443901754915714,False,1
2021-09-06,21,65,0.00013443387,0.22071939553628073,0.6181818181818182,0.005443901754915714,False,1
2021-09-06,22,65,6.3328052e-06,-0.2021332196244336,0.03636363636363636,0.005443901754915714,False,1
2021-09-07,1,65,1.4810391e-05,-0.17414930432844128,0.19545454545454546,0.005443901754915714,False,1
2021-09-07,2,65,3.6673973e-05,-0.10197915339406818,0.36818181818181817,0.005443901754915714,False,1
2021-09-07,3,65,0.00086691225,2.6385791241855765,0.8545454545454545,0.005443901754915714,False,1
2021-09-07,4,65,9.363199e-05,0.08603526955627988,0.5772727272727273,0.005443901754915714,False,1
2021-09-07,5,65,2.2606308e-05,-0.14841553058777723,0.2681818181818182,0.005443901754915714,False,1
2021-09-07,6,65,1.5205216e-05,-0.17284601374616032,0.21363636363636362,0.005443901754915714,False,1
2021-09-07,7,65,0.001993571,6.357600410434984,0.9136363636363637,0.005443901754915714,False,1
2021-09-07,8,65,0.00012389566,0.18593351718142145,0.6136363636363636,0.005443901754915714,False,1
2021-09-07,9,65,0.00027881484,0.6973108590854912,0.7181818181818181,0.005443901754915714,False,1
2021-09-07,10,65,6.744017e-05,-0.0004221062526489625,0.5,0.005443901754915714,False,1
2021-09-07,11,65,0.0003313137,0.8706059026182532,0.75,0.005443901754915714,False,1
2021-09-07,12,65,1.5571151e-05,-0.17163808735388927,0.21363636363636362,0.005443901754915714,False,1
2021-09-07,13,65,0.0001249908,0.18954847595873048,0.6136363636363636,0.005443901754915714,False,1
2021-09-07,14,65,0.007171801,23.4505738563776,0.9772727272727273,0.005443901754915714,True,1
2021-09-07,15,65,0.06639025,218.92653063093806,0.9954545454545455,0.005443901754915714,True,1
2021-09-07,16,65,0.00019778532,0.4298381103784944,0.6636363636363637,0.005443901754915714,False,1
2021-09-07,17,65,6.6792025e-05,-0.0025615785135860653,0.4954545454545455,0.005443901754915714,False,1
2021-09-07,18,65,0.00036092228,0.968341741341133,0.7727272727272727,0.005443901754915714,False,1
2021-09-07,19,65,3.9381135e-05,-0.09304300190786773,0.38636363636363635,0.005443901754915714,False,1
2021-09-07,20,65,0.0003598337,0.9647484462815987,0.7727272727272727,0.005443901754915714,False,1
2021-09-07,21,65,0.00010508259,0.12383288503032404,0.5909090909090909,0.005443901754915714,False,1
2021-09-07,22,65,5.944123e-05,-0.026826035214046005,0.4772727272727273,0.005443901754915714,False,1
2021-09-08,1,65,6.2515996e-06,-0.2024012736068457,0.02727272727272727,0.005443901754915714,False,1
2021-09-08,2,65,8.6758155e-06,-0.19439910725908566,0.08636363636363636,0.005443901754915714,False,1
2021-09-08,3,65,4.5821154e-05,-0.07178495045813817,0.4090909090909091,0.005443901754915714,False,1
2021-09-08,4,65,3.6889167e-05,-0.1012688140183444,0.36818181818181817,0.005443901754915714,False,1
2021-09-08,5,65,9.799216e-06,-0.19069084078382267,0.10909090909090909,0.005443901754915714,False,1
2021-09-08,6,65,3.145163e-05,-0.11921774458670985,0.33181818181818185,0.005443901754915714,False,1
2021-09-08,7,65,1.804738e-05,-0.16346423093906226,0.22272727272727272,0.005443901754915714,False,1
2021-09-08,8,65,4.219978e-05,-0.08373885542860396,0.39090909090909093,0.005443901754915714,False,1
2021-09-08,9,65,4.3469404e-06,-0.20868842014856828,0.0,0.005443901754915714,False,1
2021-09-08,10,65,3.0719475e-05,-0.12163453405084532,0.31363636363636366,0.005443901754915714,False,1
2021-09-08,11,65,9.060122e-06,-0.19313053986967907,0.1,0.005443901754915714,False,1
2021-09-08,12,65,3.129444e-05,-0.11973661704658058,0.33181818181818185,0.005443901754915714,False,1
2021-09-08,13,65,0.00087594916,2.6684093430384968,0.8545454545454545,0.005443901754915714,False,1
2021-09-08,14,65,9.629491e-06,-0.19125109226560139,0.10454545454545454,0.005443901754915714,False,1
2021-09-08,15,65,0.004215432,13.691807390629256,0.9545454545454546,0.005443901754915714,False,1
2021-09-08,16,65,0.00019955837,0.43569082072176696,0.6636363636363637,0.005443901754915714,False,1
2021-09-08,17,65,0.00034498275,0.9157264791531892,0.7636363636363637,0.005443901754915714,False,1
2021-09-08,18,65,0.00020062429,0.4392093255183853,0.6636363636363637,0.005443901754915714,False,1
2021-09-08,19,65,1.6697155e-05,-0.1679212286446641,0.21363636363636362,0.005443901754915714,False,1
2021-09-08,20,65,0.0020921882,6.683129136756672,0.9136363636363637,0.005443901754915714,False,1
2021-09-08,21,65,0.00012408022,0.18654274319591327,0.6136363636363636,0.005443901754915714,False,1
2021-09-08,22,65,2.8615796e-05,-0.12857863223364832,0.2909090909090909,0.005443901754915714,False,1
2021-09-10,1,65,2.013699e-05,-0.15656657645276337,0.25,0.005443901754915714,False,1
2021-09-10,2,65,2.1994962e-05,-0.15043354072375223,0.2636363636363636,0.005443901754915714,False,1
2021-09-10,3,65,7.0176916e-06,-0.19987245786377997,0.05909090909090909,0.005443901754915714,False,1
2021-09-10,4,65,1.30001345e-05,-0.18012483378121505,0.16363636363636364,0.005443901754915714,False,1
2021-09-10,5,65,1.2035939e-05,-0.1833075749697519,0.14545454545454545,0.005443901754915714,False,1
2021-09-10,6,65,0.029196195,96.15155439794434,0.9954545454545455,0.005443901754915714,True,1
2021-09-10,7,65,6.247925e-05,-0.01679773933941275,0.4909090909090909,0.005443901754915714,False,1
2021-09-10,8,65,8.98809e-06,-0.1933683123818398,0.1,0.005443901754915714,False,1
2021-09-10,9,65,0.023769105,78.23710968225475,0.9954545454545455,0.005443901754915714,True,1
2021-09-10,10,65,0.0018859324,6.00229315075999,0.9,0.005443901754915714,False,1
2021-09-10,11,65,0.00017409075,0.3516239713222213,0.65,0.005443901754915714,False,1
2021-09-10,12,65,2.8129476e-05,-0.13018393893904617,0.2909090909090909,0.005443901754915714,False,1
2021-09-10,13,65,0.00039543473,1.0822649405525113,0.7863636363636364,0.005443901754915714,False,1
2021-09-10,14,65,1.9944038e-05,-0.157203494558823,0.25,0.005443901754915714,False,1
2021-09-10,15,65,7.9101526e-05,0.03807122198500728,0.55,0.005443901754915714,False,1
2021-09-10,16,65,0.0017839355,5.665608426376827,0.8954545454545455,0.005443901754915714,False,1
2021-09-10,17,65,0.00045877643,1.2913514240097432,0.7954545454545454,0.005443901754915714,False,1
2021-09-10,18,65,0.00094798073,2.9061805102233946,0.8545454545454545,0.005443901754915714,False,1
2021-09-10,19,65,0.00045234346,1.2701166574540075,0.7954545454545454,0.005443901754915714,False,1
2021-09-10,20,65,0.03035348,99.97166694939429,0.9954545454545455,0.005443901754915714,True,1
2021-09-10,21,65,0.0002108905,0.4730973844742959,0.6727272727272727,0.005443901754915714,False,1
2021-09-10,22,65,0.0003282358,0.8604459552259018,0.75,0.005443901754915714,False,1
2021-09-13,1,65,0.00030239453,0.7751457629935806,0.7318181818181818,0.005443901754915714,False,1
2021-09-13,2,65,0.0011800049,3.672076033849181,0.8727272727272727,0.005443901754915714,False,1
2021-09-13,3,65,3.615455e-05,-0.10369373338100171,0.36363636363636365,0.005443901754915714,False,1
2021-09-13,4,65,3.2197677e-05,-0.11675509384863793,0.33181818181818185,0.005443901754915714,False,1
2021-09-13,5,65,0.012933055,42.46806936947595,0.990909090909091,0.005443901754915714,True,1
2021-09-13,6,65,6.3044417e-06,-0.20222684555327508,0.031818181818181815,0.005443901754915714,False,1
2021-09-13,7,65,7.1238894e-05,0.0121172234636671,0.5318181818181819,0.005443901754915714,False,1
2021-09-13,8,65,3.9053113e-05,-0.09412577950036691,0.38636363636363635,0.005443901754915714,False,1
2021-09-13,9,65,0.0008624828,2.623957891977177,0.8545454545454545,0.005443901754915714,False,1
2021-09-13,10,65,7.0710776e-05,0.010373942653295987,0.5272727272727272,0.005443901754915714,False,1
2021-09-13,11,65,4.583973e-05,-0.07172363397091126,0.4090909090909091,0.005443901754915714,False,1
2021-09-13,12,65,0.0040517277,13.151431457246618,0.9545454545454546,0.005443901754915714,False,1
2021-09-13,13,65,0.0015293873,4.82536283120906,0.8727272727272727,0.005443901754915714,False,1
2021-09-13,14,65,0.00018246488,0.3792663948541573,0.6545454545454545,0.005443901754915714,False,1
2021-09-13,15,65,7.623695e-06,-0.1978720825224569,0.07272727272727272,0.005443901754915714,False,1
2021-09-13,16,65,0.00027012764,0.6686350137703984,0.7181818181818181,0.005443901754915714,False,1
2021-09-13,17,65,0.0024131748,7.742683415940843,0.9227272727272727,0.005443901754915714,False,1
2021-09-13,18,65,0.0005290373,1.523277710532072,0.8,0.005443901754915714,False,1
2021-09-13,19,65,0.0012869267,4.025017288906198,0.8727272727272727,0.005443901754915714,False,1
2021-09-13,20,65,0.0007185045,2.148695504718668,0.8363636363636363,0.005443901754915714,False,1
2021-09-13,21,65,0.0005714407,1.663248191945319,0.8090909090909091,0.005443901754915714,False,1
2021-09-13,22,65,0.021607075,71.10040048951896,0.9954545454545455,0.005443901754915714,True,1
2021-09-06,1,70,0.00033251013,0.8787363529244431,0.7545454545454545,0.006403928156942129,False,1
2021-09-06,2,70,3.804523e-05,-0.11114551398653348,0.38636363636363635,0.006403928156942129,False,1
2021-09-06,3,70,7.028978e-05,-0.0027512788476099104,0.5,0.006403928156942129,False,1
2021-09-06,4,70,0.00016718342,0.3229692204408932,0.6409090909090909,0.006403928156942129,False,1
2021-09-06,5,70,2.560709e-05,-0.15295792660143073,0.30454545454545456,0.006403928156942129,False,1
2021-09-06,6,70,4.0508494e-05,-0.10286493144717211,0.40454545454545454,0.006403928156942129,False,1
2021-09-06,7,70,0.005447399,18.073096842152196,0.95,0.006403928156942129,False,1
2021-09-06,8,70,0.0001488152,0.2612220945039061,0.6272727272727273,0.006403928156942129,False,1
2021-09-06,9,70,0.0007898822,2.416251793268544,0.8454545454545455,0.006403928156942129,False,1
2021-09-06,10,70,0.000171557,0.33767156933450854,0.6409090909090909,0.006403928156942129,False,1
2021-09-06,11,70,0.0006542731,1.960384174198791,0.8363636363636363,0.006403928156942129,False,1
2021-09-06,12,70,2.3245751e-05,-0.16089587421403082,0.2818181818181818,0.006403928156942129,False,1
2021-09-06,13,70,0.00012204988,0.17124699679078767,0.5954545454545455,0.006403928156942129,False,1
2021-09-06,14,70,3.791788e-05,-0.11157362114455202,0.38636363636363635,0.006403928156942129,False,1
2021-09-06,15,70,0.00012369132,0.17676491478396988,0.5954545454545455,0.006403928156942129,False,1
2021-09-06,16,70,0.000546707,1.5987869106847912,0.8181818181818182,0.006403928156942129,False,1
2021-09-06,17,70,0.00037237065,1.0127326459715156,0.7727272727272727,0.006403928156942129,False,1
2021-09-06,18,70,4.976866e-05,-0.07173568555710241,0.4318181818181818,0.006403928156942129,False,1
2021-09-06,19,70,0.00011078292,0.13337165723598438,0.5727272727272728,0.006403928156942129,False,1
2021-09-06,20,70,2.0190408e-05,-0.17116680771933915,0.2590909090909091,0.006403928156942129,False,1
2021-09-06,21,70,0.00017151298,0.33752359194171805,0.6409090909090909,0.006403928156942129,False,1
2021-09-06,22,70,5.470492e-06,-0.22064970951021215,0.013636363636363636,0.006403928156942129,False,1
2021-09-07,1,70,1.2002915e-05,-0.19869012276906176,0.16363636363636364,0.006403928156942129,False,1
2021-09-07,2,70,0.0001734667,0.34409129335615124,0.6409090909090909,0.006403928156942129,False,1
2021-09-07,3,70,0.00063806755,1.905907165340065,0.8318181818181818,0.006403928156942129,False,1
2021-09-07,4,70,3.9160106e-05,-0.10739771134954057,0.39090909090909093,0.006403928156942129,False,1
2021-09-07,5,70,2.1946289e-05,-0.1652641851935114,0.2636363636363636,0.006403928156942129,False,1
2021-09-07,6,70,1.589861e-05,-0.18559424274508385,0.21818181818181817,0.006403928156942129,False,1
2021-09-07,7,70,0.0008551164,2.635544994936261,0.85,0.006403928156942129,False,1
2021-09-07,8,70,0.000110736124,0.13321433647723585,0.5727272727272728,0.006403928156942129,False,1
2021-09-07,9,70,7.574496e-05,0.015587009111770637,0.5045454545454545,0.006403928156942129,False,1
2021-09-07,10,70,0.00010358983,0.1091911484320151,0.5636363636363636,0.006403928156942129,False,1
2021-09-07,11,70,0.00030370045,0.7818888915812553,0.740909090909091,0.006403928156942129,False,1
2021-09-07,12,70,1.5352072e-05,-0.18743149825717562,0.21363636363636362,0.006403928156942129,False,1
2021-09-07,13,70,0.00015037974,0.2664814800934857,0.6318181818181818,0.006403928156942129,False,1
2021-09-07,14,70,0.018530063,62.05216660786272,0.9954545454545455,0.006403928156942129,True,1
2021-09-07,15,70,0.10504093,352.86964202924963,1.0,0.006403928156942129,True,1
2021-09-07,16,70,0.00010507979,0.11419982852141247,0.5636363636363636,0.006403928156942129,False,1
2021-09-07,17,70,5.715788e-05,-0.04689587020580019,0.4636363636363636,0.006403928156942129,False,1
2021-09-07,18,70,0.0004253182,1.190722691272425,0.7954545454545454,0.006403928156942129,False,1
2021-09-07,19,70,2.6184174e-05,-0.15101798578532527,0.30454545454545456,0.006403928156942129,False,1
2021-09-07,20,70,0.0003232617,0.8476465228308167,0.7545454545454545,0.006403928156942129,False,1
2021-09-07,21,70,0.00011350983,0.14253850206279492,0.5818181818181818,0.006403928156942129,False,1
2021-09-07,22,70,3.9069575e-05,-0.10770204336768864,0.39090909090909093,0.006403928156942129,False,1
2021-09-08,1,70,3.986806e-06,-0.22563731199328932,0.0,0.006403928156942129,False,1
2021-09-08,2,70,7.535417e-06,-0.21370819702285476,0.07272727272727272,0.006403928156942129,False,1
2021-09-08,3,70,0.00022516394,0.5178782426022001,0.7045454545454546,0.006403928156942129,False,1
2021-09-08,4,70,1.6774977e-05,-0.182648220756747,0.23636363636363636,0.006403928156942129,False,1
2021-09-08,5,70,5.1451343e-06,-0.22174344129990667,0.013636363636363636,0.006403928156942129,False,1
2021-09-08,6,70,0.00018052304,0.3678120938795424,0.65,0.006403928156942129,False,1
2021-09-08,7,70,1.4972711e-05,-0.1887067698741515,0.20909090909090908,0.006403928156942129,False,1
2021-09-08,8,70,3.4189205e-05,-0.12410804008610346,0.35454545454545455,0.006403928156942129,False,1
2021-09-08,9,70,4.097996e-06,-0.2252635314942066,0.004545454545454545,0.006403928156942129,False,1
2021-09-08,10,70,5.0267823e-05,-0.07005768307054105,0.43636363636363634,0.006403928156942129,False,1
2021-09-08,11,70,7.853643e-06,-0.21263843818226913,0.08181818181818182,0.006403928156942129,False,1
2021-09-08,12,70,2.6071375e-05,-0.1513971747969668,0.30454545454545456,0.006403928156942129,False,1
2021-09-08,13,70,0.00094506465,2.9379176456493514,0.8545454545454545,0.006403928156942129,False,1
2021-09-08,14,70,1.351021e-05,-0.19362315670825617,0.2,0.006403928156942129,False,1
2021-09-08,15,70,0.002051998,6.659017138406849,0.9136363636363637,0.006403928156942129,False,1
2021-09-08,16,70,4.806674e-05,-0.07745690736662754,0.4318181818181818,0.006403928156942129,False,1
2021-09-08,17,70,0.00019802987,0.42666355905988784,0.6818181818181818,0.006403928156942129,False,1
2021-09-08,18,70,0.00016105625,0.302371941399968,0.6363636363636364,0.006403928156942129,False,1
2021-09-08,19,70,8.757872e-06,-0.20959875628792515,0.09090909090909091,0.006403928156942129,False,1
2021-09-08,20,70,0.0012335911,3.9078367141074493,0.8863636363636364,0.006403928156942129,False,1
2021-09-08,21,70,0.00021910251,0.4975019757466062,0.7,0.006403928156942129,False,1
2021-09-08,22,70,2.1706877e-05,-0.16606899876724285,0.2636363636363636,0.006403928156942129,False,1
2021-09-10,1,70,9.376074e-06,-0.20752059113446314,0.10454545454545454,0.006403928156942129,False,1
2021-09-10,2,70,2.5194384e-05,-0.15434529415082957,0.30454545454545456,0.006403928156942129,False,1
2021-09-10,3,70,6.0173547e-06,-0.2188113594545952,0.02727272727272727,0.006403928156942129,False,1
2021-09-10,4,70,1.4297866e-05,-0.1909753489123861,0.20909090909090908,0.006403928156942129,False,1
2021-09-10,5,70,1.2353539e-05,-0.19751145531902806,0.17272727272727273,0.006403928156942129,False,1
2021-09-10,6,70,0.011577554,38.680406842500936,0.9863636363636363,0.006403928156942129,True,1
2021-09-10,7,70,3.860411e-05,-0.1092667636567774,0.39090909090909093,0.006403928156942129,False,1
2021-09-10,8,70,1.0836041e-05,-0.20261272217259638,0.1409090909090909,0.006403928156942129,False,1
2021-09-10,9,70,0.0456683,153.2808622640232,1.0,0.006403928156942129,True,1
2021-09-10,10,70,0.0016559819,5.327757920212109,0.9136363636363637,0.006403928156942129,False,1
2021-09-10,11,70,0.0001649811,0.31556585033190127,0.6409090909090909,0.006403928156942129,False,1
2021-09-10,12,70,5.094426e-05,-0.06778374749527817,0.4409090909090909,0.006403928156942129,False,1
2021-09-10,13,70,0.0001468988,0.25477986813493,0.6227272727272727,0.006403928156942129,False,1
2021-09-10,14,70,1.4552927e-05,-0.19011792998699448,0.20909090909090908,0.006403928156942129,False,1
2021-09-10,15,70,4.3722943e-05,-0.09205914527368225,0.42272727272727273,0.006403928156942129,False,1
2021-09-10,16,70,0.0013964004,4.455141154022213,0.8954545454545455,0.006403928156942129,False,1
2021-09-10,17,70,0.00033997933,0.9038450590968432,0.7545454545454545,0.006403928156942129,False,1
2021-09-10,18,70,0.00054275914,1.5855156132452894,0.8181818181818182,0.006403928156942129,False,1
2021-09-10,19,70,0.00016241567,0.3069418257163634,0.6409090909090909,0.006403928156942129,False,1
2021-09-10,20,70,0.015513521,51.911668105627065,0.9863636363636363,0.006403928156942129,True,1
2021-09-10,21,70,0.00023938424,0.5656816422595868,0.7181818181818181,0.006403928156942129,False,1
2021-09-10,22,70,0.0004721111,1.3480231000720493,0.8045454545454546,0.006403928156942129,False,1
2021-09-13,1,70,0.00027265717,0.6775328861143651,0.7272727272727273,0.006403928156942129,False,1
2021-09-13,2,70,0.0012982485,4.125190996125366,0.8954545454545455,0.006403928156942129,False,1
2021-09-13,3,70,2.5452784e-05,-0.15347664851084442,0.30454545454545456,0.006403928156942129,False,1
2021-09-13,4,70,6.42575e-05,-0.023029562656010576,0.4863636363636364,0.006403928156942129,False,1
2021-09-13,5,70,0.00810229,26.99785808991573,0.9772727272727273,0.006403928156942129,True,1
2021-09-13,6,70,5.9737617e-06,-0.21895790293422002,0.02727272727272727,0.006403928156942129,False,1
2021-09-13,7,70,0.0010229464,3.1997273693866117,0.8636363636363636,0.006403928156942129,False,1
2021-09-13,8,70,1.10619185e-05,-0.20185340553237974,0.14545454545454545,0.006403928156942129,False,1
2021-09-13,9,70,0.0011822145,3.7351274805442327,0.8818181818181818,0.006403928156942129,False,1
2021-09-13,10,70,0.00039437856,1.086715080844032,0.7772727272727272,0.006403928156942129,False,1
2021-09-13,11,70,4.0237373e-05,-0.10377633766185908,0.4,0.006403928156942129,False,1
2021-09-13,12,70,0.0036916162,12.170806274865772,0.9318181818181818,0.006403928156942129,False,1
2021-09-13,13,70,0.0010634896,3.3360184126802306,0.8727272727272727,0.006403928156942129,False,1
2021-09-13,14,70,0.0003613776,0.9757781171450403,0.7636363636363637,0.006403928156942129,False,1
2021-09-13,15,70,6.2613663e-06,-0.2179910831605324,0.05,0.006403928156942129,False,1
2021-09-13,16,70,0.00021935941,0.4983655767027462,0.7,0.006403928156942129,False,1
2021-09-13,17,70,0.0020315496,6.590277359117852,0.9136363636363637,0.006403928156942129,False,1
2021-09-13,18,70,0.00022131443,0.504937631832207,0.7,0.006403928156942129,False,1
2021-09-13,19,70,0.002052787,6.661669675975998,0.9136363636363637,0.006403928156942129,False,1
2021-09-13,20,70,0.00058263505,1.719563661691229,0.8272727272727273,0.006403928156942129,False,1
2021-09-13,21,70,0.00042142745,1.1776434464755994,0.7909090909090909,0.006403928156942129,False,1
2021-09-13,22,70,0.011017862,36.798928836902874,0.9863636363636363,0.006403928156942129,True,1
2021-09-06,1,75,0.00017858366,0.3306051739104015,0.6545454545454545,0.007156230043619871,False,1
2021-09-06,2,75,3.014507e-05,-0.12484195090203228,0.31363636363636366,0.007156230043619871,False,1
2021-09-06,3,75,0.00022590131,0.47578767552398327,0.6863636363636364,0.007156230043619871,False,1
2021-09-06,4,75,0.00016493455,0.2887262415262059,0.6318181818181818,0.007156230043619871,False,1
2021-09-06,5,75,3.4800785e-05,-0.11055703728766236,0.3409090909090909,0.007156230043619871,False,1
2021-09-06,6,75,7.971275e-05,0.027244222125088733,0.5227272727272727,0.007156230043619871,False,1
2021-09-06,7,75,0.0054587335,16.53143935895857,0.95,0.007156230043619871,False,1
2021-09-06,8,75,0.00028423406,0.65476729175448,0.7272727272727273,0.007156230043619871,False,1
2021-09-06,9,75,0.0006541418,1.7897377949605617,0.8227272727272728,0.007156230043619871,False,1
2021-09-06,10,75,0.00021528783,0.44322282737351826,0.6818181818181818,0.007156230043619871,False,1
2021-09-06,11,75,0.00028915645,0.669870425346539,0.7272727272727273,0.007156230043619871,False,1
2021-09-06,12,75,2.4582503e-05,-0.1419093091601518,0.2818181818181818,0.007156230043619871,False,1
2021-09-06,13,75,0.00022812375,0.4826066869406495,0.6863636363636364,0.007156230043619871,False,1
2021-09-06,14,75,3.5656863e-05,-0.10793037284252298,0.3409090909090909,0.007156230043619871,False,1
2021-09-06,15,75,0.00014163955,0.2172513038537381,0.6136363636363636,0.007156230043619871,False,1
2021-09-06,16,75,0.0003288218,0.7915737389975019,0.7454545454545455,0.007156230043619871,False,1
2021-09-06,17,75,0.00033323935,0.8051279110962429,0.7454545454545455,0.007156230043619871,False,1
2021-09-06,18,75,1.0412173e-05,-0.18538746380645954,0.10454545454545454,0.007156230043619871,False,1
2021-09-06,19,75,0.000161515,0.2782341839534287,0.6318181818181818,0.007156230043619871,False,1
2021-09-06,20,75,8.365527e-05,0.03934087378719089,0.5272727272727272,0.007156230043619871,False,1
2021-09-06,21,75,0.00017681425,0.32517617371274754,0.65,0.007156230043619871,False,1
2021-09-06,22,75,5.261845e-06,-0.20118997023378454,0.004545454545454545,0.007156230043619871,False,1
2021-09-07,1,75,3.8783775e-05,-0.09833621688599728,0.36363636363636365,0.007156230043619871,False,1
2021-09-07,2,75,0.0002427093,0.5273588241287337,0.6954545454545454,0.007156230043619871,False,1
2021-09-07,3,75,0.00032782392,0.7885119816631659,0.7454545454545455,0.007156230043619871,False,1
2021-09-07,4,75,2.109952e-05,-0.15259598035880817,0.2636363636363636,0.007156230043619871,False,1
2021-09-07,5,75,6.9235364e-05,-0.004903046688173016,0.4909090909090909,0.007156230043619871,False,1
2021-09-07,6,75,1.6479433e-05,-0.16677157659175867,0.19090909090909092,0.007156230043619871,False,1
2021-09-07,7,75,0.00096571725,2.745729932106843,0.8454545454545455,0.007156230043619871,False,1
2021-09-07,8,75,9.398426e-05,0.07103281257310176,0.5318181818181819,0.007156230043619871,False,1
2021-09-07,9,75,8.6903114e-05,0.04930607370917967,0.5272727272727272,0.007156230043619871,False,1
2021-09-07,10,75,6.495956e-05,-0.018022293331292728,0.4727272727272727,0.007156230043619871,False,1
2021-09-07,11,75,0.00023948013,0.5174509088140298,0.6954545454545454,0.007156230043619871,False,1
2021-09-07,12,75,1.258266e-05,-0.1787278603158719,0.14545454545454545,0.007156230043619871,False,1
2021-09-07,13,75,8.445296e-05,0.041788373144347114,0.5272727272727272,0.007156230043619871,False,1
2021-09-07,14,75,0.07639711,234.18831653561335,0.990909090909091,0.007156230043619871,True,1
2021-09-07,15,75,0.23207349,711.8427691792165,0.9954545454545455,0.007156230043619871,True,1
2021-09-07,16,75,0.00010941819,0.11838802839666185,0.5590909090909091,0.007156230043619871,False,1
2021-09-07,17,75,4.6011588e-05,-0.07615946122018566,0.39545454545454545,0.007156230043619871,False,1
2021-09-07,18,75,0.000172402,0.31163825383306487,0.6318181818181818,0.007156230043619871,False,1
2021-09-07,19,75,5.0711555e-05,-0.06173877571947327,0.41818181818181815,0.007156230043619871,False,1
2021-09-07,20,75,4.5218127e-05,-0.07859400121860109,0.39090909090909093,0.007156230043619871,False,1
2021-09-07,21,75,8.549483e-05,0.04498510426498259,0.5272727272727272,0.007156230043619871,False,1
2021-09-07,22,75,2.9991545e-05,-0.12531300294211906,0.3090909090909091,0.007156230043619871,False,1
2021-09-08,1,75,2.1034146e-05,-0.15279656578221215,0.2590909090909091,0.007156230043619871,False,1
2021-09-08,2,75,7.797469e-06,-0.1934100352030627,0.04090909090909091,0.007156230043619871,False,1
2021-09-08,3,75,9.206918e-05,0.0651568763513468,0.5272727272727272,0.007156230043619871,False,1
2021-09-08,4,75,0.00049261295,1.2941263747801703,0.7863636363636364,0.007156230043619871,False,1
2021-09-08,5,75,5.9479594e-06,-0.1990847985886198,0.013636363636363636,0.007156230043619871,False,1
2021-09-08,6,75,7.277456e-05,0.005956092255448009,0.5045454545454545,0.007156230043619871,False,1
2021-09-08,7,75,1.5827945e-05,-0.16877050465689353,0.18181818181818182,0.007156230043619871,False,1
2021-09-08,8,75,3.451167e-05,-0.11144411153270063,0.33636363636363636,0.007156230043619871,False,1
2021-09-08,9,75,4.050265e-06,-0.2049074044260304,0.0,0.007156230043619871,False,1
2021-09-08,10,75,4.4214907e-05,-0.08167213355661736,0.39090909090909093,0.007156230043619871,False,1
2021-09-08,11,75,7.3623837e-06,-0.194744987286064,0.03636363636363636,0.007156230043619871,False,1
2021-09-08,12,75,7.78322e-06,-0.19345375490017555,0.04090909090909091,0.007156230043619871,False,1
2021-09-08,13,75,0.00087492267,2.4671492164633992,0.8409090909090909,0.007156230043619871,False,1
2021-09-08,14,75,1.4259452e-05,-0.17358303954473114,0.16363636363636364,0.007156230043619871,False,1
2021-09-08,15,75,0.0001261626,0.16976410572376016,0.5909090909090909,0.007156230043619871,False,1
2021-09-08,16,75,5.6922676e-05,-0.0426814861603404,0.44545454545454544,0.007156230043619871,False,1
2021-09-08,17,75,0.00017854024,0.33047194143328684,0.6545454545454545,0.007156230043619871,False,1
2021-09-08,18,75,9.8458244e-05,0.08476013331334753,0.5409090909090909,0.007156230043619871,False,1
2021-09-08,19,75,8.1508315e-06,-0.19232583024739416,0.06818181818181818,0.007156230043619871,False,1
2021-09-08,20,75,0.0029767344,8.91603884715124,0.9227272727272727,0.007156230043619871,False,1
2021-09-08,21,75,4.541211e-05,-0.07799880834454728,0.39090909090909093,0.007156230043619871,False,1
2021-09-08,22,75,2.3336952e-05,-0.1457309749389624,0.2727272727272727,0.007156230043619871,False,1
2021-09-10,1,75,1.2781061e-05,-0.17811911648444398,0.14545454545454545,0.007156230043619871,False,1
2021-09-10,2,75,2.217013e-05,-0.14931107871733418,0.2727272727272727,0.007156230043619871,False,1
2021-09-10,3,75,6.7289593e-06,-0.196688493442441,0.022727272727272728,0.007156230043619871,False,1
2021-09-10,4,75,2.0518135e-05,-0.15437981767178482,0.23636363636363636,0.007156230043619871,False,1
2021-09-10,5,75,1.9783194e-05,-0.15663480190387435,0.2318181818181818,0.007156230043619871,False,1
2021-09-10,6,75,0.008815074,26.829541163536852,0.9772727272727273,0.007156230043619871,True,1
2021-09-10,7,75,0.00011909601,0.14808201581329472,0.5727272727272728,0.007156230043619871,False,1
2021-09-10,8,75,6.614946e-06,-0.19703831520221424,0.022727272727272728,0.007156230043619871,False,1
2021-09-10,9,75,0.046249576,141.688052376359,0.990909090909091,0.007156230043619871,True,1
2021-09-10,10,75,0.0023790414,7.0821655951855,0.9,0.007156230043619871,False,1
2021-09-10,11,75,0.00021904154,0.4547401588645204,0.6818181818181818,0.007156230043619871,False,1
2021-09-10,12,75,6.583758e-05,-0.015328309426579086,0.4772727272727273,0.007156230043619871,False,1
2021-09-10,13,75,0.00054042094,1.4408133675294272,0.7863636363636364,0.007156230043619871,False,1
2021-09-10,14,75,2.8089133e-05,-0.1311500834121284,0.30454545454545456,0.007156230043619871,False,1
2021-09-10,15,75,6.507352e-05,-0.017672647376773733,0.4727272727272727,0.007156230043619871,False,1
2021-09-10,16,75,0.0011720719,3.3788781671109,0.8681818181818182,0.007156230043619871,False,1
2021-09-10,17,75,0.00055101246,1.4733108404091262,0.7863636363636364,0.007156230043619871,False,1
2021-09-10,18,75,0.00034772352,0.8495689790255946,0.75,0.007156230043619871,False,1
2021-09-10,19,75,0.000113902555,0.13214718384072222,0.5681818181818182,0.007156230043619871,False,1
2021-09-10,20,75,0.0076097073,23.131170478216898,0.9681818181818181,0.007156230043619871,True,1
2021-09-10,21,75,0.00026763152,0.6038264970746305,0.7227272727272728,0.007156230043619871,False,1
2021-09-10,22,75,0.0012544887,3.631753765866098,0.8727272727272727,0.007156230043619871,False,1
2021-09-13,1,75,0.00014337151,0.22256537764519463,0.6136363636363636,0.007156230043619871,False,1
2021-09-13,2,75,0.0010248033,2.92702075676407,0.8545454545454545,0.007156230043619871,False,1
2021-09-13,3,75,5.9382022e-05,-0.03513558978139997,0.45454545454545453,0.007156230043619871,False,1
2021-09-13,4,75,2.9347842e-05,-0.1272880438171546,0.3090909090909091,0.007156230043619871,False,1
2021-09-13,5,75,0.0074057826,22.505477904056846,0.9681818181818181,0.007156230043619871,True,1
2021-09-13,6,75,7.2577386e-06,-0.19506606488676972,0.03636363636363636,0.007156230043619871,False,1
2021-09-13,7,75,0.0004572196,1.185530654395475,0.7727272727272727,0.007156230043619871,False,1
2021-09-13,8,75,1.4141418e-05,-0.17394519557789678,0.1590909090909091,0.007156230043619871,False,1
2021-09-13,9,75,0.0012603999,3.649890885143443,0.8727272727272727,0.007156230043619871,False,1
2021-09-13,10,75,0.0003392421,0.8235458722908301,0.7454545454545455,0.007156230043619871,False,1
2021-09-13,11,75,3.3330038e-05,-0.1150696623645721,0.33181818181818185,0.007156230043619871,False,1
2021-09-13,12,75,0.0021831559,6.481139246064664,0.9,0.007156230043619871,False,1
2021-09-13,13,75,0.0008792505,2.480428172413033,0.8409090909090909,0.007156230043619871,False,1
2021-09-13,14,75,7.517261e-05,0.01331392724242905,0.5045454545454545,0.007156230043619871,False,1
2021-09-13,15,75,6.4855058e-06,-0.1974354704337707,0.022727272727272728,0.007156230043619871,False,1
2021-09-13,16,75,6.7485846e-05,-0.010271011766451722,0.4772727272727273,0.007156230043619871,False,1
2021-09-13,17,75,0.0026109347,7.7936727435059705,0.9,0.007156230043619871,False,1
2021-09-13,18,75,0.0015888779,4.657744210496129,0.8909090909090909,0.007156230043619871,False,1
2021-09-13,19,75,0.001191625,3.438872072891526,0.8681818181818182,0.007156230043619871,False,1
2021-09-13,20,75,0.00024101164,0.5221499879205744,0.6954545454545454,0.007156230043619871,False,1
2021-09-13,21,75,0.00049583317,1.3040068309884985,0.7863636363636364,0.007156230043619871,False,1
2021-09-13,22,75,0.010875325,33.15090998983205,0.9818181818181818,0.007156230043619871,True,1
2021-09-06,1,80,0.00022349754,0.44131677698170046,0.6681818181818182,0.007958420552313328,False,1
2021-09-06,2,80,5.5125955e-05,-0.08702946831938849,0.4090909090909091,0.007958420552313328,False,1
2021-09-06,3,80,0.0001917885,0.3418145066055055,0.6454545454545455,0.007958420552313328,False,1
2021-09-06,4,80,0.00021183526,0.4047207947627798,0.6681818181818182,0.007958420552313328,False,1
2021-09-06,5,80,5.9963357e-05,-0.0718498090069293,0.4318181818181818,0.007958420552313328,False,1
2021-09-06,6,80,3.0308018e-05,-0.16490759511749908,0.2636363636363636,0.007958420552313328,False,1
2021-09-06,7,80,0.003677581,11.280152836467055,0.9454545454545454,0.007958420552313328,False,1
2021-09-06,8,80,6.1400075e-05,-0.06734142068103877,0.43636363636363634,0.007958420552313328,False,1
2021-09-06,9,80,0.00051584333,1.3586912986228536,0.7954545454545454,0.007958420552313328,False,1
2021-09-06,10,80,0.00020066714,0.36967550213986966,0.6545454545454545,0.007958420552313328,False,1
2021-09-06,11,80,0.00021357716,0.41018686257135034,0.6681818181818182,0.007958420552313328,False,1
2021-09-06,12,80,9.684527e-05,0.04388481466356266,0.5181818181818182,0.007958420552313328,False,1
2021-09-06,13,80,0.00022796808,0.45534522313321196,0.6681818181818182,0.007958420552313328,False,1
2021-09-06,14,80,8.516592e-06,-0.23328859862426812,0.06363636363636363,0.007958420552313328,False,1
2021-09-06,15,80,0.0001282693,0.14249269528233663,0.5681818181818182,0.007958420552313328,False,1
2021-09-06,16,80,0.0007074262,1.9598740972837738,0.8272727272727273,0.007958420552313328,False,1
2021-09-06,17,80,0.00024967277,0.5234540545648074,0.6909090909090909,0.007958420552313328,False,1
2021-09-06,18,80,1.9931185e-05,-0.19746986194997174,0.21818181818181817,0.007958420552313328,False,1
2021-09-06,19,80,0.00032161432,0.7492050341314159,0.740909090909091,0.007958420552313328,False,1
2021-09-06,20,80,0.00015441388,0.22453380536082923,0.6090909090909091,0.007958420552313328,False,1
2021-09-06,21,80,0.0002015175,0.37234389924321404,0.6545454545454545,0.007958420552313328,False,1
2021-09-06,22,80,6.531686e-06,-0.23951718975308753,0.03636363636363636,0.007958420552313328,False,1
2021-09-07,1,80,4.9903727e-05,-0.10341670106941941,0.39090909090909093,0.007958420552313328,False,1
2021-09-07,2,80,0.00021838944,0.4252876722928348,0.6681818181818182,0.007958420552313328,False,1
2021-09-07,3,80,0.0003897387,0.9629778167343948,0.7681818181818182,0.007958420552313328,False,1
2021-09-07,4,80,2.8927792e-05,-0.16923871170841767,0.2590909090909091,0.007958420552313328,False,1
2021-09-07,5,80,7.478559e-05,-0.025337979861606696,0.4727272727272727,0.007958420552313328,False,1
2021-09-07,6,80,3.121858e-05,-0.1620502706497655,0.2681818181818182,0.007958420552313328,False,1
2021-09-07,7,80,0.00048995286,1.2774475660208926,0.7909090909090909,0.007958420552313328,False,1
2021-09-07,8,80,0.00014123859,0.18319004348508708,0.5954545454545455,0.007958420552313328,False,1
2021-09-07,9,80,6.628283e-05,-0.05201943939801608,0.45,0.007958420552313328,False,1
2021-09-07,10,80,0.00075243803,2.101120142517867,0.8272727272727273,0.007958420552313328,False,1
2021-09-07,11,80,0.00025472138,0.5392964865286667,0.7045454545454546,0.007958420552313328,False,1
2021-09-07,12,80,1.0791954e-05,-0.2261485638169741,0.10454545454545454,0.007958420552313328,False,1
2021-09-07,13,80,9.434271e-05,0.036031820073795316,0.5181818181818182,0.007958420552313328,False,1
2021-09-07,14,80,0.027898343,87.28435977665349,0.990909090909091,0.007958420552313328,True,1
2021-09-07,15,80,0.12710673,398.59803220554295,0.9954545454545455,0.007958420552313328,True,1
2021-09-07,16,80,0.00011816245,0.11077762489483534,0.5636363636363636,0.007958420552313328,False,1
2021-09-07,17,80,4.7167756e-05,-0.11200211668970032,0.36363636363636365,0.007958420552313328,False,1
2021-09-07,18,80,0.00026681804,0.5772555266833603,0.7181818181818181,0.007958420552313328,False,1
2021-09-07,19,80,5.788666e-05,-0.07836643602485865,0.41818181818181815,0.007958420552313328,False,1
2021-09-07,20,80,5.1978528e-05,-0.09690602173310259,0.39545454545454545,0.007958420552313328,False,1
2021-09-07,21,80,0.00010603289,0.07271533938024952,0.5363636363636364,0.007958420552313328,False,1
2021-09-07,22,80,2.9586561e-05,-0.16717150991555582,0.2590909090909091,0.007958420552313328,False,1
2021-09-08,1,80,4.8256607e-05,-0.10858532771788472,0.37727272727272726,0.007958420552313328,False,1
2021-09-08,2,80,1.6737426e-05,-0.20749180821016827,0.18181818181818182,0.007958420552313328,False,1
2021-09-08,3,80,0.00013815169,0.17350342774252364,0.5818181818181818,0.007958420552313328,False,1
2021-09-08,4,80,0.0005965377,1.6119084663900678,0.8090909090909091,0.007958420552313328,False,1
2021-09-08,5,80,9.954992e-06,-0.22877493330063212,0.09090909090909091,0.007958420552313328,False,1
2021-09-08,6,80,7.0219845e-05,-0.039665180001218533,0.4636363636363636,0.007958420552313328,False,1
2021-09-08,7,80,1.6771763e-05,-0.20738405927945813,0.18181818181818182,0.007958420552313328,False,1
2021-09-08,8,80,1.1987484e-05,-0.22239701797627975,0.1318181818181818,0.007958420552313328,False,1
2021-09-08,9,80,4.214815e-06,-0.24678747850229887,0.0,0.007958420552313328,False,1
2021-09-08,10,80,3.652048e-05,-0.14541302978588677,0.3,0.007958420552313328,False,1
2021-09-08,11,80,1.0143476e-05,-0.2281834728951306,0.09090909090909091,0.007958420552313328,False,1
2021-09-08,12,80,1.6051412e-05,-0.20964450364524959,0.16818181818181818,0.007958420552313328,False,1
2021-09-08,13,80,0.006724776,20.842181521941402,0.9636363636363636,0.007958420552313328,False,1
2021-09-08,14,80,1.2982554e-05,-0.21927451081545946,0.14545454545454545,0.007958420552313328,False,1
2021-09-08,15,80,0.0001226802,0.12495422653956681,0.5636363636363636,0.007958420552313328,False,1
2021-09-08,16,80,1.6103128e-05,-0.20948222098121289,0.16818181818181818,0.007958420552313328,False,1
2021-09-08,17,80,8.1949875e-05,-0.002856610974257989,0.4954545454545455,0.007958420552313328,False,1
2021-09-08,18,80,0.00015370963,0.22232387062516196,0.6090909090909091,0.007958420552313328,False,1
2021-09-08,19,80,6.434133e-06,-0.23982330842084293,0.031818181818181815,0.007958420552313328,False,1
2021-09-08,20,80,0.0021022153,6.336690847169846,0.9045454545454545,0.007958420552313328,False,1
2021-09-08,21,80,5.879802e-05,-0.07550660576803879,0.4318181818181818,0.007958420552313328,False,1
2021-09-08,22,80,2.9012359e-05,-0.16897334350702728,0.2590909090909091,0.007958420552313328,False,1
2021-09-10,1,80,1.763396e-05,-0.20467850343590488,0.18636363636363637,0.007958420552313328,False,1
2021-09-10,2,80,2.1334778e-05,-0.1930654210615534,0.2318181818181818,0.007958420552313328,False,1
2021-09-10,3,80,1.1726773e-05,-0.22321512386526426,0.1318181818181818,0.007958420552313328,False,1
2021-09-10,4,80,0.00037219498,0.9079259844015257,0.7636363636363637,0.007958420552313328,False,1
2021-09-10,5,80,2.1077258e-05,-0.19387351235611447,0.2318181818181818,0.007958420552313328,False,1
2021-09-10,6,80,0.009197647,28.60199500538585,0.9772727272727273,0.007958420552313328,True,1
2021-09-10,7,80,0.00011485351,0.10039425137964238,0.55,0.007958420552313328,False,1
2021-09-10,8,80,7.7677005e-06,-0.23563860354508995,0.05,0.007958420552313328,False,1
2021-09-10,9,80,0.033557903,105.04393085497055,0.990909090909091,0.007958420552313328,True,1
2021-09-10,10,80,0.0018329918,5.491873657497811,0.9,0.007958420552313328,False,1
2021-09-10,11,80,0.00026412855,0.5688159833771774,0.7090909090909091,0.007958420552313328,False,1
2021-09-10,12,80,5.169084e-05,-0.09780877934200535,0.39545454545454545,0.007958420552313328,False,1
2021-09-10,13,80,0.0004314731,1.0939394186046472,0.7909090909090909,0.007958420552313328,False,1
2021-09-10,14,80,1.0272737e-05,-0.22777785470822987,0.09090909090909091,0.007958420552313328,False,1
2021-09-10,15,80,1.9266887e-05,-0.19955441590415998,0.21363636363636362,0.007958420552313328,False,1
2021-09-10,16,80,0.0015082879,4.472959858731488,0.8863636363636364,0.007958420552313328,False,1
2021-09-10,17,80,0.00050277886,1.3176952649273765,0.7909090909090909,0.007958420552313328,False,1
2021-09-10,18,80,0.00033791707,0.800362676153976,0.7454545454545455,0.007958420552313328,False,1
2021-09-10,19,80,0.00028252066,0.6265300025661792,0.7227272727272728,0.007958420552313328,False,1
2021-09-10,20,80,0.013104326,40.86106683804818,0.990909090909091,0.007958420552313328,True,1
2021-09-10,21,80,0.00020843286,0.39404414688937905,0.6681818181818182,0.007958420552313328,False,1
2021-09-10,22,80,0.0012110174,3.5401317761945172,0.8727272727272727,0.007958420552313328,False,1
2021-09-13,1,80,0.00022553414,0.44770757799822203,0.6681818181818182,0.007958420552313328,False,1
2021-09-13,2,80,0.0017817188,5.330980033975304,0.9,0.007958420552313328,False,1
2021-09-13,3,80,5.1692077e-05,-0.09780489793749814,0.39545454545454545,0.007958420552313328,False,1
2021-09-13,4,80,5.8369584e-05,-0.07685103296217707,0.42727272727272725,0.007958420552313328,False,1
2021-09-13,5,80,0.007090219,21.988933624866387,0.9636363636363636,0.007958420552313328,False,1
2021-09-13,6,80,7.925747e-06,-0.2351426570841791,0.05,0.007958420552313328,False,1
2021-09-13,7,80,0.0007829947,2.197006359464383,0.8318181818181818,0.007958420552313328,False,1
2021-09-13,8,80,8.391099e-06,-0.23368239279729136,0.06363636363636363,0.007958420552313328,False,1
2021-09-13,9,80,0.00086795696,2.4636159253433303,0.8454545454545455,0.007958420552313328,False,1
2021-09-13,10,80,0.00027318485,0.5972344399259442,0.7181818181818181,0.007958420552313328,False,1
2021-09-13,11,80,3.5023557e-05,-0.15011033976821872,0.3,0.007958420552313328,False,1
2021-09-13,12,80,0.0021656486,6.5357431520294655,0.9090909090909091,0.007958420552313328,False,1
2021-09-13,13,80,0.0010623676,3.073672071343594,0.8636363636363636,0.007958420552313328,False,1
2021-09-13,14,80,0.0013034864,3.830297540364238,0.8772727272727273,0.007958420552313328,False,1
2021-09-13,15,80,7.1629293e-06,-0.23753636205339404,0.05,0.007958420552313328,False,1
2021-09-13,16,80,5.1296523e-05,-0.09904613685122224,0.39545454545454545,0.007958420552313328,False,1
2021-09-13,17,80,0.0016455451,4.903670092854726,0.9,0.007958420552313328,False,1
2021-09-13,18,80,0.0023790007,7.205237026128599,0.9181818181818182,0.007958420552313328,False,1
2021-09-13,19,80,0.0011923857,3.481665951784257,0.8727272727272727,0.007958420552313328,False,1
2021-09-13,20,80,0.00041450534,1.0406949508646726,0.7772727272727272,0.007958420552313328,False,1
2021-09-13,21,80,0.0005790706,1.5570970071551522,0.8045454545454546,0.007958420552313328,False,1
2021-09-13,22,80,0.006719882,20.826825407130507,0.9636363636363636,0.007958420552313328,False,1
2021-09-06,1,100,0.0004421122,0.7519260157993076,0.7454545454545455,0.006223993841558695,False,1
2021-09-06,2,100,0.00012821378,0.04245063840932466,0.5272727272727272,0.006223993841558695,False,1
2021-09-06,3,100,9.916606e-05,-0.02320321257445973,0.4863636363636364,0.006223993841558695,False,1
2021-09-06,4,100,0.0007429573,1.4318981021394093,0.8227272727272728,0.006223993841558695,False,1
2021-09-06,5,100,2.220877e-05,-0.19714261426239374,0.2590909090909091,0.006223993841558695,False,1
2021-09-06,6,100,8.368056e-05,-0.058203646721783055,0.4590909090909091,0.006223993841558695,False,1
2021-09-06,7,100,0.00024608406,0.3088618504797153,0.6318181818181818,0.006223993841558695,False,1
2021-09-06,8,100,0.00015163908,0.0953966494754454,0.5772727272727273,0.006223993841558695,False,1
2021-09-06,9,100,0.00065939245,1.2430242833179148,0.8045454545454546,0.006223993841558695,False,1
2021-09-06,10,100,0.00013784168,0.0642116754403682,0.55,0.006223993841558695,False,1
2021-09-06,11,100,0.00016958643,0.1359613887905368,0.5863636363636363,0.006223993841558695,False,1
2021-09-06,12,100,2.5576268e-05,-0.1895313706826481,0.2863636363636364,0.006223993841558695,False,1
2021-09-06,13,100,0.00024873187,0.3148464448324301,0.6318181818181818,0.006223993841558695,False,1
2021-09-06,14,100,1.5173724e-05,-0.21304327141371224,0.18181818181818182,0.006223993841558695,False,1
2021-09-06,15,100,4.1442992e-05,-0.15366929190390155,0.34545454545454546,0.006223993841558695,False,1
2021-09-06,16,100,0.0004801439,0.8378855063548177,0.75,0.006223993841558695,False,1
2021-09-06,17,100,0.00034927306,0.5420903293810408,0.7090909090909091,0.006223993841558695,False,1
2021-09-06,18,100,1.3202298e-05,-0.21749910229676592,0.1318181818181818,0.006223993841558695,False,1
2021-09-06,19,100,0.00013157769,0.05005376629815308,0.5409090909090909,0.006223993841558695,False,1
2021-09-06,20,100,5.2624666e-05,-0.1283963972486932,0.4,0.006223993841558695,False,1
2021-09-06,21,100,4.430316e-05,-0.14720472062523898,0.36363636363636365,0.006223993841558695,False,1
2021-09-06,22,100,7.3874853e-06,-0.2306417812626772,0.03636363636363636,0.006223993841558695,False,1
2021-09-07,1,100,6.7232315e-05,-0.09538008919023035,0.42727272727272725,0.006223993841558695,False,1
2021-09-07,2,100,0.0009036392,1.795072425670439,0.8409090909090909,0.006223993841558695,False,1
2021-09-07,3,100,0.0004942912,0.8698612956782981,0.7545454545454545,0.006223993841558695,False,1
2021-09-07,4,100,0.00025858096,0.3371074150020415,0.6545454545454545,0.006223993841558695,False,1
2021-09-07,5,100,9.977083e-05,-0.021836323014871296,0.4863636363636364,0.006223993841558695,False,1
2021-09-07,6,100,4.7191377e-05,-0.1406767532199587,0.37727272727272726,0.006223993841558695,False,1
2021-09-07,7,100,0.0007235156,1.3879558211182206,0.8227272727272728,0.006223993841558695,False,1
2021-09-07,8,100,0.0002796713,0.3847759739838166,0.6727272727272727,0.006223993841558695,False,1
2021-09-07,9,100,0.00019007956,0.1822800954078404,0.6045454545454545,0.006223993841558695,False,1
2021-09-07,10,100,3.520092e-05,-0.16777766819699277,0.32272727272727275,0.006223993841558695,False,1
2021-09-07,11,100,0.0003534086,0.5514375003360339,0.7090909090909091,0.006223993841558695,False,1
2021-09-07,12,100,1.693076e-05,-0.2090720056587662,0.18636363636363637,0.006223993841558695,False,1
2021-09-07,13,100,7.8177276e-05,-0.07064221344171936,0.45,0.006223993841558695,False,1
2021-09-07,14,100,0.008713988,19.44807531564269,0.9818181818181818,0.006223993841558695,True,1
2021-09-07,15,100,0.13517527,305.2767346926257,0.9954545454545455,0.006223993841558695,True,1
2021-09-07,16,100,0.00014471314,0.07974259174505159,0.5636363636363636,0.006223993841558695,False,1
2021-09-07,17,100,4.2337877e-05,-0.15164666767433754,0.35454545454545455,0.006223993841558695,False,1
2021-09-07,18,100,0.0004287198,0.7216563798725426,0.740909090909091,0.006223993841558695,False,1
2021-09-07,19,100,4.78873e-05,-0.13910382213757036,0.38181818181818183,0.006223993841558695,False,1
2021-09-07,20,100,0.00084200746,1.6557719768693393,0.8363636363636363,0.006223993841558695,False,1
2021-09-07,21,100,3.535571e-05,-0.1674278054484249,0.32272727272727275,0.006223993841558695,False,1
2021-09-07,22,100,9.8821794e-05,-0.023981332192370246,0.4863636363636364,0.006223993841558695,False,1
2021-09-08,1,100,5.5089902e-05,-0.12282445329990987,0.4,0.006223993841558695,False,1
2021-09-08,2,100,1.6565133e-05,-0.2098984000703697,0.18636363636363637,0.006223993841558695,False,1
2021-09-08,3,100,4.5870165e-05,-0.14366296568377432,0.37727272727272726,0.006223993841558695,False,1
2021-09-08,4,100,0.00063942693,1.197898081687786,0.8045454545454546,0.006223993841558695,False,1
2021-09-08,5,100,8.345013e-06,-0.22847757029468746,0.05454545454545454,0.006223993841558695,False,1
2021-09-08,6,100,0.00016243178,0.11979039361679612,0.5818181818181818,0.006223993841558695,False,1
2021-09-08,7,100,1.6873813e-05,-0.20920071788548616,0.18636363636363637,0.006223993841558695,False,1
2021-09-08,8,100,1.0952654e-05,-0.22258376355325907,0.10454545454545454,0.006223993841558695,False,1
2021-09-08,9,100,5.2992564e-06,-0.23536161055549126,0.0,0.006223993841558695,False,1
2021-09-08,10,100,3.2266344e-05,-0.17441041599675944,0.3181818181818182,0.006223993841558695,False,1
2021-09-08,11,100,1.0302377e-05,-0.22405352381208005,0.09090909090909091,0.006223993841558695,False,1
2021-09-08,12,100,1.7467475e-05,-0.20785891954254807,0.19090909090909092,0.006223993841558695,False,1
2021-09-08,13,100,0.0005378223,0.9682506370141576,0.7727272727272727,0.006223993841558695,False,1
2021-09-08,14,100,7.925134e-06,-0.2294265839978846,0.045454545454545456,0.006223993841558695,False,1
2021-09-08,15,100,0.00022293079,0.25653065850301887,0.6272727272727273,0.006223993841558695,False,1
2021-09-08,16,100,2.0805715e-05,-0.20031380609877172,0.2409090909090909,0.006223993841558695,False,1
2021-09-08,17,100,5.0071954e-05,-0.13416605324216183,0.4,0.006223993841558695,False,1
2021-09-08,18,100,0.00023650353,0.287207871499069,0.6318181818181818,0.006223993841558695,False,1
2021-09-08,19,100,6.931861e-05,-0.09066463431237876,0.43636363636363634,0.006223993841558695,False,1
2021-09-08,20,100,0.008021801,17.88358981426233,0.9772727272727273,0.006223993841558695,True,1
2021-09-08,21,100,2.8136237e-05,-0.1837453106330702,0.3,0.006223993841558695,False,1
2021-09-08,22,100,0.0076874443,17.127875094640792,0.9772727272727273,0.006223993841558695,True,1
2021-09-10,1,100,1.3570822e-05,-0.21666616065224165,0.1409090909090909,0.006223993841558695,False,1
2021-09-10,2,100,1.6728793e-05,-0.20952849477204427,0.18636363636363637,0.006223993841558695,False,1
2021-09-10,3,100,5.0707604e-06,-0.2358780587550594,0.0,0.006223993841558695,False,1
2021-09-10,4,100,0.0018399468,3.9113213706370438,0.9136363636363637,0.006223993841558695,False,1
2021-09-10,5,100,2.4509236e-05,-0.19194308350021316,0.2818181818181818,0.006223993841558695,False,1
2021-09-10,6,100,0.00067639217,1.2814471709279613,0.8090909090909091,0.006223993841558695,False,1
2021-09-10,7,100,0.00018721404,0.17580342870735494,0.6045454545454545,0.006223993841558695,False,1
2021-09-10,8,100,5.906836e-06,-0.23398835465984139,0.00909090909090909,0.006223993841558695,False,1
2021-09-10,9,100,0.008629455,19.257014552462664,0.9818181818181818,0.006223993841558695,True,1
2021-09-10,10,100,0.0003019949,0.43523192333581234,0.6818181818181818,0.006223993841558695,False,1
2021-09-10,11,100,0.00050377497,0.891296586801159,0.7545454545454545,0.006223993841558695,False,1
2021-09-10,12,100,3.4449524e-05,-0.16947597724807986,0.3181818181818182,0.006223993841558695,False,1
2021-09-10,13,100,0.00034683192,0.5365728436095064,0.7090909090909091,0.006223993841558695,False,1
2021-09-10,14,100,7.011042e-06,-0.23149262141804652,0.022727272727272728,0.006223993841558695,False,1
2021-09-10,15,100,1.1156218e-05,-0.22212366678102466,0.10454545454545454,0.006223993841558695,False,1
2021-09-10,16,100,0.009655792,21.576748520032172,0.9818181818181818,0.006223993841558695,True,1
2021-09-10,17,100,0.0006493364,1.2202954809796855,0.8045454545454546,0.006223993841558695,False,1
2021-09-10,18,100,0.0011302168,2.307184593300635,0.8681818181818182,0.006223993841558695,False,1
2021-09-10,19,100,0.0002977821,0.42571010468570114,0.6818181818181818,0.006223993841558695,False,1
2021-09-10,20,100,0.012821975,28.73297670387736,0.9818181818181818,0.006223993841558695,True,1
2021-09-10,21,100,0.00013326018,0.05385654718507564,0.5409090909090909,0.006223993841558695,False,1
2021-09-10,22,100,0.0010119736,2.039930599207701,0.8454545454545455,0.006223993841558695,False,1
2021-09-13,1,100,8.3165156e-05,-0.05936857316049147,0.4590909090909091,0.006223993841558695,False,1
2021-09-13,2,100,0.0010298663,2.080371769522687,0.8545454545454545,0.006223993841558695,False,1
2021-09-13,3,100,0.00021036774,0.2281355745038552,0.6272727272727273,0.006223993841558695,False,1
2021-09-13,4,100,3.9064176e-05,-0.1590459083575092,0.33181818181818185,0.006223993841558695,False,1
2021-09-13,5,100,0.012172894,27.265918172541117,0.9818181818181818,0.006223993841558695,True,1
2021-09-13,6,100,8.603655e-06,-0.22789298564852814,0.05909090909090909,0.006223993841558695,False,1
2021-09-13,7,100,0.002298932,4.948722890939268,0.9136363636363637,0.006223993841558695,False,1
2021-09-13,8,100,1.7631975e-05,-0.20748711482719948,0.19545454545454546,0.006223993841558695,False,1
2021-09-13,9,100,0.0011092748,2.2598514499864333,0.8636363636363636,0.006223993841558695,False,1
2021-09-13,10,100,0.00011319044,0.00849478495373475,0.509090909090909,0.006223993841558695,False,1
2021-09-13,11,100,0.000107828986,-0.003623216086263907,0.4909090909090909,0.006223993841558695,False,1
2021-09-13,12,100,0.0010016388,2.016571881114876,0.8454545454545455,0.006223993841558695,False,1
2021-09-13,13,100,0.00067989534,1.2893650593520591,0.8136363636363636,0.006223993841558695,False,1
2021-09-13,14,100,9.229466e-05,-0.03873401376295991,0.4727272727272727,0.006223993841558695,False,1
2021-09-13,15,100,3.856746e-05,-0.16016858715697482,0.33181818181818185,0.006223993841558695,False,1
2021-09-13,16,100,0.14538558,328.35413672466046,0.9954545454545455,0.006223993841558695,True,1
2021-09-13,17,100,3.185312e-05,-0.17534438648158468,0.3181818181818182,0.006223993841558695,False,1
2021-09-13,18,100,5.8526766e-05,-0.1150564297011992,0.40454545454545454,0.006223993841558695,False,1
2021-09-13,19,100,0.0008465282,1.6659898208535542,0.8363636363636363,0.006223993841558695,False,1
2021-09-13,20,100,0.00083457277,1.6389680400299014,0.8318181818181818,0.006223993841558695,False,1
2021-09-13,21,100,0.00051804614,0.9235524044629134,0.7636363636363637,0.006223993841558695,False,1
2021-09-13,22,100,0.0032070288,7.001209442483455,0.9363636363636364,0.006223993841558695,False,1
2021-09-09,1,20,0.00012781938,-0.24368752081763873,0.19090909090909092,0.02261480875313282,False,2
2021-09-09,2,20,0.007622942,2.927872790270717,0.8863636363636364,0.02261480875313282,False,2
2021-09-09,3,20,0.00067787286,-0.01093244902623597,0.4909090909090909,0.02261480875313282,False,2
2021-09-09,4,20,0.015044707,6.068391895146081,0.9454545454545454,0.02261480875313282,False,2
2021-09-09,5,20,0.2679664,113.09217608385303,0.9954545454545455,0.02261480875313282,True,2
2021-09-09,6,20,0.0088283,3.4379199844359456,0.9,0.02261480875313282,False,2
2021-09-09,7,20,0.00020491486,-0.21106457661743114,0.3,0.02261480875313282,False,2
2021-09-09,8,20,0.114715256,48.24397447306637,0.9863636363636363,0.02261480875313282,True,2
2021-09-09,9,20,0.0017427314,0.4396623475789393,0.7045454545454546,0.02261480875313282,False,2
2021-09-09,10,20,0.95650834,404.4486312602181,1.0,0.02261480875313282,True,2
2021-09-09,11,20,0.0045015947,1.6070750561226683,0.8409090909090909,0.02261480875313282,False,2
2021-09-09,12,20,0.00038535395,-0.1347117932087896,0.38636363636363635,0.02261480875313282,False,2
2021-09-09,13,20,0.002615904,0.8091452182288909,0.7545454545454545,0.02261480875313282,False,2
2021-09-09,14,20,0.00063567754,-0.028787392450827037,0.4818181818181818,0.02261480875313282,False,2
2021-09-09,15,20,0.002521097,0.7690276423759462,0.75,0.02261480875313282,False,2
2021-09-09,16,20,0.0004118273,-0.1235096025416404,0.40454545454545454,0.02261480875313282,False,2
2021-09-09,17,20,0.00064991246,-0.022763889072121485,0.4818181818181818,0.02261480875313282,False,2
2021-09-09,18,20,0.0015318292,0.3504191083190244,0.6863636363636364,0.02261480875313282,False,2
2021-09-09,19,20,0.0004886376,-0.09100732964072918,0.42272727272727273,0.02261480875313282,False,2
2021-09-09,20,20,0.00019931022,-0.2134361799026991,0.3,0.02261480875313282,False,2
2021-09-09,21,20,0.0029742704,0.9607879268725276,0.7772727272727272,0.02261480875313282,False,2
2021-09-09,22,20,0.00014969945,-0.23442897119804781,0.23636363636363636,0.02261480875313282,False,2
2021-09-14,1,20,0.0012134868,0.2157125244748929,0.6090909090909091,0.02261480875313282,False,2
2021-09-14,2,20,3.3842723e-05,-0.28345373395297474,0.05454545454545454,0.02261480875313282,False,2
2021-09-14,3,20,0.00025858145,-0.18835556444582144,0.33181818181818185,0.02261480875313282,False,2
2021-09-14,4,20,0.00067185354,-0.013479520461973354,0.4909090909090909,0.02261480875313282,False,2
2021-09-14,5,20,0.00034845225,-0.15032674677624763,0.36818181818181817,0.02261480875313282,False,2
2021-09-14,6,20,0.022081157,9.045865127609344,0.9681818181818181,0.02261480875313282,False,2
2021-09-14,7,20,0.00045363087,-0.10582042282460957,0.41818181818181815,0.02261480875313282,False,2
2021-09-14,8,20,0.003908347,1.3560423003489057,0.8272727272727273,0.02261480875313282,False,2
2021-09-14,9,20,0.0014024236,0.295661124178738,0.65,0.02261480875313282,False,2
2021-09-14,10,20,0.000112683214,-0.250092388482458,0.16818181818181818,0.02261480875313282,False,2
2021-09-14,11,20,2.3269817e-05,-0.2879276583965899,0.031818181818181815,0.02261480875313282,False,2
2021-09-14,12,20,0.0009108403,0.08764769584059172,0.55,0.02261480875313282,False,2
2021-09-14,13,20,0.0001145265,-0.2493124031200954,0.16818181818181818,0.02261480875313282,False,2
2021-09-14,14,20,4.57229e-05,-0.2784266385603176,0.08181818181818182,0.02261480875313282,False,2
2021-09-14,15,20,0.0004983617,-0.08689257195554238,0.42272727272727273,0.02261480875313282,False,2
2021-09-14,16,20,0.0042896275,1.517381176031621,0.8272727272727273,0.02261480875313282,False,2
2021-09-14,17,20,0.00078421785,0.034067422202087416,0.5318181818181819,0.02261480875313282,False,2
2021-09-14,18,20,0.0002661582,-0.18514946527734472,0.33636363636363636,0.02261480875313282,False,2
2021-09-14,19,20,0.001607283,0.3823473658849146,0.6954545454545454,0.02261480875313282,False,2
2021-09-14,20,20,9.890853e-05,-0.25592114413534606,0.15454545454545454,0.02261480875313282,False,2
2021-09-14,21,20,0.0004942795,-0.08861996279337525,0.42272727272727273,0.02261480875313282,False,2
2021-09-14,22,20,0.00066343584,-0.017041469729257897,0.4818181818181818,0.02261480875313282,False,2
2021-09-15,1,20,6.946617e-05,-0.26837967530664325,0.10454545454545454,0.02261480875313282,False,2
2021-09-15,2,20,0.0010590693,0.15037078622782532,0.5863636363636363,0.02261480875313282,False,2
2021-09-15,3,20,0.008395632,3.2548364571227957,0.9,0.02261480875313282,False,2
2021-09-15,4,20,0.00046682096,-0.10023903810128387,0.41818181818181815,0.02261480875313282,False,2
2021-09-15,5,20,0.0058814366,2.1909550312525705,0.8681818181818182,0.02261480875313282,False,2
2021-09-15,6,20,0.0013697207,0.2818228841570459,0.6454545454545455,0.02261480875313282,False,2
2021-09-15,7,20,0.00034930054,-0.14996779322615414,0.36818181818181817,0.02261480875313282,False,2
2021-09-15,8,20,0.00028611772,-0.17670359501734123,0.35,0.02261480875313282,False,2
2021-09-15,9,20,0.009578022,3.755164824128447,0.9045454545454545,0.02261480875313282,False,2
2021-09-15,10,20,0.0023807588,0.7096435453747438,0.7318181818181818,0.02261480875313282,False,2
2021-09-15,11,20,0.0097022895,3.8077485204457635,0.9045454545454545,0.02261480875313282,False,2
2021-09-15,12,20,2.7567352e-05,-0.28610915678689774,0.03636363636363636,0.02261480875313282,False,2
2021-09-15,13,20,0.00090692425,0.08599062526800172,0.55,0.02261480875313282,False,2
2021-09-15,14,20,0.0003792683,-0.13728693117420973,0.38636363636363635,0.02261480875313282,False,2
2021-09-15,15,20,0.00094863126,0.10363894287643782,0.5681818181818182,0.02261480875313282,False,2
2021-09-15,16,20,0.003648328,1.2460152970899587,0.8045454545454546,0.02261480875313282,False,2
2021-09-15,17,20,0.00021240581,-0.20789478290288366,0.30454545454545456,0.02261480875313282,False,2
2021-09-15,18,20,0.005545329,2.0487310509552987,0.8636363636363636,0.02261480875313282,False,2
2021-09-15,19,20,0.0008337215,0.055014880941156086,0.5363636363636364,0.02261480875313282,False,2
2021-09-15,20,20,0.0057270285,2.1256172338960244,0.8681818181818182,0.02261480875313282,False,2
2021-09-15,21,20,0.00014124627,-0.23800593279516266,0.21363636363636362,0.02261480875313282,False,2
2021-09-15,22,20,0.0039064353,1.3552334325693696,0.8272727272727273,0.02261480875313282,False,2
2021-09-17,1,20,8.5822554e-05,-0.2614584740129905,0.13636363636363635,0.02261480875313282,False,2
2021-09-17,2,20,0.00015570612,-0.23188725075272162,0.23636363636363636,0.02261480875313282,False,2
2021-09-17,3,20,0.032586444,13.491176236824245,0.9727272727272728,0.02261480875313282,True,2
2021-09-17,4,20,0.00081015646,0.04504334417688859,0.5363636363636364,0.02261480875313282,False,2
2021-09-17,5,20,0.00018944591,-0.21761026030551722,0.29545454545454547,0.02261480875313282,False,2
2021-09-17,6,20,0.00026692083,-0.18482675560476605,0.33636363636363636,0.02261480875313282,False,2
2021-09-17,7,20,4.4966568e-05,-0.27874668043474243,0.08181818181818182,0.02261480875313282,False,2
2021-09-17,8,20,0.031969175,13.229978742128399,0.9727272727272728,0.02261480875313282,True,2
2021-09-17,9,20,0.00012552949,-0.2446564872746105,0.19090909090909092,0.02261480875313282,False,2
2021-09-17,10,20,0.0006746179,-0.01230979026349733,0.4909090909090909,0.02261480875313282,False,2
2021-09-17,11,20,0.0013168337,0.25944374915265084,0.6318181818181818,0.02261480875313282,False,2
2021-09-17,12,20,0.0029088238,0.9330942054331118,0.7772727272727272,0.02261480875313282,False,2
2021-09-17,13,20,0.00069018616,-0.005722074514942956,0.4909090909090909,0.02261480875313282,False,2
2021-09-17,14,20,0.00033396928,-0.15645521331093656,0.36363636363636365,0.02261480875313282,False,2
2021-09-17,15,20,0.002792982,0.884075734248326,0.7636363636363637,0.02261480875313282,False,2
2021-09-17,16,20,0.0011399286,0.18458638591352083,0.6,0.02261480875313282,False,2
2021-09-17,17,20,0.0015821574,0.3717154836526396,0.6954545454545454,0.02261480875313282,False,2
2021-09-17,18,20,0.0002062169,-0.21051362164960227,0.30454545454545456,0.02261480875313282,False,2
2021-09-17,19,20,0.00055298756,-0.06377764806021903,0.45,0.02261480875313282,False,2
2021-09-17,20,20,0.0011302049,0.18047180064229434,0.6,0.02261480875313282,False,2
2021-09-17,21,20,0.0007734096,0.02949392022963323,0.5272727272727272,0.02261480875313282,False,2
2021-09-17,22,20,0.00019012814,-0.2173215777595351,0.29545454545454547,0.02261480875313282,False,2
2021-09-09,1,30,3.040755e-05,-0.2511544046030643,0.1,0.022816330194473267,False,2
2021-09-09,2,30,0.0016990473,1.156655904014997,0.7954545454545454,0.022816330194473267,False,2
2021-09-09,3,30,0.00038223946,0.04568174786865179,0.5227272727272727,0.022816330194473267,False,2
2021-09-09,4,30,0.0145938005,12.035796693693198,0.9454545454545454,0.022816330194473267,False,2
2021-09-09,5,30,0.18628906,156.89292061665878,1.0,0.022816330194473267,True,2
2021-09-09,6,30,0.0006849954,0.3011130966624227,0.6272727272727273,0.022816330194473267,False,2
2021-09-09,7,30,0.00014040097,-0.15835434426520564,0.33636363636363636,0.022816330194473267,False,2
2021-09-09,8,30,0.81006503,683.1648476344915,1.0,0.022816330194473267,True,2
2021-09-09,9,30,0.0011174786,0.6659937312210945,0.7318181818181818,0.022816330194473267,False,2
2021-09-09,10,30,0.07647299,64.24248909541545,0.9954545454545455,0.022816330194473267,True,2
2021-09-09,11,30,0.0029334172,2.1980782595814397,0.8409090909090909,0.022816330194473267,False,2
2021-09-09,12,30,0.00024222984,-0.0724426059768433,0.4409090909090909,0.022816330194473267,False,2
2021-09-09,13,30,0.001708483,1.1646166806745684,0.7954545454545454,0.022816330194473267,False,2
2021-09-09,14,30,0.00025740787,-0.05963709680352532,0.45,0.022816330194473267,False,2
2021-09-09,15,30,0.000110562985,-0.18352827347424205,0.29545454545454547,0.022816330194473267,False,2
2021-09-09,16,30,0.00069986255,0.3136563388481867,0.6318181818181818,0.022816330194473267,False,2
2021-09-09,17,30,0.000563994,0.1990257515592966,0.5863636363636363,0.022816330194473267,False,2
2021-09-09,18,30,0.000788172,0.3881619186314461,0.6590909090909091,0.022816330194473267,False,2
2021-09-09,19,30,0.00030721922,-0.017611887503508727,0.4954545454545455,0.022816330194473267,False,2
2021-09-09,20,30,0.0012831546,0.8057724838732491,0.75,0.022816330194473267,False,2
2021-09-09,21,30,0.00045230766,0.10479740456847006,0.55,0.022816330194473267,False,2
2021-09-09,22,30,0.0001594813,-0.1422565139398228,0.36818181818181817,0.022816330194473267,False,2
2021-09-14,1,30,0.0021912227,1.5718981352540333,0.8227272727272728,0.022816330194473267,False,2
2021-09-14,2,30,7.107936e-05,-0.2168401096191786,0.2,0.022816330194473267,False,2
2021-09-14,3,30,0.00037423187,0.038925837683407065,0.5227272727272727,0.022816330194473267,False,2
2021-09-14,4,30,0.0002410992,-0.07339651282694988,0.4409090909090909,0.022816330194473267,False,2
2021-09-14,5,30,8.649412e-05,-0.20383487385876545,0.24545454545454545,0.022816330194473267,False,2
2021-09-14,6,30,0.0030437359,2.291152715312448,0.8409090909090909,0.022816330194473267,False,2
2021-09-14,7,30,0.00017122686,-0.13234692978397777,0.37272727272727274,0.022816330194473267,False,2
2021-09-14,8,30,0.00039726633,0.05835972078755958,0.5318181818181819,0.022816330194473267,False,2
2021-09-14,9,30,0.009664934,7.877374235148106,0.9181818181818182,0.022816330194473267,False,2
2021-09-14,10,30,0.0004450109,0.09864121434427926,0.5454545454545454,0.022816330194473267,False,2
2021-09-14,11,30,2.9780354e-05,-0.25168356096937217,0.1,0.022816330194473267,False,2
2021-09-14,12,30,0.0009677818,0.5396964495342599,0.7227272727272728,0.022816330194473267,False,2
2021-09-14,13,30,0.00017313522,-0.13073686437428783,0.37727272727272726,0.022816330194473267,False,2
2021-09-14,14,30,4.0016344e-05,-0.24304758524304004,0.12272727272727273,0.022816330194473267,False,2
2021-09-14,15,30,7.9499216e-05,-0.20973638444669473,0.21363636363636362,0.022816330194473267,False,2
2021-09-14,16,30,0.0006635566,0.28302548959924073,0.6227272727272727,0.022816330194473267,False,2
2021-09-14,17,30,0.00011758662,-0.1776025214217062,0.3181818181818182,0.022816330194473267,False,2
2021-09-14,18,30,0.0011663007,0.7071843564334817,0.740909090909091,0.022816330194473267,False,2
2021-09-14,19,30,0.00035140073,0.019663492560253692,0.509090909090909,0.022816330194473267,False,2
2021-09-14,20,30,0.00044016,0.0945485626808079,0.5454545454545454,0.022816330194473267,False,2
2021-09-14,21,30,0.00017461857,-0.12948538111540245,0.37727272727272726,0.022816330194473267,False,2
2021-09-14,22,30,0.0011187035,0.6670271824870967,0.7318181818181818,0.022816330194473267,False,2
2021-09-15,1,30,1.2881978e-05,-0.26594050788544793,0.013636363636363636,0.022816330194473267,False,2
2021-09-15,2,30,3.691514e-05,-0.24566403361329217,0.12272727272727273,0.022816330194473267,False,2
2021-09-15,3,30,0.24955335,210.26820930164027,1.0,0.022816330194473267,True,2
2021-09-15,4,30,0.0002397449,-0.0745391212779695,0.43636363636363634,0.022816330194473267,False,2
2021-09-15,5,30,0.0024246871,1.7688691142215793,0.8363636363636363,0.022816330194473267,False,2
2021-09-15,6,30,0.00095582294,0.5296068929146683,0.7227272727272728,0.022816330194473267,False,2
2021-09-15,7,30,2.8030905e-05,-0.2531595494104108,0.09090909090909091,0.022816330194473267,False,2
2021-09-15,8,30,6.529556e-05,-0.22171983234519593,0.19090909090909092,0.022816330194473267,False,2
2021-09-15,9,30,0.00071565417,0.3269795312813679,0.6318181818181818,0.022816330194473267,False,2
2021-09-15,10,30,0.000274908,-0.044872454951997,0.4727272727272727,0.022816330194473267,False,2
2021-09-15,11,30,0.0012300917,0.7610039682675975,0.7454545454545455,0.022816330194473267,False,2
2021-09-15,12,30,1.3520249e-05,-0.265402006983942,0.01818181818181818,0.022816330194473267,False,2
2021-09-15,13,30,0.0003487625,0.01743764852366764,0.509090909090909,0.022816330194473267,False,2
2021-09-15,14,30,5.343672e-05,-0.23172498275097633,0.14545454545454545,0.022816330194473267,False,2
2021-09-15,15,30,0.0002801562,-0.0404446093322389,0.4818181818181818,0.022816330194473267,False,2
2021-09-15,16,30,0.0010754629,0.6305456259829851,0.7318181818181818,0.022816330194473267,False,2
2021-09-15,17,30,0.0005745422,0.20792514987098265,0.6,0.022816330194473267,False,2
2021-09-15,18,30,0.00040804254,0.06745147932586273,0.5363636363636364,0.022816330194473267,False,2
2021-09-15,19,30,0.000425844,0.08247033427748897,0.5363636363636364,0.022816330194473267,False,2
2021-09-15,20,30,0.25021815,210.82909302450875,1.0,0.022816330194473267,True,2
2021-09-15,21,30,2.0052901e-05,-0.2598904907029517,0.05909090909090909,0.022816330194473267,False,2
2021-09-15,22,30,0.0006278241,0.252878413797424,0.6136363636363636,0.022816330194473267,False,2
2021-09-17,1,30,1.1836387e-05,-0.2668226602458645,0.013636363636363636,0.022816330194473267,False,2
2021-09-17,2,30,3.4185716e-05,-0.24796681314643784,0.11818181818181818,0.022816330194473267,False,2
2021-09-17,3,30,0.10585846,89.03463963182905,1.0,0.022816330194473267,True,2
2021-09-17,4,30,0.00046324366,0.11402396750352174,0.55,0.022816330194473267,False,2
2021-09-17,5,30,3.046034e-05,-0.25110986574602384,0.1,0.022816330194473267,False,2
2021-09-17,6,30,4.627777e-05,-0.23776489804433779,0.1318181818181818,0.022816330194473267,False,2
2021-09-17,7,30,4.3306605e-05,-0.2402716336832198,0.12727272727272726,0.022816330194473267,False,2
2021-09-17,8,30,0.023275035,19.360044376428792,0.9681818181818181,0.022816330194473267,True,2
2021-09-17,9,30,0.00017881233,-0.1259471585733124,0.38636363636363635,0.022816330194473267,False,2
2021-09-17,10,30,0.00022519077,-0.0868182548860601,0.42272727272727273,0.022816330194473267,False,2
2021-09-17,11,30,0.00015167278,-0.14884445882890024,0.35454545454545455,0.022816330194473267,False,2
2021-09-17,12,30,0.027187072,22.660580886571378,0.9772727272727273,0.022816330194473267,True,2
2021-09-17,13,30,0.0019881318,1.4005528582450093,0.8045454545454546,0.022816330194473267,False,2
2021-09-17,14,30,0.004746213,3.727511291042241,0.8636363636363636,0.022816330194473267,False,2
2021-09-17,15,30,0.00023490681,-0.07862095666880559,0.43636363636363634,0.022816330194473267,False,2
2021-09-17,16,30,0.00017205236,-0.13165046495531196,0.37727272727272726,0.022816330194473267,False,2
2021-09-17,17,30,0.0012444408,0.7731101397316632,0.7454545454545455,0.022816330194473267,False,2
2021-09-17,18,30,1.3959004e-05,-0.26503183509265194,0.022727272727272728,0.022816330194473267,False,2
2021-09-17,19,30,0.00023667318,-0.07713069283502384,0.43636363636363634,0.022816330194473267,False,2
2021-09-17,20,30,0.00010962685,-0.18431807622879862,0.29545454545454547,0.022816330194473267,False,2
2021-09-17,21,30,0.0001301298,-0.16701999568165532,0.32272727272727275,0.022816330194473267,False,2
2021-09-17,22,30,3.711939e-05,-0.2454917098871754,0.12272727272727273,0.022816330194473267,False,2
2021-09-09,1,40,1.7021324e-05,-0.2791961879130025,0.05454545454545454,0.014478468336164951,False,2
2021-09-09,2,40,0.0059798737,7.68275288244095,0.9318181818181818,0.014478468336164951,False,2
2021-09-09,3,40,0.00016889688,-0.07640307195529353,0.45,0.014478468336164951,False,2
2021-09-09,4,40,0.0034763056,4.339842439176699,0.9136363636363637,0.014478468336164951,False,2
2021-09-09,5,40,0.0062346556,8.022952591469167,0.9363636363636364,0.014478468336164951,False,2
2021-09-09,6,40,0.00094912713,0.965405977257521,0.7772727272727272,0.014478468336164951,False,2
2021-09-09,7,40,0.00013254696,-0.12493960068696579,0.40454545454545454,0.014478468336164951,False,2
2021-09-09,8,40,0.39295337,524.3923811791265,1.0,0.014478468336164951,True,2
2021-09-09,9,40,0.0010188149,1.0584571014764177,0.7909090909090909,0.014478468336164951,False,2
2021-09-09,10,40,0.005990515,7.696961757227499,0.9318181818181818,0.014478468336164951,False,2
2021-09-09,11,40,0.006612094,8.526930536336767,0.9363636363636364,0.014478468336164951,False,2
2021-09-09,12,40,0.0049004853,6.241490354867699,0.9227272727272727,0.014478468336164951,False,2
2021-09-09,13,40,0.00025312573,0.03606422208781559,0.5181818181818182,0.014478468336164951,False,2
2021-09-09,14,40,1.2251654e-05,-0.2855649305724679,0.02727272727272727,0.014478468336164951,False,2
2021-09-09,15,40,1.7801489e-05,-0.27815446659280363,0.06363636363636363,0.014478468336164951,False,2
2021-09-09,16,40,0.40704176,543.2040260874999,1.0,0.014478468336164951,True,2
2021-09-09,17,40,0.00020485975,-0.028383338037392854,0.4818181818181818,0.014478468336164951,False,2
2021-09-09,18,40,0.0004926099,0.3558375077762954,0.6727272727272727,0.014478468336164951,False,2
2021-09-09,19,40,0.00061458995,0.5187123776540328,0.7136363636363636,0.014478468336164951,False,2
2021-09-09,20,40,0.002204538,2.641704073626813,0.8590909090909091,0.014478468336164951,False,2
2021-09-09,21,40,0.00026919282,0.05751793955110501,0.5318181818181819,0.014478468336164951,False,2
2021-09-09,22,40,0.00010462486,-0.1622228285962718,0.35,0.014478468336164951,False,2
2021-09-14,1,40,0.00047574568,0.3333193838048131,0.6681818181818182,0.014478468336164951,False,2
2021-09-14,2,40,1.6439093e-05,-0.27997361707778645,0.04090909090909091,0.014478468336164951,False,2
2021-09-14,3,40,0.00011295226,-0.15110359869224313,0.35909090909090907,0.014478468336164951,False,2
2021-09-14,4,40,4.007443e-05,-0.2484143357194767,0.15,0.014478468336164951,False,2
2021-09-14,5,40,0.00012518212,-0.13477356653305025,0.38181818181818183,0.014478468336164951,False,2
2021-09-14,6,40,0.005382262,6.884787025844536,0.9272727272727272,0.014478468336164951,False,2
2021-09-14,7,40,0.0001634661,-0.08365455988624645,0.45,0.014478468336164951,False,2
2021-09-14,8,40,0.0003403049,0.15247092775360743,0.5772727272727273,0.014478468336164951,False,2
2021-09-14,9,40,0.0021105323,2.5161819833760903,0.8590909090909091,0.014478468336164951,False,2
2021-09-14,10,40,0.00017717372,-0.06535135355934656,0.45,0.014478468336164951,False,2
2021-09-14,11,40,1.6607222e-05,-0.2797491211542006,0.045454545454545456,0.014478468336164951,False,2
2021-09-14,12,40,0.00013077004,-0.12731224789961512,0.4,0.014478468336164951,False,2
2021-09-14,13,40,0.0033951565,4.231487333365818,0.9136363636363637,0.014478468336164951,False,2
2021-09-14,14,40,0.0017463388,2.0298895859437796,0.8363636363636363,0.014478468336164951,False,2
2021-09-14,15,40,1.6863067e-05,-0.27940750262510616,0.05454545454545454,0.014478468336164951,False,2
2021-09-14,16,40,0.0005925891,0.4893355352506229,0.7090909090909091,0.014478468336164951,False,2
2021-09-14,17,40,0.001148482,1.2315962076952636,0.8045454545454546,0.014478468336164951,False,2
2021-09-14,18,40,0.0004135762,0.25030706247853923,0.6409090909090909,0.014478468336164951,False,2
2021-09-14,19,40,0.0001895733,-0.048794702687027486,0.4636363636363636,0.014478468336164951,False,2
2021-09-14,20,40,0.00065007724,0.5660970817526425,0.7136363636363636,0.014478468336164951,False,2
2021-09-14,21,40,8.6389766e-05,-0.1865713897838514,0.29545454545454547,0.014478468336164951,False,2
2021-09-14,22,40,0.0012936939,1.425491668296365,0.8181818181818182,0.014478468336164951,False,2
2021-09-15,1,40,1.735379e-05,-0.27875226015758314,0.05909090909090909,0.014478468336164951,False,2
2021-09-15,2,40,1.8511613e-05,-0.27720626702460816,0.06818181818181818,0.014478468336164951,False,2
2021-09-15,3,40,0.012729082,16.694690678450776,0.9636363636363636,0.014478468336164951,False,2
2021-09-15,4,40,0.00012410838,-0.13620728984484345,0.38181818181818183,0.014478468336164951,False,2
2021-09-15,5,40,0.0031138775,3.855907202794442,0.8954545454545455,0.014478468336164951,False,2
2021-09-15,6,40,0.004222299,5.335936355835565,0.9227272727272727,0.014478468336164951,False,2
2021-09-15,7,40,4.8789483e-05,-0.23677748520254174,0.16363636363636364,0.014478468336164951,False,2
2021-09-15,8,40,2.9027082e-05,-0.26316539864318966,0.10909090909090909,0.014478468336164951,False,2
2021-09-15,9,40,0.00045039438,0.2994688474538614,0.6545454545454545,0.014478468336164951,False,2
2021-09-15,10,40,0.00028453476,0.07800339295604705,0.5590909090909091,0.014478468336164951,False,2
2021-09-15,11,40,0.0006595697,0.578771952066596,0.7136363636363636,0.014478468336164951,False,2
2021-09-15,12,40,1.847093e-05,-0.27726059003474474,0.06818181818181818,0.014478468336164951,False,2
2021-09-15,13,40,0.0003669957,0.18811004787745358,0.6136363636363636,0.014478468336164951,False,2
2021-09-15,14,40,6.923695e-05,-0.2094748316315791,0.24545454545454545,0.014478468336164951,False,2
2021-09-15,15,40,0.00012771448,-0.13139222025030564,0.38181818181818183,0.014478468336164951,False,2
2021-09-15,16,40,0.0013059046,1.4417960909670986,0.8181818181818182,0.014478468336164951,False,2
2021-09-15,17,40,0.00017431431,-0.06916940185508198,0.45,0.014478468336164951,False,2
2021-09-15,18,40,9.404074e-05,-0.17635536068164065,0.32272727272727275,0.014478468336164951,False,2
2021-09-15,19,40,0.00024387517,0.02371232667308034,0.5136363636363637,0.014478468336164951,False,2
2021-09-15,20,40,0.012824534,16.82214401170373,0.9636363636363636,0.014478468336164951,False,2
2021-09-15,21,40,6.360648e-06,-0.29343094603757747,0.0,0.014478468336164951,False,2
2021-09-15,22,40,0.00038468099,0.21172448334957963,0.6181818181818182,0.014478468336164951,False,2
2021-09-17,1,40,9.374222e-06,-0.2894070460553375,0.013636363636363636,0.014478468336164951,False,2
2021-09-17,2,40,1.8380944e-05,-0.2773807438088418,0.06818181818181818,0.014478468336164951,False,2
2021-09-17,3,40,0.00088816497,0.884005732425565,0.759090909090909,0.014478468336164951,False,2
2021-09-17,4,40,0.00016425231,-0.08260476516509553,0.45,0.014478468336164951,False,2
2021-09-17,5,40,4.6756235e-05,-0.23949239701066738,0.1590909090909091,0.014478468336164951,False,2
2021-09-17,6,40,6.437999e-05,-0.21596013341008471,0.2318181818181818,0.014478468336164951,False,2
2021-09-17,7,40,3.323628e-05,-0.2575450315918931,0.12272727272727273,0.014478468336164951,False,2
2021-09-17,8,40,0.004745457,6.0344873440672036,0.9227272727272727,0.014478468336164951,False,2
2021-09-17,9,40,0.00010792363,-0.15781811316468627,0.35,0.014478468336164951,False,2
2021-09-17,10,40,7.484066e-05,-0.20199243083199958,0.2681818181818182,0.014478468336164951,False,2
2021-09-17,11,40,0.00076351746,0.7175690840117958,0.7318181818181818,0.014478468336164951,False,2
2021-09-17,12,40,0.000996951,1.0292632173001188,0.7909090909090909,0.014478468336164951,False,2
2021-09-17,13,40,0.00055465463,0.43868323141360893,0.7,0.014478468336164951,False,2
2021-09-17,14,40,0.00064475025,0.5589841726317741,0.7136363636363636,0.014478468336164951,False,2
2021-09-17,15,40,0.00037356262,0.19687859682581563,0.6136363636363636,0.014478468336164951,False,2
2021-09-17,16,40,0.00096594635,0.9878639830519981,0.7772727272727272,0.014478468336164951,False,2
2021-09-17,17,40,0.0065343324,8.423098555838102,0.9363636363636364,0.014478468336164951,False,2
2021-09-17,18,40,3.0887943e-05,-0.26068066862857436,0.11818181818181818,0.014478468336164951,False,2
2021-09-17,19,40,0.0029844176,3.683044787862136,0.8909090909090909,0.014478468336164951,False,2
2021-09-17,20,40,0.0003885581,0.21690144727078947,0.6181818181818182,0.014478468336164951,False,2
2021-09-17,21,40,2.9304942e-05,-0.2627943840937213,0.10909090909090909,0.014478468336164951,False,2
2021-09-17,22,40,1.624336e-05,-0.28023497035981026,0.04090909090909091,0.014478468336164951,False,2
2021-09-09,1,50,7.5884425e-05,-0.11694694151575014,0.42272727272727273,0.005440563894808292,False,2
2021-09-09,2,50,0.002346817,6.093143450471964,0.9272727272727272,0.005440563894808292,False,2
2021-09-09,3,50,7.0346854e-05,-0.13208997986470813,0.39545454545454545,0.005440563894808292,False,2
2021-09-09,4,50,0.0006036208,1.3262005027470904,0.8136363636363636,0.005440563894808292,False,2
2021-09-09,5,50,0.0049350243,13.170853428591123,0.9681818181818181,0.005440563894808292,False,2
2021-09-09,6,50,0.00029726303,0.4884348342011716,0.6954545454545454,0.005440563894808292,False,2
2021-09-09,7,50,0.00014672466,0.07677271812154282,0.5681818181818182,0.005440563894808292,False,2
2021-09-09,8,50,0.3395916,928.3224605854524,0.9954545454545455,0.005440563894808292,True,2
2021-09-09,9,50,8.702452e-05,-0.08648324583089569,0.44545454545454544,0.005440563894808292,False,2
2021-09-09,10,50,0.002038204,5.249211038525602,0.9090909090909091,0.005440563894808292,False,2
2021-09-09,11,50,0.028236154,76.89010695172004,0.990909090909091,0.005440563894808292,True,2
2021-09-09,12,50,0.0022362617,5.790819261160527,0.9181818181818182,0.005440563894808292,False,2
2021-09-09,13,50,0.00015450902,0.09805981748659225,0.5727272727272728,0.005440563894808292,False,2
2021-09-09,14,50,1.2939009e-05,-0.2890774306266487,0.06818181818181818,0.005440563894808292,False,2
2021-09-09,15,50,1.6227521e-05,-0.28008466856554703,0.10909090909090909,0.005440563894808292,False,2
2021-09-09,16,50,0.34087616,931.8352434073028,0.9954545454545455,0.005440563894808292,True,2
2021-09-09,17,50,0.00018816379,0.1900921196293225,0.6090909090909091,0.005440563894808292,False,2
2021-09-09,18,50,0.00041458022,0.8092503399348258,0.75,0.005440563894808292,False,2
2021-09-09,19,50,9.197591e-05,-0.07294317556345555,0.4636363636363636,0.005440563894808292,False,2
2021-09-09,20,50,0.00038787324,0.7362174396237955,0.740909090909091,0.005440563894808292,False,2
2021-09-09,21,50,7.223216e-05,-0.1269344330761373,0.40454545454545454,0.005440563894808292,False,2
2021-09-09,22,50,0.000118517666,-0.0003621123280818275,0.5,0.005440563894808292,False,2
2021-09-14,1,50,0.0005021758,1.0487892118361895,0.7772727272727272,0.005440563894808292,False,2
2021-09-14,2,50,1.5328344e-05,-0.28254355841026846,0.10454545454545454,0.005440563894808292,False,2
2021-09-14,3,50,9.490983e-05,-0.06492007797208899,0.4681818181818182,0.005440563894808292,False,2
2021-09-14,4,50,5.359452e-06,-0.30980448152779944,0.0,0.005440563894808292,False,2
2021-09-14,5,50,9.683207e-05,-0.05966353488266686,0.4681818181818182,0.005440563894808292,False,2
2021-09-14,6,50,0.019878494,54.03525370789086,0.990909090909091,0.005440563894808292,True,2
2021-09-14,7,50,0.00014103309,0.06120854350311698,0.5636363636363636,0.005440563894808292,False,2
2021-09-14,8,50,7.3815194e-05,-0.12260546022891122,0.41363636363636364,0.005440563894808292,False,2
2021-09-14,9,50,0.006343732,17.023104794018433,0.9681818181818181,0.005440563894808292,True,2
2021-09-14,10,50,6.854852e-05,-0.13700769986366593,0.38636363636363635,0.005440563894808292,False,2
2021-09-14,11,50,2.1002917e-05,-0.2670258727313499,0.15,0.005440563894808292,False,2
2021-09-14,12,50,0.0020745718,5.34866207209769,0.9136363636363637,0.005440563894808292,False,2
2021-09-14,13,50,0.00022811812,0.29935121516347635,0.6545454545454545,0.005440563894808292,False,2
2021-09-14,14,50,0.0004889381,1.0125893998074962,0.7681818181818182,0.005440563894808292,False,2
2021-09-14,15,50,1.8397412e-05,-0.274150887180178,0.12272727272727273,0.005440563894808292,False,2
2021-09-14,16,50,0.00012474088,0.016655883746333623,0.5227272727272727,0.005440563894808292,False,2
2021-09-14,17,50,0.00012427274,0.015375721808435067,0.5227272727272727,0.005440563894808292,False,2
2021-09-14,18,50,0.00018917749,0.19286418555272788,0.6090909090909091,0.005440563894808292,False,2
2021-09-14,19,50,3.7908696e-05,-0.22079534328261635,0.2590909090909091,0.005440563894808292,False,2
2021-09-14,20,50,0.000113678485,-0.013595333708262535,0.4954545454545455,0.005440563894808292,False,2
2021-09-14,21,50,5.0183957e-05,-0.1872274240213991,0.32727272727272727,0.005440563894808292,False,2
2021-09-14,22,50,8.485618e-05,-0.0924127792434058,0.4409090909090909,0.005440563894808292,False,2
2021-09-15,1,50,2.7973492e-05,-0.247964144084753,0.19090909090909092,0.005440563894808292,False,2
2021-09-15,2,50,8.2648425e-05,-0.09845011367207279,0.43636363636363634,0.005440563894808292,False,2
2021-09-15,3,50,0.0045719347,12.177948846507737,0.9681818181818181,0.005440563894808292,False,2
2021-09-15,4,50,2.1093585e-05,-0.26677793337871336,0.15,0.005440563894808292,False,2
2021-09-15,5,50,0.00055534835,1.1941947561053243,0.8045454545454546,0.005440563894808292,False,2
2021-09-15,6,50,0.0011355025,2.7806838068358997,0.8772727272727273,0.005440563894808292,False,2
2021-09-15,7,50,1.980921e-05,-0.27029018618884937,0.1409090909090909,0.005440563894808292,False,2
2021-09-15,8,50,4.1490723e-05,-0.2109999357033991,0.2681818181818182,0.005440563894808292,False,2
2021-09-15,9,50,7.970189e-05,-0.10650771236384837,0.43636363636363634,0.005440563894808292,False,2
2021-09-15,10,50,2.4603165e-05,-0.25718063851966483,0.1590909090909091,0.005440563894808292,False,2
2021-09-15,11,50,0.0007528838,1.7343750231611519,0.8454545454545455,0.005440563894808292,False,2
2021-09-15,12,50,2.1529846e-05,-0.2655849344717357,0.15,0.005440563894808292,False,2
2021-09-15,13,50,1.174085e-05,-0.2923539159689089,0.05454545454545454,0.005440563894808292,False,2
2021-09-15,14,50,1.5473113e-05,-0.2821476712160135,0.10454545454545454,0.005440563894808292,False,2
2021-09-15,15,50,7.665683e-05,-0.11483473400870266,0.4318181818181818,0.005440563894808292,False,2
2021-09-15,16,50,0.0003320223,0.5834874748918192,0.7227272727272728,0.005440563894808292,False,2
2021-09-15,17,50,0.00023448412,0.3167596665979994,0.6545454545454545,0.005440563894808292,False,2
2021-09-15,18,50,0.00018508239,0.18166573322354396,0.6045454545454545,0.005440563894808292,False,2
2021-09-15,19,50,8.143894e-06,-0.30219014935285615,0.02727272727272727,0.005440563894808292,False,2
2021-09-15,20,50,0.0093041565,25.118679209136488,0.9772727272727273,0.005440563894808292,True,2
2021-09-15,21,50,1.1676343e-05,-0.29253031627510917,0.05454545454545454,0.005440563894808292,False,2
2021-09-15,22,50,0.00025403575,0.37022554835733623,0.6636363636363637,0.005440563894808292,False,2
2021-09-17,1,50,8.4110325e-06,-0.3014596323247177,0.02727272727272727,0.005440563894808292,False,2
2021-09-17,2,50,3.674735e-05,-0.22397115564748643,0.2545454545454545,0.005440563894808292,False,2
2021-09-17,3,50,9.4158735e-05,-0.06697402756564304,0.4681818181818182,0.005440563894808292,False,2
2021-09-17,4,50,0.003417893,9.022107485392768,0.95,0.005440563894808292,False,2
2021-09-17,5,50,3.9289982e-05,-0.21701807964109465,0.2681818181818182,0.005440563894808292,False,2
2021-09-17,6,50,8.934371e-05,-0.08014119147560579,0.4590909090909091,0.005440563894808292,False,2
2021-09-17,7,50,2.2482302e-05,-0.2629803501012097,0.15454545454545454,0.005440563894808292,False,2
2021-09-17,8,50,0.00013258336,0.03810191897647372,0.5318181818181819,0.005440563894808292,False,2
2021-09-17,9,50,4.395132e-05,-0.20427118648856524,0.2863636363636364,0.005440563894808292,False,2
2021-09-17,10,50,0.0013611459,3.397728068713458,0.8818181818181818,0.005440563894808292,False,2
2021-09-17,11,50,0.00041906323,0.8215095717722024,0.75,0.005440563894808292,False,2
2021-09-17,12,50,0.0060428265,16.20024837608802,0.9681818181818181,0.005440563894808292,True,2
2021-09-17,13,50,0.0024516867,6.379920098913501,0.9272727272727272,0.005440563894808292,False,2
2021-09-17,14,50,0.00018093284,0.17031837303077235,0.6045454545454545,0.005440563894808292,False,2
2021-09-17,15,50,0.00059725624,1.3087960306782431,0.8090909090909091,0.005440563894808292,False,2
2021-09-17,16,50,7.0714756e-05,-0.13108391663455732,0.39545454545454545,0.005440563894808292,False,2
2021-09-17,17,50,2.2044582e-05,-0.26417733832227736,0.15454545454545454,0.005440563894808292,False,2
2021-09-17,18,50,3.7959813e-05,-0.22065555811484036,0.2590909090909091,0.005440563894808292,False,2
2021-09-17,19,50,0.0012542331,3.1053643908631257,0.8772727272727273,0.005440563894808292,False,2
2021-09-17,20,50,0.00016291883,0.12105728801274886,0.5863636363636363,0.005440563894808292,False,2
2021-09-17,21,50,2.6824226e-05,-0.2511069277145141,0.19090909090909092,0.005440563894808292,False,2
2021-09-17,22,50,1.896486e-05,-0.27259914348332165,0.12727272727272726,0.005440563894808292,False,2
2021-09-09,1,60,3.3746266e-05,-0.25680489266646644,0.19545454545454546,0.006275201216340065,False,2
2021-09-09,2,60,0.0029996233,7.531174449693764,0.9545454545454546,0.006275201216340065,False,2
2021-09-09,3,60,1.676423e-05,-0.3013973499585092,0.11363636363636363,0.006275201216340065,False,2
2021-09-09,4,60,0.00050093164,0.9699587159390927,0.7863636363636364,0.006275201216340065,False,2
2021-09-09,5,60,0.0029080205,7.290638294726006,0.9454545454545454,0.006275201216340065,False,2
2021-09-09,6,60,9.7311844e-05,-0.08989055309499201,0.42727272727272725,0.006275201216340065,False,2
2021-09-09,7,60,0.00017008472,0.10120086841291413,0.5636363636363636,0.006275201216340065,False,2
2021-09-09,8,60,0.14227813,373.2571151779694,0.990909090909091,0.006275201216340065,True,2
2021-09-09,9,60,0.0008076756,1.7754255453884416,0.8454545454545455,0.006275201216340065,False,2
2021-09-09,10,60,0.0019723582,4.83371961454199,0.9318181818181818,0.006275201216340065,False,2
2021-09-09,11,60,0.0034098786,8.608447574450848,0.9545454545454546,0.006275201216340065,False,2
2021-09-09,12,60,0.0017515769,4.253978698996585,0.9181818181818182,0.006275201216340065,False,2
2021-09-09,13,60,0.00013125488,-0.0007608633911851768,0.4954545454545455,0.006275201216340065,False,2
2021-09-09,14,60,1.5271584e-05,-0.3053168309940408,0.1,0.006275201216340065,False,2
2021-09-09,15,60,1.3063666e-05,-0.3111145144110954,0.06818181818181818,0.006275201216340065,False,2
2021-09-09,16,60,0.43646523,1145.7513949178094,1.0,0.006275201216340065,True,2
2021-09-09,17,60,0.00012384664,-0.02021389195094074,0.4818181818181818,0.006275201216340065,False,2
2021-09-09,18,60,0.00027929907,0.38798251580863546,0.6863636363636364,0.006275201216340065,False,2
2021-09-09,19,60,0.000121214805,-0.027124711115412856,0.4772727272727273,0.006275201216340065,False,2
2021-09-09,20,60,0.00024552207,0.2992888170295686,0.6545454545454545,0.006275201216340065,False,2
2021-09-09,21,60,6.0202685e-05,-0.18733402802749127,0.32727272727272727,0.006275201216340065,False,2
2021-09-09,22,60,0.00017451105,0.1128237903702138,0.5681818181818182,0.006275201216340065,False,2
2021-09-14,1,60,0.0008013319,1.7587678644272273,0.8409090909090909,0.006275201216340065,False,2
2021-09-14,2,60,1.5343992e-05,-0.30512669634525547,0.1,0.006275201216340065,False,2
2021-09-14,3,60,8.1545295e-05,-0.13129131131034016,0.39090909090909093,0.006275201216340065,False,2
2021-09-14,4,60,6.0685234e-06,-0.3294827838895583,0.0,0.006275201216340065,False,2
2021-09-14,5,60,8.314334e-05,-0.12709506105773957,0.39545454545454545,0.006275201216340065,False,2
2021-09-14,6,60,0.0028809153,7.219463788861631,0.9454545454545454,0.006275201216340065,False,2
2021-09-14,7,60,0.0016212312,3.9117090865266024,0.9181818181818182,0.006275201216340065,False,2
2021-09-14,8,60,5.255125e-05,-0.20742562471509893,0.31363636363636366,0.006275201216340065,False,2
2021-09-14,9,60,0.0054527465,13.972733792443368,0.9681818181818181,0.006275201216340065,False,2
2021-09-14,10,60,2.0522304e-05,-0.2915291720629778,0.11818181818181818,0.006275201216340065,False,2
2021-09-14,11,60,8.6349655e-06,-0.3227436648101771,0.01818181818181818,0.006275201216340065,False,2
2021-09-14,12,60,0.00048077956,0.9170421802496149,0.7727272727272727,0.006275201216340065,False,2
2021-09-14,13,60,0.004145964,10.541305315942582,0.9636363636363636,0.006275201216340065,False,2
2021-09-14,14,60,0.00038854178,0.6748386370266458,0.740909090909091,0.006275201216340065,False,2
2021-09-14,15,60,1.8776298e-05,-0.29611394047738027,0.11818181818181818,0.006275201216340065,False,2
2021-09-14,16,60,0.0005452397,1.086305549891261,0.7909090909090909,0.006275201216340065,False,2
2021-09-14,17,60,6.635455e-05,-0.17118008662463335,0.35454545454545455,0.006275201216340065,False,2
2021-09-14,18,60,0.00034549288,0.5617982268008359,0.7227272727272728,0.006275201216340065,False,2
2021-09-14,19,60,0.00023563518,0.27332721965282014,0.6363636363636364,0.006275201216340065,False,2
2021-09-14,20,60,0.00014894013,0.04567813105631182,0.5454545454545454,0.006275201216340065,False,2
2021-09-14,21,60,4.2890795e-05,-0.23279263516946205,0.2636363636363636,0.006275201216340065,False,2
2021-09-14,22,60,9.107096e-05,-0.10627825212117131,0.41363636363636364,0.006275201216340065,False,2
2021-09-15,1,60,1.748861e-05,-0.29949522969184555,0.11363636363636363,0.006275201216340065,False,2
2021-09-15,2,60,4.7257487e-05,-0.22132631266942054,0.2818181818181818,0.006275201216340065,False,2
2021-09-15,3,60,0.0015169284,3.6378245550738404,0.9090909090909091,0.006275201216340065,False,2
2021-09-15,4,60,2.1438997e-05,-0.2891220655943188,0.12272727272727273,0.006275201216340065,False,2
2021-09-15,5,60,0.00040197908,0.7101231036233693,0.740909090909091,0.006275201216340065,False,2
2021-09-15,6,60,0.0068676565,17.688089952608244,0.9681818181818181,0.006275201216340065,True,2
2021-09-15,7,60,0.00010379303,-0.0728718708838669,0.45,0.006275201216340065,False,2
2021-09-15,8,60,1.9314793e-05,-0.29469992657125677,0.11818181818181818,0.006275201216340065,False,2
2021-09-15,9,60,0.00010783732,-0.06225212927211162,0.4590909090909091,0.006275201216340065,False,2
2021-09-15,10,60,0.00035398468,0.5840965069159872,0.7227272727272728,0.006275201216340065,False,2
2021-09-15,11,60,0.00062649895,1.2996809604883892,0.8136363636363636,0.006275201216340065,False,2
2021-09-15,12,60,2.1747488e-05,-0.28831200993172806,0.12727272727272726,0.006275201216340065,False,2
2021-09-15,13,60,7.708736e-06,-0.3251758140090991,0.00909090909090909,0.006275201216340065,False,2
2021-09-15,14,60,1.7013517e-05,-0.3007427569670232,0.11363636363636363,0.006275201216340065,False,2
2021-09-15,15,60,0.00021972238,0.2315424378797475,0.6227272727272727,0.006275201216340065,False,2
2021-09-15,16,60,0.0013066703,3.085715911332132,0.9045454545454545,0.006275201216340065,False,2
2021-09-15,17,60,0.00023842804,0.2806608850550813,0.6409090909090909,0.006275201216340065,False,2
2021-09-15,18,60,2.606971e-05,-0.2769624563858618,0.1409090909090909,0.006275201216340065,False,2
2021-09-15,19,60,1.0330326e-05,-0.31829188365828637,0.03636363636363636,0.006275201216340065,False,2
2021-09-15,20,60,0.007451225,19.220459651743365,0.9681818181818181,0.006275201216340065,True,2
2021-09-15,21,60,1.3890072e-05,-0.30894448756058857,0.08636363636363636,0.006275201216340065,False,2
2021-09-15,22,60,0.00034347907,0.5565102415166187,0.7227272727272728,0.006275201216340065,False,2
2021-09-17,1,60,1.2474768e-05,-0.3126608803168802,0.05454545454545454,0.006275201216340065,False,2
2021-09-17,2,60,3.582893e-05,-0.25133611061972444,0.22272727272727272,0.006275201216340065,False,2
2021-09-17,3,60,0.00032242513,0.501225522343207,0.7181818181818181,0.006275201216340065,False,2
2021-09-17,4,60,0.0027497592,6.875066265557563,0.9454545454545454,0.006275201216340065,False,2
2021-09-17,5,60,6.621795e-05,-0.17153877609093784,0.35454545454545455,0.006275201216340065,False,2
2021-09-17,6,60,7.0378184e-05,-0.16061458595220046,0.35909090909090907,0.006275201216340065,False,2
2021-09-17,7,60,4.0937146e-05,-0.23792264538964722,0.2590909090909091,0.006275201216340065,False,2
2021-09-17,8,60,0.00029905213,0.43985129767196324,0.6954545454545454,0.006275201216340065,False,2
2021-09-17,9,60,5.803286e-05,-0.19303168620407216,0.32272727272727275,0.006275201216340065,False,2
2021-09-17,10,60,0.0012600357,2.9632600076969022,0.8954545454545455,0.006275201216340065,False,2
2021-09-17,11,60,0.00030333266,0.4510913806218159,0.7,0.006275201216340065,False,2
2021-09-17,12,60,0.0086946,22.485389575372924,0.9727272727272728,0.006275201216340065,True,2
2021-09-17,13,60,0.0010816916,2.494953328623536,0.8772727272727273,0.006275201216340065,False,2
2021-09-17,14,60,0.0012916151,3.0461831124818946,0.9045454545454545,0.006275201216340065,False,2
2021-09-17,15,60,0.00021426864,0.21722168355965918,0.6136363636363636,0.006275201216340065,False,2
2021-09-17,16,60,5.1627932e-05,-0.2098501316541658,0.3090909090909091,0.006275201216340065,False,2
2021-09-17,17,60,1.844919e-05,-0.2969728827209823,0.11818181818181818,0.006275201216340065,False,2
2021-09-17,18,60,0.00043783514,0.8042761271526073,0.7545454545454545,0.006275201216340065,False,2
2021-09-17,19,60,0.0008846784,1.9776241509473182,0.8727272727272727,0.006275201216340065,False,2
2021-09-17,20,60,0.0007031608,1.500984351727826,0.8181818181818182,0.006275201216340065,False,2
2021-09-17,21,60,3.480354e-05,-0.2540286411647385,0.20454545454545456,0.006275201216340065,False,2
2021-09-17,22,60,1.3552716e-05,-0.30983033772349955,0.08181818181818182,0.006275201216340065,False,2
2021-09-09,1,65,4.171854e-05,-0.189446078783621,0.2818181818181818,0.005739344749599695,False,2
2021-09-09,2,65,0.0024874061,7.475770743669074,0.9590909090909091,0.005739344749599695,False,2
2021-09-09,3,65,3.6112993e-05,-0.20701485270154316,0.2636363636363636,0.005739344749599695,False,2
2021-09-09,4,65,0.0004438596,1.0709350445192178,0.8090909090909091,0.005739344749599695,False,2
2021-09-09,5,65,0.1293342,405.0360123686556,0.990909090909091,0.005739344749599695,True,2
2021-09-09,6,65,9.435342e-05,-0.024479077066899977,0.4772727272727273,0.005739344749599695,False,2
2021-09-09,7,65,0.000113197566,0.03458181103966642,0.5318181818181819,0.005739344749599695,False,2
2021-09-09,8,65,0.0898499,281.2852442334233,0.990909090909091,0.005739344749599695,True,2
2021-09-09,9,65,0.0015345176,4.489249866580839,0.9454545454545454,0.005739344749599695,False,2
2021-09-09,10,65,0.0022854123,6.8426863314485455,0.9590909090909091,0.005739344749599695,False,2
2021-09-09,11,65,0.0018616113,5.514419107975569,0.95,0.005739344749599695,False,2
2021-09-09,12,65,0.00049006287,1.2157442275327373,0.8272727272727273,0.005739344749599695,False,2
2021-09-09,13,65,7.014241e-05,-0.10036066080947563,0.39545454545454545,0.005739344749599695,False,2
2021-09-09,14,65,1.3633556e-05,-0.2774693798674306,0.07272727272727272,0.005739344749599695,False,2
2021-09-09,15,65,1.5821623e-05,-0.27061159179331934,0.09545454545454546,0.005739344749599695,False,2
2021-09-09,16,65,0.5733669,1796.7128588330224,0.9954545454545455,0.005739344749599695,True,2
2021-09-09,17,65,0.0001569222,0.17162251425331906,0.5909090909090909,0.005739344749599695,False,2
2021-09-09,18,65,0.00077333074,2.103555765418219,0.8863636363636364,0.005739344749599695,False,2
2021-09-09,19,65,0.00016074648,0.1836085049998054,0.5909090909090909,0.005739344749599695,False,2
2021-09-09,20,65,0.0017752267,5.243674539563755,0.95,0.005739344749599695,False,2
2021-09-09,21,65,7.358018e-05,-0.08958607137963111,0.4,0.005739344749599695,False,2
2021-09-09,22,65,0.00012373898,0.06762046619105391,0.5318181818181819,0.005739344749599695,False,2
2021-09-14,1,65,7.2193594e-05,-0.09393187839581557,0.39545454545454545,0.005739344749599695,False,2
2021-09-14,2,65,1.5306638e-05,-0.27222564574065927,0.09090909090909091,0.005739344749599695,False,2
2021-09-14,3,65,0.00026872204,0.5220229789696865,0.6954545454545454,0.005739344749599695,False,2
2021-09-14,4,65,1.0499651e-05,-0.2872915916107722,0.01818181818181818,0.005739344749599695,False,2
2021-09-14,5,65,8.31225e-05,-0.05967876617355202,0.43636363636363634,0.005739344749599695,False,2
2021-09-14,6,65,0.01519014,47.28838302321803,0.9863636363636363,0.005739344749599695,True,2
2021-09-14,7,65,0.0026373786,7.945811055937169,0.9590909090909091,0.005739344749599695,False,2
2021-09-14,8,65,3.9361687e-05,-0.1968328743559118,0.2681818181818182,0.005739344749599695,False,2
2021-09-14,9,65,0.0041008894,12.532712337940946,0.9590909090909091,0.005739344749599695,False,2
2021-09-14,10,65,2.0994807e-05,-0.2543979194555234,0.14545454545454545,0.005739344749599695,False,2
2021-09-14,11,65,9.628793e-06,-0.29002101295670296,0.013636363636363636,0.005739344749599695,False,2
2021-09-14,12,65,2.1807884e-05,-0.25184959145520813,0.15,0.005739344749599695,False,2
2021-09-14,13,65,0.006752766,20.844162448877796,0.9727272727272728,0.005739344749599695,True,2
2021-09-14,14,65,0.0009884123,2.7776593454472382,0.9090909090909091,0.005739344749599695,False,2
2021-09-14,15,65,1.8539333e-05,-0.26209380798922555,0.10454545454545454,0.005739344749599695,False,2
2021-09-14,16,65,0.00046398767,1.134019950477797,0.8227272727272728,0.005739344749599695,False,2
2021-09-14,17,65,9.93189e-05,-0.008916371597536313,0.4863636363636364,0.005739344749599695,False,2
2021-09-14,18,65,0.0004508598,1.092874903838165,0.8090909090909091,0.005739344749599695,False,2
2021-09-14,19,65,0.000258109,0.4887598627069006,0.6954545454545454,0.005739344749599695,False,2
2021-09-14,20,65,0.00012089783,0.05871579311532471,0.5318181818181819,0.005739344749599695,False,2
2021-09-14,21,65,3.957132e-05,-0.19617584158728327,0.2727272727272727,0.005739344749599695,False,2
2021-09-14,22,65,0.0001087592,0.020671196816617856,0.5181818181818182,0.005739344749599695,False,2
2021-09-15,1,65,1.51317745e-05,-0.2727736975429795,0.09090909090909091,0.005739344749599695,False,2
2021-09-15,2,65,3.6030022e-05,-0.20727489966728851,0.2636363636363636,0.005739344749599695,False,2
2021-09-15,3,65,0.0022049786,6.590592992283852,0.9590909090909091,0.005739344749599695,False,2
2021-09-15,4,65,3.0544234e-05,-0.22446832890746385,0.20454545454545456,0.005739344749599695,False,2
2021-09-15,5,65,0.0012984229,3.7492873942643827,0.9363636363636364,0.005739344749599695,False,2
2021-09-15,6,65,0.0017774979,5.250793078681313,0.95,0.005739344749599695,False,2
2021-09-15,7,65,4.160075e-05,-0.1898152549425592,0.2818181818181818,0.005739344749599695,False,2
2021-09-15,8,65,1.5699443e-05,-0.2709945245473455,0.09545454545454546,0.005739344749599695,False,2
2021-09-15,9,65,7.814515e-05,-0.07527864238471996,0.4090909090909091,0.005739344749599695,False,2
2021-09-15,10,65,0.0003102521,0.6521855214641608,0.7363636363636363,0.005739344749599695,False,2
2021-09-15,11,65,0.0009941392,2.7956085721693884,0.9090909090909091,0.005739344749599695,False,2
2021-09-15,12,65,1.5246497e-05,-0.27241413617791443,0.09090909090909091,0.005739344749599695,False,2
2021-09-15,13,65,4.9574887e-06,-0.30466170587200775,0.0,0.005739344749599695,False,2
2021-09-15,14,65,0.00018643933,0.26413442470393955,0.6272727272727273,0.005739344749599695,False,2
2021-09-15,15,65,0.00011776155,0.0488861386720712,0.5318181818181819,0.005739344749599695,False,2
2021-09-15,16,65,0.00036614476,0.8273629724904044,0.7681818181818182,0.005739344749599695,False,2
2021-09-15,17,65,0.00021840128,0.36430884413408055,0.6681818181818182,0.005739344749599695,False,2
2021-09-15,18,65,3.0121588e-05,-0.22579297556386027,0.20454545454545456,0.005739344749599695,False,2
2021-09-15,19,65,9.389845e-06,-0.2907699178885486,0.013636363636363636,0.005739344749599695,False,2
2021-09-15,20,65,0.0039471705,12.050929902357563,0.9590909090909091,0.005739344749599695,False,2
2021-09-15,21,65,2.3269416e-05,-0.24726889043537037,0.15,0.005739344749599695,False,2
2021-09-15,22,65,0.00038222104,0.8777488935839375,0.7772727272727272,0.005739344749599695,False,2
2021-09-17,1,65,1.5020851e-05,-0.2731213522984957,0.08636363636363636,0.005739344749599695,False,2
2021-09-17,2,65,2.2377935e-05,-0.2500629501050092,0.15,0.005739344749599695,False,2
2021-09-17,3,65,0.00010982052,0.02399754492951417,0.5227272727272727,0.005739344749599695,False,2
2021-09-17,4,65,0.00073839864,1.9940723783838534,0.8863636363636364,0.005739344749599695,False,2
2021-09-17,5,65,8.50262e-05,-0.053712223598157284,0.44545454545454544,0.005739344749599695,False,2
2021-09-17,6,65,7.2981165e-05,-0.0914634902945155,0.4,0.005739344749599695,False,2
2021-09-17,7,65,3.2895663e-05,-0.21709853381861788,0.2545454545454545,0.005739344749599695,False,2
2021-09-17,8,65,0.00014767883,0.14265218539034039,0.5772727272727273,0.005739344749599695,False,2
2021-09-17,9,65,9.766799e-05,-0.014090630073234372,0.4818181818181818,0.005739344749599695,False,2
2021-09-17,10,65,0.00085238105,2.3513133997990097,0.9045454545454545,0.005739344749599695,False,2
2021-09-17,11,65,0.00029251736,0.5966017168099546,0.7272727272727273,0.005739344749599695,False,2
2021-09-17,12,65,0.011422124,35.47875362728646,0.9818181818181818,0.005739344749599695,True,2
2021-09-17,13,65,0.0007418211,2.004798896694849,0.8863636363636364,0.005739344749599695,False,2
2021-09-17,14,65,0.0046782754,14.342342036027325,0.9636363636363636,0.005739344749599695,False,2
2021-09-17,15,65,0.00021161945,0.3430533825470534,0.6590909090909091,0.005739344749599695,False,2
2021-09-17,16,65,5.5777906e-05,-0.1453815440248969,0.3409090909090909,0.005739344749599695,False,2
2021-09-17,17,65,1.9279165e-05,-0.2597750435257557,0.12272727272727273,0.005739344749599695,False,2
2021-09-17,18,65,0.000108129236,0.01869676910686515,0.5181818181818182,0.005739344749599695,False,2
2021-09-17,19,65,0.001137169,3.24388899536045,0.9227272727272727,0.005739344749599695,False,2
2021-09-17,20,65,0.00023826667,0.42657047517203533,0.6863636363636364,0.005739344749599695,False,2
2021-09-17,21,65,2.4914832e-05,-0.24211186618551195,0.1590909090909091,0.005739344749599695,False,2
2021-09-17,22,65,1.3885158e-05,-0.27668081284191437,0.08636363636363636,0.005739344749599695,False,2
2021-09-09,1,70,1.4310211e-05,-0.3135511237139606,0.07727272727272727,0.0023960459511727095,False,2
2021-09-09,2,70,0.004730771,16.14750967572369,0.9772727272727273,0.0023960459511727095,True,2
2021-09-09,3,70,1.4431719e-05,-0.31312704327771007,0.07727272727272727,0.0023960459511727095,False,2
2021-09-09,4,70,0.00036067032,0.8952907089642462,0.7818181818181819,0.0023960459511727095,False,2
2021-09-09,5,70,0.41917706,1462.618929290539,0.9954545454545455,0.0023960459511727095,True,2
2021-09-09,6,70,9.0512614e-05,-0.047594826694815955,0.4727272727272727,0.0023960459511727095,False,2
2021-09-09,7,70,9.957741e-05,-0.015957511965154936,0.4909090909090909,0.0023960459511727095,False,2
2021-09-09,8,70,0.06795066,236.7931375405382,0.990909090909091,0.0023960459511727095,True,2
2021-09-09,9,70,0.00050062494,1.383750516907549,0.8272727272727273,0.0023960459511727095,False,2
2021-09-09,10,70,0.002755284,9.252804051745748,0.9681818181818181,0.0023960459511727095,True,2
2021-09-09,11,70,0.0017774302,5.839966816340715,0.9454545454545454,0.0023960459511727095,False,2
2021-09-09,12,70,0.00033419734,0.8028965328646863,0.7727272727272727,0.0023960459511727095,False,2
2021-09-09,13,70,7.035652e-05,-0.11794222903946337,0.4,0.0023960459511727095,False,2
2021-09-09,14,70,1.3824682e-05,-0.31524568057331487,0.06818181818181818,0.0023960459511727095,False,2
2021-09-09,15,70,2.0002459e-05,-0.29368443765259733,0.15,0.0023960459511727095,False,2
2021-09-09,16,70,0.50989145,1779.2239627539295,0.9954545454545455,0.0023960459511727095,True,2
2021-09-09,17,70,0.00026200115,0.5509224630344146,0.6909090909090909,0.0023960459511727095,False,2
2021-09-09,18,70,0.00089966547,2.7764538289170324,0.9,0.0023960459511727095,False,2
2021-09-09,19,70,9.966576e-05,-0.015649152160520794,0.4909090909090909,0.0023960459511727095,False,2
2021-09-09,20,70,0.0019635996,6.489722240804839,0.9590909090909091,0.0023960459511727095,False,2
2021-09-09,21,70,7.705971e-05,-0.0945472096197695,0.42727272727272725,0.0023960459511727095,False,2
2021-09-09,22,70,0.0001926677,0.30893972828220523,0.6227272727272727,0.0023960459511727095,False,2
2021-09-14,1,70,3.819759e-05,-0.230181058698081,0.2772727272727273,0.0023960459511727095,False,2
2021-09-14,2,70,9.950663e-06,-0.3287665107869509,0.022727272727272728,0.0023960459511727095,False,2
2021-09-14,3,70,0.0002694257,0.5768351489673792,0.6954545454545454,0.0023960459511727095,False,2
2021-09-14,4,70,1.3527575e-05,-0.3162826238992974,0.06818181818181818,0.0023960459511727095,False,2
2021-09-14,5,70,0.00013809676,0.11848002397832047,0.5454545454545454,0.0023960459511727095,False,2
2021-09-14,6,70,0.0054482,18.65143009144314,0.9772727272727273,0.0023960459511727095,True,2
2021-09-14,7,70,0.004744119,16.194096562258284,0.9772727272727273,0.0023960459511727095,True,2
2021-09-14,8,70,2.741451e-05,-0.26781541676814363,0.22272727272727272,0.0023960459511727095,False,2
2021-09-14,9,70,0.0037994967,12.897241821790512,0.9772727272727273,0.0023960459511727095,True,2
2021-09-14,10,70,2.544953e-05,-0.2746734513187957,0.19090909090909092,0.0023960459511727095,False,2
2021-09-14,11,70,8.052823e-06,-0.33539021867679125,0.01818181818181818,0.0023960459511727095,False,2
2021-09-14,12,70,2.1054897e-05,-0.2900112916177534,0.15,0.0023960459511727095,False,2
2021-09-14,13,70,0.00048009836,1.312110075536947,0.8181818181818182,0.0023960459511727095,False,2
2021-09-14,14,70,0.0020069527,6.641030077412932,0.9590909090909091,0.0023960459511727095,False,2
2021-09-14,15,70,1.6893971e-05,-0.30453346271595744,0.10454545454545454,0.0023960459511727095,False,2
2021-09-14,16,70,0.00032728523,0.7787723998230988,0.7636363636363637,0.0023960459511727095,False,2
2021-09-14,17,70,5.1946914e-05,-0.182194135358,0.33636363636363636,0.0023960459511727095,False,2
2021-09-14,18,70,0.00030361128,0.696147208604008,0.7227272727272728,0.0023960459511727095,False,2
2021-09-14,19,70,0.00019508359,0.3173714631163897,0.6227272727272727,0.0023960459511727095,False,2
2021-09-14,20,70,0.00015607236,0.1812172140153188,0.5818181818181818,0.0023960459511727095,False,2
2021-09-14,21,70,3.0490162e-05,-0.257080988650214,0.23636363636363636,0.0023960459511727095,False,2
2021-09-14,22,70,0.00010387174,-0.0009697475269182756,0.5,0.0023960459511727095,False,2
2021-09-15,1,70,5.653609e-05,-0.16617731561686522,0.35909090909090907,0.0023960459511727095,False,2
2021-09-15,2,70,0.00010374296,-0.0014191966072295398,0.5,0.0023960459511727095,False,2
2021-09-15,3,70,0.0069814096,24.0025316840223,0.9772727272727273,0.0023960459511727095,True,2
2021-09-15,4,70,2.287291e-05,-0.2836661912426596,0.17272727272727273,0.0023960459511727095,False,2
2021-09-15,5,70,0.0007215982,2.154975986365941,0.8727272727272727,0.0023960459511727095,False,2
2021-09-15,6,70,0.0015294019,4.974315749311008,0.9272727272727272,0.0023960459511727095,False,2
2021-09-15,7,70,0.000106535386,0.00832673048664579,0.5,0.0023960459511727095,False,2
2021-09-15,8,70,2.7093889e-05,-0.2689344241024973,0.20909090909090908,0.0023960459511727095,False,2
2021-09-15,9,70,6.362665e-05,-0.14143034300282756,0.37272727272727274,0.0023960459511727095,False,2
2021-09-15,10,70,0.0003102521,0.7193245503291187,0.7318181818181818,0.0023960459511727095,False,2
2021-09-15,11,70,0.0005988528,1.7265785636386102,0.8545454545454545,0.0023960459511727095,False,2
2021-09-15,12,70,1.2651774e-05,-0.31933928204547074,0.05454545454545454,0.0023960459511727095,False,2
2021-09-15,13,70,4.9119994e-06,-0.3463521027810995,0.0,0.0023960459511727095,False,2
2021-09-15,14,70,0.00035663304,0.8812000651039652,0.7818181818181819,0.0023960459511727095,False,2
2021-09-15,15,70,0.00012335693,0.06703612135271184,0.5318181818181819,0.0023960459511727095,False,2
2021-09-15,16,70,0.00044984557,1.2065238997973475,0.8136363636363636,0.0023960459511727095,False,2
2021-09-15,17,70,0.00018402112,0.278762012074389,0.6045454545454545,0.0023960459511727095,False,2
2021-09-15,18,70,3.11269e-05,-0.2548586928910898,0.23636363636363636,0.0023960459511727095,False,2
2021-09-15,19,70,7.761598e-06,-0.33640663409722565,0.00909090909090909,0.0023960459511727095,False,2
2021-09-15,20,70,0.00049021025,1.3474018970774875,0.8181818181818182,0.0023960459511727095,False,2
2021-09-15,21,70,2.6816757e-05,-0.2699016512711343,0.20909090909090908,0.0023960459511727095,False,2
2021-09-15,22,70,4.2891654e-05,-0.2137981712007325,0.31363636363636366,0.0023960459511727095,False,2
2021-09-17,1,70,1.6678185e-05,-0.30528658640087364,0.10454545454545454,0.0023960459511727095,False,2
2021-09-17,2,70,3.665719e-05,-0.23555725589802326,0.2727272727272727,0.0023960459511727095,False,2
2021-09-17,3,70,8.791206e-05,-0.05667108760998694,0.4636363636363636,0.0023960459511727095,False,2
2021-09-17,4,70,0.00068363204,2.022469082957006,0.8681818181818182,0.0023960459511727095,False,2
2021-09-17,5,70,7.8944184e-05,-0.08797015375217149,0.4409090909090909,0.0023960459511727095,False,2
2021-09-17,6,70,0.000156832,0.18386845316898948,0.5818181818181818,0.0023960459511727095,False,2
2021-09-17,7,70,3.376616e-05,-0.24564733569323305,0.2545454545454545,0.0023960459511727095,False,2
2021-09-17,8,70,0.00022998556,0.43918387053230584,0.6590909090909091,0.0023960459511727095,False,2
2021-09-17,9,70,9.553072e-05,-0.030080990316697778,0.4818181818181818,0.0023960459511727095,False,2
2021-09-17,10,70,0.00059017836,1.6963035882648754,0.85,0.0023960459511727095,False,2
2021-09-17,11,70,0.00053215196,1.4937838997513209,0.8318181818181818,0.0023960459511727095,False,2
2021-09-17,12,70,0.008716632,30.058682289078906,0.9818181818181818,0.0023960459511727095,True,2
2021-09-17,13,70,0.0007388523,2.2151950020089064,0.8772727272727273,0.0023960459511727095,False,2
2021-09-17,14,70,0.0074999644,25.812355434320185,0.9772727272727273,0.0023960459511727095,True,2
2021-09-17,15,70,0.00012670405,0.07871798833508989,0.5363636363636364,0.0023960459511727095,False,2
2021-09-17,16,70,2.981781e-05,-0.25942758822583206,0.23636363636363636,0.0023960459511727095,False,2
2021-09-17,17,70,4.3218897e-05,-0.21265604894319934,0.31363636363636366,0.0023960459511727095,False,2
2021-09-17,18,70,0.00016373348,0.20795551091495273,0.5863636363636363,0.0023960459511727095,False,2
2021-09-17,19,70,0.002049336,6.788953396623212,0.9590909090909091,0.0023960459511727095,False,2
2021-09-17,20,70,0.00014633957,0.14724852343588002,0.5545454545454546,0.0023960459511727095,False,2
2021-09-17,21,70,0.00017136047,0.23457470977590317,0.5909090909090909,0.0023960459511727095,False,2
2021-09-17,22,70,1.2976922e-05,-0.31820447327091,0.05454545454545454,0.0023960459511727095,False,2
2021-09-09,1,75,1.8515057e-05,-0.2612842074407588,0.15454545454545454,0.002490036888048053,False,2
2021-09-09,2,75,0.0025175414,9.568945874002429,0.9681818181818181,0.002490036888048053,True,2
2021-09-09,3,75,1.34127595e-05,-0.28135472593024724,0.08181818181818182,0.002490036888048053,False,2
2021-09-09,4,75,0.00033902292,0.9994732434056406,0.7772727272727272,0.002490036888048053,False,2
2021-09-09,5,75,0.6731997,2647.7804498177256,1.0,0.002490036888048053,True,2
2021-09-09,6,75,0.00011182836,0.10577525137121124,0.5727272727272728,0.002490036888048053,False,2
2021-09-09,7,75,9.111325e-05,0.024289798132878862,0.5181818181818182,0.002490036888048053,False,2
2021-09-09,8,75,0.03576755,140.36198444700506,0.9954545454545455,0.002490036888048053,True,2
2021-09-09,9,75,0.00033541102,0.9852653798090992,0.7727272727272727,0.002490036888048053,False,2
2021-09-09,10,75,0.0011798954,4.30714927049469,0.9136363636363637,0.002490036888048053,False,2
2021-09-09,11,75,0.0021527829,8.134122918107677,0.9590909090909091,0.002490036888048053,False,2
2021-09-09,12,75,0.00031787588,0.9162887115267957,0.7681818181818182,0.002490036888048053,False,2
2021-09-09,13,75,7.13992e-05,-0.05325787972136727,0.4318181818181818,0.002490036888048053,False,2
2021-09-09,14,75,1.1329295e-05,-0.2895502903540148,0.05454545454545454,0.002490036888048053,False,2
2021-09-09,15,75,1.7825714e-05,-0.26399582132265487,0.14545454545454545,0.002490036888048053,False,2
2021-09-09,16,75,0.6307798,2480.916471026543,1.0,0.002490036888048053,True,2
2021-09-09,17,75,0.00023360155,0.5847851743632588,0.7045454545454546,0.002490036888048053,False,2
2021-09-09,18,75,0.00015077286,0.25896826293754993,0.6181818181818182,0.002490036888048053,False,2
2021-09-09,19,75,2.7270913e-05,-0.22684196007432084,0.18636363636363637,0.002490036888048053,False,2
2021-09-09,20,75,0.0006495942,2.221143785810738,0.8590909090909091,0.002490036888048053,False,2
2021-09-09,21,75,7.799886e-05,-0.027297280379068693,0.4727272727272727,0.002490036888048053,False,2
2021-09-09,22,75,0.00014229814,0.22563191928373297,0.6090909090909091,0.002490036888048053,False,2
2021-09-14,1,75,3.0812833e-05,-0.21290937927292994,0.22272727272727272,0.002490036888048053,False,2
2021-09-14,2,75,1.5134358e-05,-0.2745826031684311,0.11363636363636363,0.002490036888048053,False,2
2021-09-14,3,75,0.00024284612,0.6211498362651234,0.7090909090909091,0.002490036888048053,False,2
2021-09-14,4,75,8.423667e-06,-0.3009799392770073,0.013636363636363636,0.002490036888048053,False,2
2021-09-14,5,75,9.370398e-05,0.03448074960750843,0.5227272727272727,0.002490036888048053,False,2
2021-09-14,6,75,0.0067259637,26.12329680487174,0.9863636363636363,0.002490036888048053,True,2
2021-09-14,7,75,0.004046432,15.58302746942425,0.9772727272727273,0.002490036888048053,True,2
2021-09-14,8,75,8.872774e-05,0.014906098625833837,0.5045454545454545,0.002490036888048053,False,2
2021-09-14,9,75,0.0037540188,14.432783084838551,0.9772727272727273,0.002490036888048053,True,2
2021-09-14,10,75,3.3315042e-05,-0.20306662944473303,0.23636363636363636,0.002490036888048053,False,2
2021-09-14,11,75,3.478443e-05,-0.19728661377000634,0.25,0.002490036888048053,False,2
2021-09-14,12,75,2.1807884e-05,-0.2483314625234401,0.16363636363636364,0.002490036888048053,False,2
2021-09-14,13,75,0.00045099325,1.4399223956241791,0.8181818181818182,0.002490036888048053,False,2
2021-09-14,14,75,0.0048209517,18.629696052998316,0.9772727272727273,0.002490036888048053,True,2
2021-09-14,15,75,1.17043155e-05,-0.2880751021379988,0.06363636363636363,0.002490036888048053,False,2
2021-09-14,16,75,0.0001803603,0.375354105150479,0.65,0.002490036888048053,False,2
2021-09-14,17,75,4.6494344e-05,-0.15122420973694056,0.32272727272727275,0.002490036888048053,False,2
2021-09-14,18,75,0.0010389878,3.7528717808077503,0.9045454545454545,0.002490036888048053,False,2
2021-09-14,19,75,0.00028150188,0.7732070853840359,0.740909090909091,0.002490036888048053,False,2
2021-09-14,20,75,6.0079667e-05,-0.09778465896915448,0.38636363636363635,0.002490036888048053,False,2
2021-09-14,21,75,0.00015446013,0.2734725816264594,0.6318181818181818,0.002490036888048053,False,2
2021-09-14,22,75,0.00013378946,0.19216197335426682,0.6,0.002490036888048053,False,2
2021-09-15,1,75,8.814097e-05,0.012597967623321663,0.5045454545454545,0.002490036888048053,False,2
2021-09-15,2,75,0.00019706378,0.44105934941580505,0.6636363636363637,0.002490036888048053,False,2
2021-09-15,3,75,0.0038807788,14.931409216332462,0.9772727272727273,0.002490036888048053,True,2
2021-09-15,4,75,2.6211479e-05,-0.2310093751025097,0.18636363636363637,0.002490036888048053,False,2
2021-09-15,5,75,0.0005922119,1.9954234852443988,0.8545454545454545,0.002490036888048053,False,2
2021-09-15,6,75,0.0013995343,5.171126222785579,0.9181818181818182,0.002490036888048053,False,2
2021-09-15,7,75,0.00013198698,0.18507166509567244,0.6,0.002490036888048053,False,2
2021-09-15,8,75,1.9200726e-05,-0.2585870399488871,0.15454545454545454,0.002490036888048053,False,2
2021-09-15,9,75,0.00013169493,0.183922880147085,0.6,0.002490036888048053,False,2
2021-09-15,10,75,0.00017060612,0.3369848366962434,0.6454545454545455,0.002490036888048053,False,2
2021-09-15,11,75,0.0026683183,10.162045643458722,0.9681818181818181,0.002490036888048053,True,2
2021-09-15,12,75,8.075494e-06,-0.3023495200172604,0.00909090909090909,0.002490036888048053,False,2
2021-09-15,13,75,1.344684e-05,-0.2812206657204913,0.08181818181818182,0.002490036888048053,False,2
2021-09-15,14,75,0.00029734607,0.8355321462820274,0.75,0.002490036888048053,False,2
2021-09-15,15,75,6.2822844e-05,-0.08699402847127317,0.39090909090909093,0.002490036888048053,False,2
2021-09-15,16,75,0.00029651972,0.8322816155086712,0.75,0.002490036888048053,False,2
2021-09-15,17,75,0.00027411262,0.744140519341711,0.7272727272727273,0.002490036888048053,False,2
2021-09-15,18,75,2.9330244e-05,-0.21874132753745215,0.20454545454545456,0.002490036888048053,False,2
2021-09-15,19,75,7.115482e-06,-0.30612584858543995,0.004545454545454545,0.002490036888048053,False,2
2021-09-15,20,75,0.00061350875,2.079197263835126,0.8590909090909091,0.002490036888048053,False,2
2021-09-15,21,75,1.7131426e-05,-0.26672689024886814,0.1409090909090909,0.002490036888048053,False,2
2021-09-15,22,75,6.89625e-05,-0.06284292713098125,0.4090909090909091,0.002490036888048053,False,2
2021-09-17,1,75,1.621363e-05,-0.2703371568839712,0.12272727272727273,0.002490036888048053,False,2
2021-09-17,2,75,1.9569079e-05,-0.25713807919331416,0.15454545454545454,0.002490036888048053,False,2
2021-09-17,3,75,0.000105419014,0.08056328843083108,0.5454545454545454,0.002490036888048053,False,2
2021-09-17,4,75,0.00028458115,0.7853197859585933,0.740909090909091,0.002490036888048053,False,2
2021-09-17,5,75,3.0612762e-05,-0.21369638196673088,0.22272727272727272,0.002490036888048053,False,2
2021-09-17,6,75,7.175933e-05,-0.051841260562084705,0.4409090909090909,0.002490036888048053,False,2
2021-09-17,7,75,3.3495093e-05,-0.2023583771068551,0.23636363636363636,0.002490036888048053,False,2
2021-09-17,8,75,0.00023418004,0.5870607634233089,0.7045454545454546,0.002490036888048053,False,2
2021-09-17,9,75,3.9825994e-05,-0.17745499020223146,0.2727272727272727,0.002490036888048053,False,2
2021-09-17,10,75,0.00042562847,1.3401469110571793,0.8090909090909091,0.002490036888048053,False,2
2021-09-17,11,75,0.00035821408,1.0749640243566994,0.8,0.002490036888048053,False,2
2021-09-17,12,75,0.0058951443,22.85516579205605,0.9818181818181818,0.002490036888048053,True,2
2021-09-17,13,75,0.0006437095,2.1979956746477916,0.8590909090909091,0.002490036888048053,False,2
2021-09-17,14,75,0.00014528887,0.23739630372833098,0.6090909090909091,0.002490036888048053,False,2
2021-09-17,15,75,0.00016548086,0.3168240014370258,0.6454545454545455,0.002490036888048053,False,2
2021-09-17,16,75,2.9495008e-05,-0.21809320767196902,0.20909090909090908,0.002490036888048053,False,2
2021-09-17,17,75,1.964621e-05,-0.25683467638192,0.15454545454545454,0.002490036888048053,False,2
2021-09-17,18,75,0.000102090235,0.0674691205819461,0.5409090909090909,0.002490036888048053,False,2
2021-09-17,19,75,0.0006622176,2.2707996417109237,0.8590909090909091,0.002490036888048053,False,2
2021-09-17,20,75,3.384605e-05,-0.20097784887936207,0.2409090909090909,0.002490036888048053,False,2
2021-09-17,21,75,6.235242e-05,-0.08884451157583544,0.39090909090909093,0.002490036888048053,False,2
2021-09-17,22,75,1.0232035e-05,-0.29386650176841095,0.03636363636363636,0.002490036888048053,False,2
2021-09-09,1,80,2.4662904e-05,-0.22891596505418332,0.19090909090909092,0.002491035033017397,False,2
2021-09-09,2,80,0.0004067912,1.073661437706021,0.7818181818181819,0.002491035033017397,False,2
2021-09-09,3,80,2.035536e-05,-0.24359927633337963,0.14545454545454545,0.002491035033017397,False,2
2021-09-09,4,80,0.00033873957,0.8416908923628338,0.759090909090909,0.002491035033017397,False,2
2021-09-09,5,80,0.94597334,3224.2676715915068,1.0,0.002491035033017397,True,2
2021-09-09,6,80,0.0001545622,0.21387746612713412,0.6090909090909091,0.002491035033017397,False,2
2021-09-09,7,80,0.00010549243,0.046611167635617005,0.5363636363636364,0.002491035033017397,False,2
2021-09-09,8,80,0.015776422,53.464793276901254,0.990909090909091,0.002491035033017397,True,2
2021-09-09,9,80,0.00038776177,1.0087950113955624,0.7681818181818182,0.002491035033017397,False,2
2021-09-09,10,80,0.0012919374,4.0908980895866165,0.9227272727272727,0.002491035033017397,False,2
2021-09-09,11,80,0.0022397863,7.32187203979937,0.9681818181818181,0.002491035033017397,False,2
2021-09-09,12,80,0.00035862686,0.9094815589101786,0.7636363636363637,0.002491035033017397,False,2
2021-09-09,13,80,7.01061e-05,-0.0740117579859603,0.43636363636363634,0.002491035033017397,False,2
2021-09-09,14,80,1.1783677e-05,-0.2728179495086039,0.05454545454545454,0.002491035033017397,False,2
2021-09-09,15,80,2.1671218e-05,-0.2391138572904221,0.1590909090909091,0.002491035033017397,False,2
2021-09-09,16,80,0.56251466,1917.1553304148842,0.9954545454545455,0.002491035033017397,True,2
2021-09-09,17,80,0.00026582877,0.593156663007212,0.7136363636363636,0.002491035033017397,False,2
2021-09-09,18,80,1.7404354e-05,-0.25365850128806366,0.12272727272727273,0.002491035033017397,False,2
2021-09-09,19,80,4.0574723e-05,-0.17467665222385298,0.32272727272727275,0.002491035033017397,False,2
2021-09-09,20,80,0.00017475833,0.28272087304880783,0.6272727272727273,0.002491035033017397,False,2
2021-09-09,21,80,8.772791e-05,-0.013943527160542306,0.4863636363636364,0.002491035033017397,False,2
2021-09-09,22,80,0.00012661504,0.11861272127465317,0.5681818181818182,0.002491035033017397,False,2
2021-09-14,1,80,4.7425387e-05,-0.1513244966857906,0.34545454545454546,0.002491035033017397,False,2
2021-09-14,2,80,1.0313662e-05,-0.27782885517193895,0.03636363636363636,0.002491035033017397,False,2
2021-09-14,3,80,0.00036653224,0.9364289942075283,0.7681818181818182,0.002491035033017397,False,2
2021-09-14,4,80,7.4592563e-06,-0.28755879183644556,0.004545454545454545,0.002491035033017397,False,2
2021-09-14,5,80,0.00018531283,0.3186984725164009,0.65,0.002491035033017397,False,2
2021-09-14,6,80,0.0056836507,19.06112315996519,0.9818181818181818,0.002491035033017397,True,2
2021-09-14,7,80,0.005712932,19.160935427754925,0.9818181818181818,0.002491035033017397,True,2
2021-09-14,8,80,7.072258e-05,-0.0719103447447565,0.4409090909090909,0.002491035033017397,False,2
2021-09-14,9,80,0.004306571,14.36701161920087,0.9772727272727273,0.002491035033017397,True,2
2021-09-14,10,80,7.404389e-05,-0.060588834576710215,0.44545454545454544,0.002491035033017397,False,2
2021-09-14,11,80,4.6572226e-05,-0.15423270251067084,0.33636363636363636,0.002491035033017397,False,2
2021-09-14,12,80,2.2901568e-05,-0.23491990987916397,0.16363636363636364,0.002491035033017397,False,2
2021-09-14,13,80,0.00038424353,0.9968022136863677,0.7681818181818182,0.002491035033017397,False,2
2021-09-14,14,80,0.0073329937,24.68331053514007,0.990909090909091,0.002491035033017397,True,2
2021-09-14,15,80,1.8048671e-05,-0.2514621898737157,0.12727272727272726,0.002491035033017397,False,2
2021-09-14,16,80,0.00014392174,0.1776068573116091,0.5909090909090909,0.002491035033017397,False,2
2021-09-14,17,80,5.7033303e-05,-0.118573571515409,0.38181818181818183,0.002491035033017397,False,2
2021-09-14,18,80,0.00040130428,1.0549579471503177,0.7772727272727272,0.002491035033017397,False,2
2021-09-14,19,80,0.0002805831,0.6434504006001905,0.7272727272727273,0.002491035033017397,False,2
2021-09-14,20,80,4.7785845e-05,-0.15009578701032938,0.34545454545454546,0.002491035033017397,False,2
2021-09-14,21,80,0.00010518776,0.04557263873550221,0.5363636363636364,0.002491035033017397,False,2
2021-09-14,22,80,2.7910924e-05,-0.21784429657112037,0.22272727272727272,0.002491035033017397,False,2
2021-09-15,1,80,5.1452913e-05,-0.13759569175562927,0.36363636363636365,0.002491035033017397,False,2
2021-09-15,2,80,0.00022269029,0.4461086295698702,0.6818181818181818,0.002491035033017397,False,2
2021-09-15,3,80,0.0076403916,25.73115124951442,0.990909090909091,0.002491035033017397,True,2
2021-09-15,4,80,2.3676366e-05,-0.23227882024500893,0.18181818181818182,0.002491035033017397,False,2
2021-09-15,5,80,0.0004496874,1.2198835687152154,0.7909090909090909,0.002491035033017397,False,2
2021-09-15,6,80,0.001404754,4.475460879441863,0.9318181818181818,0.002491035033017397,False,2
2021-09-15,7,80,5.084157e-05,-0.13967960727421871,0.35909090909090907,0.002491035033017397,False,2
2021-09-15,8,80,2.3759058e-05,-0.23199694693882583,0.18181818181818182,0.002491035033017397,False,2
2021-09-15,9,80,0.00032196374,0.7845064003128855,0.75,0.002491035033017397,False,2
2021-09-15,10,80,6.7914e-05,-0.08148406680134457,0.4318181818181818,0.002491035033017397,False,2
2021-09-15,11,80,0.0009798948,3.0272246520515544,0.9045454545454545,0.002491035033017397,False,2
2021-09-15,12,80,1.0182215e-05,-0.27827692274038074,0.03636363636363636,0.002491035033017397,False,2
2021-09-15,13,80,8.631368e-06,-0.28356336483090816,0.013636363636363636,0.002491035033017397,False,2
2021-09-15,14,80,0.00014908222,0.19519758695616332,0.5909090909090909,0.002491035033017397,False,2
2021-09-15,15,80,6.666641e-05,-0.08573676985381236,0.4318181818181818,0.002491035033017397,False,2
2021-09-15,16,80,0.0003037885,0.7225516148869557,0.7363636363636363,0.002491035033017397,False,2
2021-09-15,17,80,2.3294973e-05,-0.23357889111450578,0.17727272727272728,0.002491035033017397,False,2
2021-09-15,18,80,3.5226945e-05,-0.19290585652930217,0.2681818181818182,0.002491035033017397,False,2
2021-09-15,19,80,6.0537723e-06,-0.2923497265726622,0.004545454545454545,0.002491035033017397,False,2
2021-09-15,20,80,0.001187419,3.734621738641056,0.9227272727272727,0.002491035033017397,False,2
2021-09-15,21,80,1.6830403e-05,-0.2556149537720027,0.10909090909090909,0.002491035033017397,False,2
2021-09-15,22,80,5.179264e-05,-0.13643765502218028,0.36818181818181817,0.002491035033017397,False,2
2021-09-17,1,80,1.6273703e-05,-0.2575126010109827,0.1,0.002491035033017397,False,2
2021-09-17,2,80,3.8002225e-05,-0.18344564025236626,0.3090909090909091,0.002491035033017397,False,2
2021-09-17,3,80,0.00014686324,0.18763366001556653,0.5909090909090909,0.002491035033017397,False,2
2021-09-17,4,80,0.00029619367,0.696662822810118,0.7363636363636363,0.002491035033017397,False,2
2021-09-17,5,80,2.8130471e-05,-0.21709591860287616,0.22272727272727272,0.002491035033017397,False,2
2021-09-17,6,80,0.000116645504,0.08462914293073003,0.5590909090909091,0.002491035033017397,False,2
2021-09-17,7,80,3.532582e-05,-0.1925688238537437,0.2727272727272727,0.002491035033017397,False,2
2021-09-17,8,80,0.00022692671,0.4605495211250929,0.6954545454545454,0.002491035033017397,False,2
2021-09-17,9,80,0.0008809323,2.689887012641534,0.8954545454545455,0.002491035033017397,False,2
2021-09-17,10,80,0.00033869856,0.8415511089969167,0.759090909090909,0.002491035033017397,False,2
2021-09-17,11,80,0.00080215815,2.4213660437322404,0.8818181818181818,0.002491035033017397,False,2
2021-09-17,12,80,0.0099398205,33.56931509827579,0.990909090909091,0.002491035033017397,True,2
2021-09-17,13,80,0.00056023186,1.5967013283406664,0.8363636363636363,0.002491035033017397,False,2
2021-09-17,14,80,0.00011920225,0.093344422499539,0.5636363636363636,0.002491035033017397,False,2
2021-09-17,15,80,0.00018517276,0.3182209868243079,0.65,0.002491035033017397,False,2
2021-09-17,16,80,2.9794246e-05,-0.21142453591553587,0.2409090909090909,0.002491035033017397,False,2
2021-09-17,17,80,1.9355173e-05,-0.24700865984117834,0.1409090909090909,0.002491035033017397,False,2
2021-09-17,18,80,0.00032880894,0.8078399048411592,0.75,0.002491035033017397,False,2
2021-09-17,19,80,0.00017002894,0.2665996048776136,0.6272727272727273,0.002491035033017397,False,2
2021-09-17,20,80,1.9649096e-05,-0.24600675090908636,0.1409090909090909,0.002491035033017397,False,2
2021-09-17,21,80,0.00063955336,1.8670879934738331,0.85,0.002491035033017397,False,2
2021-09-17,22,80,8.606609e-06,-0.2836477594101087,0.013636363636363636,0.002491035033017397,False,2
2021-09-09,1,100,7.134863e-05,-0.11291996279682143,0.4318181818181818,0.002067975467070937,False,2
2021-09-09,2,100,0.00033608932,0.79184733063986,0.7636363636363637,0.002067975467070937,False,2
2021-09-09,3,100,8.599636e-06,-0.3273684392015578,0.02727272727272727,0.002067975467070937,False,2
2021-09-09,4,100,0.0040881843,13.614858727892157,0.9863636363636363,0.002067975467070937,True,2
2021-09-09,5,100,0.9748282,3331.1774550520727,1.0,0.002067975467070937,True,2
2021-09-09,6,100,0.00026256204,0.5405634192994598,0.7227272727272728,0.002067975467070937,False,2
2021-09-09,7,100,3.0208264e-05,-0.25351964670675314,0.23636363636363636,0.002067975467070937,False,2
2021-09-09,8,100,0.00026355902,0.5439706614725934,0.7227272727272728,0.002067975467070937,False,2
2021-09-09,9,100,0.00020746251,0.3522574401422799,0.6590909090909091,0.002067975467070937,False,2
2021-09-09,10,100,0.0019085212,6.165728181967878,0.9590909090909091,0.002067975467070937,False,2
2021-09-09,11,100,0.0013122944,4.128087156212405,0.9318181818181818,0.002067975467070937,False,2
2021-09-09,12,100,0.00019434135,0.30741509551026114,0.6454545454545455,0.002067975467070937,False,2
2021-09-09,13,100,0.0017841035,5.740523137582692,0.9545454545454546,0.002067975467070937,False,2
2021-09-09,14,100,1.102224e-05,-0.319089044497916,0.05,0.002067975467070937,False,2
2021-09-09,15,100,4.8065318e-05,-0.19249208739004006,0.33636363636363636,0.002067975467070937,False,2
2021-09-09,16,100,0.47171974,1611.7739590823285,1.0,0.002067975467070937,True,2
2021-09-09,17,100,0.00038149898,0.9470375835013155,0.7772727272727272,0.002067975467070937,False,2
2021-09-09,18,100,4.942637e-05,-0.1878406115042856,0.33636363636363636,0.002067975467070937,False,2
2021-09-09,19,100,0.00014536176,0.14002437734518278,0.5863636363636363,0.002067975467070937,False,2
2021-09-09,20,100,6.2581275e-05,-0.14288292581653877,0.40454545454545454,0.002067975467070937,False,2
2021-09-09,21,100,5.4030712e-05,-0.17210499319629818,0.35909090909090907,0.002067975467070937,False,2
2021-09-09,22,100,0.00014777039,0.14825602617308245,0.5909090909090909,0.002067975467070937,False,2
2021-09-14,1,100,4.0823394e-05,-0.21724180129321544,0.2863636363636364,0.002067975467070937,False,2
2021-09-14,2,100,1.6943763e-05,-0.2988518831085601,0.11818181818181818,0.002067975467070937,False,2
2021-09-14,3,100,0.0003662989,0.8950903690861876,0.7681818181818182,0.002067975467070937,False,2
2021-09-14,4,100,1.3203267e-05,-0.3116352515474881,0.07727272727272727,0.002067975467070937,False,2
2021-09-14,5,100,0.00012336187,0.06483842058682059,0.5454545454545454,0.002067975467070937,False,2
2021-09-14,6,100,0.0022059672,7.182267983057025,0.9727272727272728,0.002067975467070937,True,2
2021-09-14,7,100,0.004149176,13.823302059323664,0.9863636363636363,0.002067975467070937,True,2
2021-09-14,8,100,6.01062e-05,-0.15134165118230813,0.38636363636363635,0.002067975467070937,False,2
2021-09-14,9,100,0.0020573128,6.6742324199295435,0.9681818181818181,0.002067975467070937,False,2
2021-09-14,10,100,0.00014922231,0.15321804140872583,0.6,0.002067975467070937,False,2
2021-09-14,11,100,1.9415978e-05,-0.2904029363070173,0.1409090909090909,0.002067975467070937,False,2
2021-09-14,12,100,2.2633683e-05,-0.27940623526076097,0.17272727272727273,0.002067975467070937,False,2
2021-09-14,13,100,4.339785e-05,-0.20844344332861853,0.32727272727272727,0.002067975467070937,False,2
2021-09-14,14,100,0.0018911032,6.106201305893372,0.9590909090909091,0.002067975467070937,False,2
2021-09-14,15,100,1.1946103e-05,-0.3159316872238393,0.05,0.002067975467070937,False,2
2021-09-14,16,100,5.058414e-05,-0.18388385505055832,0.3409090909090909,0.002067975467070937,False,2
2021-09-14,17,100,8.964001e-05,-0.05040806964916336,0.4863636363636364,0.002067975467070937,False,2
2021-09-14,18,100,0.00032382554,0.7499351486304308,0.7454545454545455,0.002067975467070937,False,2
2021-09-14,19,100,0.0001894488,0.2906944842305157,0.6409090909090909,0.002067975467070937,False,2
2021-09-14,20,100,9.791511e-05,-0.02212741753281584,0.4954545454545455,0.002067975467070937,False,2
2021-09-14,21,100,0.00017933993,0.25614682303446673,0.6227272727272727,0.002067975467070937,False,2
2021-09-14,22,100,2.011488e-05,-0.28801439921867467,0.1409090909090909,0.002067975467070937,False,2
2021-09-15,1,100,2.4809799e-05,-0.2719692299852815,0.19545454545454546,0.002067975467070937,False,2
2021-09-15,2,100,0.0031093971,10.269794347997959,0.9772727272727273,0.002067975467070937,True,2
2021-09-15,3,100,0.0006950827,2.018728934416895,0.85,0.002067975467070937,False,2
2021-09-15,4,100,6.4194355e-05,-0.13737012813304025,0.41363636363636364,0.002067975467070937,False,2
2021-09-15,5,100,0.00061389804,1.7412754218619784,0.8318181818181818,0.002067975467070937,False,2
2021-09-15,6,100,0.0004164639,1.0665323594650067,0.7863636363636364,0.002067975467070937,False,2
2021-09-15,7,100,9.0804904e-05,-0.04642696935722162,0.4863636363636364,0.002067975467070937,False,2
2021-09-15,8,100,2.1837164e-05,-0.2821283873699455,0.16363636363636364,0.002067975467070937,False,2
2021-09-15,9,100,0.0005089112,1.382476588490071,0.8090909090909091,0.002067975467070937,False,2
2021-09-15,10,100,9.422466e-05,-0.034739738804105774,0.4909090909090909,0.002067975467070937,False,2
2021-09-15,11,100,0.0014508767,4.601700581836694,0.9409090909090909,0.002067975467070937,False,2
2021-09-15,12,100,9.988627e-06,-0.3226214777808253,0.03636363636363636,0.002067975467070937,False,2
2021-09-15,13,100,2.8865321e-05,-0.2581092372734512,0.22272727272727272,0.002067975467070937,False,2
2021-09-15,14,100,4.889409e-05,-0.18965971040971646,0.33636363636363636,0.002067975467070937,False,2
2021-09-15,15,100,1.6146e-05,-0.3015782873079741,0.11363636363636363,0.002067975467070937,False,2
2021-09-15,16,100,3.3821656e-05,-0.24117066285390107,0.2590909090909091,0.002067975467070937,False,2
2021-09-15,17,100,1.8771017e-05,-0.2926071291209954,0.13636363636363635,0.002067975467070937,False,2
2021-09-15,18,100,2.3079774e-05,-0.27788169306782134,0.17272727272727273,0.002067975467070937,False,2
2021-09-15,19,100,1.1978148e-05,-0.31582217103440513,0.05,0.002067975467070937,False,2
2021-09-15,20,100,0.0021330502,6.933069833871301,0.9727272727272728,0.002067975467070937,True,2
2021-09-15,21,100,5.5696422e-05,-0.1664123271228872,0.36363636363636365,0.002067975467070937,False,2
2021-09-15,22,100,0.00026892527,0.5623101504266126,0.7227272727272728,0.002067975467070937,False,2
2021-09-17,1,100,9.878238e-06,-0.32299873889158137,0.03636363636363636,0.002067975467070937,False,2
2021-09-17,2,100,0.0007181341,2.0975084793377463,0.8545454545454545,0.002067975467070937,False,2
2021-09-17,3,100,0.001330218,4.189342320470013,0.9363636363636364,0.002067975467070937,False,2
2021-09-17,4,100,9.9976736e-05,-0.015081679156523801,0.4954545454545455,0.002067975467070937,False,2
2021-09-17,5,100,8.726159e-05,-0.05853644987634328,0.4772727272727273,0.002067975467070937,False,2
2021-09-17,6,100,8.9825604e-05,-0.049773787090251854,0.4863636363636364,0.002067975467070937,False,2
2021-09-17,7,100,9.510164e-06,-0.32425665513431207,0.031818181818181815,0.002067975467070937,False,2
2021-09-17,8,100,0.00096074096,2.9266320573667395,0.8954545454545455,0.002067975467070937,False,2
2021-09-17,9,100,7.5968994e-05,-0.09712958950237002,0.44545454545454544,0.002067975467070937,False,2
2021-09-17,10,100,0.00022705052,0.41920065782571114,0.6818181818181818,0.002067975467070937,False,2
2021-09-17,11,100,0.0002933527,0.645792357945133,0.7272727272727273,0.002067975467070937,False,2
2021-09-17,12,100,0.0040907166,13.623512900212335,0.9863636363636363,0.002067975467070937,True,2
2021-09-17,13,100,0.000116538446,0.04151896312730022,0.5227272727272727,0.002067975467070937,False,2
2021-09-17,14,100,0.0001513265,0.160409246029711,0.6,0.002067975467070937,False,2
2021-09-17,15,100,0.0004280342,1.1060745109250014,0.8,0.002067975467070937,False,2
2021-09-17,16,100,9.812673e-06,-0.3232228128569644,0.03636363636363636,0.002067975467070937,False,2
2021-09-17,17,100,3.1954067e-05,-0.24755326164957794,0.2409090909090909,0.002067975467070937,False,2
2021-09-17,18,100,0.0020411839,6.619111007725087,0.9636363636363636,0.002067975467070937,False,2
2021-09-17,19,100,0.0009753779,2.9766547409315653,0.9,0.002067975467070937,False,2
2021-09-17,20,100,0.0007168996,2.0932894111891014,0.8545454545454545,0.002067975467070937,False,2
2021-09-17,21,100,0.0016135543,5.157661130682452,0.9454545454545454,0.002067975467070937,False,2
2021-09-17,22,100,8.975353e-06,-0.3260844043080972,0.031818181818181815,0.002067975467070937,False,2
2021-09-16,1,20,0.00034191576,-0.2480124876529815,0.21363636363636362,0.057974059134721756,False,3
2021-09-16,2,20,0.0014611266,-0.018735670820122993,0.4772727272727273,0.057974059134721756,False,3
2021-09-16,3,20,0.0013734029,-0.03670638189876093,0.4636363636363636,0.057974059134721756,False,3
2021-09-16,4,20,0.00034699577,-0.24697181711303937,0.21818181818181817,0.057974059134721756,False,3
2021-09-16,5,20,0.008824057,1.4896031998645651,0.8318181818181818,0.057974059134721756,False,3
2021-09-16,6,20,0.0014663446,-0.017666739982959905,0.4772727272727273,0.057974059134721756,False,3
2021-09-16,7,20,8.825654e-05,-0.29997604656611343,0.05454545454545454,0.057974059134721756,False,3
2021-09-16,8,20,0.0053332676,0.7744948134641149,0.7545454545454545,0.057974059134721756,False,3
2021-09-16,9,20,0.00080179056,-0.15380447357673016,0.36818181818181817,0.057974059134721756,False,3
2021-09-16,10,20,0.003626577,0.42486938648824957,0.6909090909090909,0.057974059134721756,False,3
2021-09-16,11,20,0.0006540623,-0.18406746001240606,0.3409090909090909,0.057974059134721756,False,3
2021-09-16,12,20,0.0009466472,-0.12412975444194002,0.40454545454545454,0.057974059134721756,False,3
2021-09-16,13,20,0.0053548426,0.7789145808593618,0.7545454545454545,0.057974059134721756,False,3
2021-09-16,14,20,0.00042114512,-0.23178189543259267,0.25,0.057974059134721756,False,3
2021-09-16,15,20,0.00016388905,-0.28448228793696917,0.12727272727272726,0.057974059134721756,False,3
2021-09-16,16,20,0.011977288,2.135560809165345,0.8636363636363636,0.057974059134721756,False,3
2021-09-16,17,20,0.00229354,0.1517890135694813,0.5954545454545455,0.057974059134721756,False,3
2021-09-16,18,20,5.3493673e-05,-0.30709742012327973,0.03636363636363636,0.057974059134721756,False,3
2021-09-16,19,20,0.00046043625,-0.22373287985493107,0.2727272727272727,0.057974059134721756,False,3
2021-09-16,20,20,0.0007078292,-0.1730530032084455,0.35454545454545455,0.057974059134721756,False,3
2021-09-16,21,20,0.0011920081,-0.0738661448190137,0.45,0.057974059134721756,False,3
2021-09-16,22,20,0.00087694713,-0.13840821595404226,0.38636363636363635,0.057974059134721756,False,3
2021-09-23,1,20,0.00016936392,-0.283360729748842,0.1318181818181818,0.057974059134721756,False,3
2021-09-23,2,20,0.00080328644,-0.15349803417661131,0.36818181818181817,0.057974059134721756,False,3
2021-09-23,3,20,8.8135086e-05,-0.3000009263594263,0.05454545454545454,0.057974059134721756,False,3
2021-09-23,4,20,0.0013476837,-0.04197510293153707,0.4636363636363636,0.057974059134721756,False,3
2021-09-23,5,20,0.003125697,0.32226118388779396,0.6636363636363637,0.057974059134721756,False,3
2021-09-23,6,20,0.0020147678,0.094680938822277,0.5727272727272728,0.057974059134721756,False,3
2021-09-23,7,20,0.00037084412,-0.2420863450603605,0.21818181818181817,0.057974059134721756,False,3
2021-09-23,8,20,0.00013059945,-0.2913018553816702,0.09545454545454546,0.057974059134721756,False,3
2021-09-23,9,20,0.04514154,8.92944977924214,0.95,0.057974059134721756,False,3
2021-09-23,10,20,0.0005880542,-0.19758960681065413,0.32272727272727275,0.057974059134721756,False,3
2021-09-23,11,20,0.03966701,7.80796060824596,0.9454545454545454,0.057974059134721756,False,3
2021-09-23,12,20,0.00020552184,-0.2759535717002457,0.1409090909090909,0.057974059134721756,False,3
2021-09-23,13,20,0.003671225,0.4340157541766718,0.6909090909090909,0.057974059134721756,False,3
2021-09-23,14,20,0.0017334512,0.03705158679519428,0.5318181818181819,0.057974059134721756,False,3
2021-09-23,15,20,4.776092e-05,-0.3082718076281026,0.031818181818181815,0.057974059134721756,False,3
2021-09-23,16,20,0.0038104267,0.4625320396089231,0.6954545454545454,0.057974059134721756,False,3
2021-09-23,17,20,0.013223499,2.3908543656484045,0.8727272727272727,0.057974059134721756,False,3
2021-09-23,18,20,0.0001259579,-0.29225270408452736,0.09090909090909091,0.057974059134721756,False,3
2021-09-23,19,20,0.008663113,1.4566329485001768,0.8227272727272728,0.057974059134721756,False,3
2021-09-23,20,20,0.008856601,1.4962700543866887,0.8318181818181818,0.057974059134721756,False,3
2021-09-23,21,20,0.0007201898,-0.17052085672909462,0.35454545454545455,0.057974059134721756,False,3
2021-09-23,22,20,0.0006210663,-0.1908268819131482,0.33636363636363636,0.057974059134721756,False,3
2021-09-24,1,20,0.0014131643,-0.028561024940763114,0.4681818181818182,0.057974059134721756,False,3
2021-09-24,2,20,9.309026e-05,-0.29898583019605157,0.05909090909090909,0.057974059134721756,False,3
2021-09-24,3,20,0.0009944784,-0.1143312654899239,0.41818181818181815,0.057974059134721756,False,3
2021-09-24,4,20,6.85646e-05,-0.30401005345168414,0.05,0.057974059134721756,False,3
2021-09-24,5,20,0.001147012,-0.08308386677687488,0.4318181818181818,0.057974059134721756,False,3
2021-09-24,6,20,0.009297114,1.5865116463166566,0.8318181818181818,0.057974059134721756,False,3
2021-09-24,7,20,0.0013891548,-0.03347950907481592,0.4636363636363636,0.057974059134721756,False,3
2021-09-24,8,20,0.0012992944,-0.05188793280762573,0.4590909090909091,0.057974059134721756,False,3
2021-09-24,9,20,0.0011231294,-0.0879763562071548,0.42727272727272725,0.057974059134721756,False,3
2021-09-24,10,20,0.0017138484,0.03303585818097485,0.5318181818181819,0.057974059134721756,False,3
2021-09-24,11,20,0.005399233,0.7880082436896757,0.7545454545454545,0.057974059134721756,False,3
2021-09-24,12,20,0.00035150227,-0.24604863547964503,0.21818181818181817,0.057974059134721756,False,3
2021-09-24,13,20,0.0618774,12.357887348716767,0.9681818181818181,0.057974059134721756,True,3
2021-09-24,14,20,0.0019272309,0.07674848050038374,0.5545454545454546,0.057974059134721756,False,3
2021-09-24,15,20,0.0009088551,-0.13187168075188846,0.39090909090909093,0.057974059134721756,False,3
2021-09-24,16,20,8.398955e-05,-0.30085016319613644,0.05454545454545454,0.057974059134721756,False,3
2021-09-24,17,20,0.0033526265,0.36874901509100616,0.6681818181818182,0.057974059134721756,False,3
2021-09-24,18,20,0.003136951,0.324566651780575,0.6636363636363637,0.057974059134721756,False,3
2021-09-24,19,20,0.00043160885,-0.22963833996420616,0.2545454545454545,0.057974059134721756,False,3
2021-09-24,20,20,0.0045921304,0.6226685726170285,0.7181818181818181,0.057974059134721756,False,3
2021-09-24,21,20,0.00017312863,-0.2825895068338906,0.1318181818181818,0.057974059134721756,False,3
2021-09-24,22,20,0.009697989,1.6686331605418372,0.8409090909090909,0.057974059134721756,False,3
2021-09-27,1,20,0.000103816485,-0.29678850116527894,0.06818181818181818,0.057974059134721756,False,3
2021-09-27,2,20,7.4890704e-05,-0.302714114622588,0.05,0.057974059134721756,False,3
2021-09-27,3,20,0.003970095,0.495241008427866,0.7,0.057974059134721756,False,3
2021-09-27,4,20,0.00033585934,-0.24925318028395024,0.21363636363636362,0.057974059134721756,False,3
2021-09-27,5,20,0.0040210723,0.5056840110191609,0.7,0.057974059134721756,False,3
2021-09-27,6,20,0.00768067,1.2553737480574678,0.8136363636363636,0.057974059134721756,False,3
2021-09-27,7,20,0.0015912018,0.007910975353704412,0.5181818181818182,0.057974059134721756,False,3
2021-09-27,8,20,0.0013451511,-0.042493923831150714,0.4636363636363636,0.057974059134721756,False,3
2021-09-27,9,20,0.009205072,1.5676563760108264,0.8318181818181818,0.057974059134721756,False,3
2021-09-27,10,20,0.015050538,2.7651338374363217,0.8863636363636364,0.057974059134721756,False,3
2021-09-27,11,20,0.011522788,2.042453790035635,0.8590909090909091,0.057974059134721756,False,3
2021-09-27,12,20,0.0005990841,-0.19533007084398923,0.32272727272727275,0.057974059134721756,False,3
2021-09-27,13,20,0.0054539857,0.7992246006423896,0.759090909090909,0.057974059134721756,False,3
2021-09-27,14,20,0.0074909474,1.2165079932707998,0.8090909090909091,0.057974059134721756,False,3
2021-09-27,15,20,0.00017318196,-0.28257858130759156,0.1318181818181818,0.057974059134721756,False,3
2021-09-27,16,20,0.012509217,2.244529462660333,0.8681818181818182,0.057974059134721756,False,3
2021-09-27,17,20,0.038707096,7.611316636292188,0.9454545454545454,0.057974059134721756,False,3
2021-09-27,18,20,0.00039720838,-0.23668547434659223,0.2318181818181818,0.057974059134721756,False,3
2021-09-27,19,20,0.00010344069,-0.296865485136332,0.06818181818181818,0.057974059134721756,False,3
2021-09-27,20,20,0.00056203856,-0.20291905767201524,0.3181818181818182,0.057974059134721756,False,3
2021-09-27,21,20,0.11118736,22.459318196928347,0.9818181818181818,0.057974059134721756,True,3
2021-09-27,22,20,0.0017708002,0.04470275820128246,0.5363636363636364,0.057974059134721756,False,3
2021-09-16,1,30,0.0003942489,-0.0650794193373444,0.40454545454545454,0.05217794328927994,False,3
2021-09-16,2,30,5.0800132e-05,-0.18950307683863035,0.05,0.05217794328927994,False,3
2021-09-16,3,30,0.0005125773,-0.022211736440950296,0.4772727272727273,0.05217794328927994,False,3
2021-09-16,4,30,0.050492983,18.084549826768814,0.9681818181818181,0.05217794328927994,False,3
2021-09-16,5,30,0.00032423149,-0.09044513178291991,0.38181818181818183,0.05217794328927994,False,3
2021-09-16,6,30,0.005834385,1.905757792567057,0.8409090909090909,0.05217794328927994,False,3
2021-09-16,7,30,0.00017085324,-0.1460105743573395,0.2409090909090909,0.05217794328927994,False,3
2021-09-16,8,30,0.00014100027,-0.15682562223533525,0.20454545454545456,0.05217794328927994,False,3
2021-09-16,9,30,0.0008774661,0.10997915962394497,0.5681818181818182,0.05217794328927994,False,3
2021-09-16,10,30,0.0012439283,0.24274006672319612,0.6136363636363636,0.05217794328927994,False,3
2021-09-16,11,30,8.397874e-05,-0.17748322404449135,0.11363636363636363,0.05217794328927994,False,3
2021-09-16,12,30,8.671752e-05,-0.17649102664383529,0.11818181818181818,0.05217794328927994,False,3
2021-09-16,13,30,0.0023898159,0.6578689958976539,0.7181818181818181,0.05217794328927994,False,3
2021-09-16,14,30,0.0010201698,0.16167745869423295,0.5863636363636363,0.05217794328927994,False,3
2021-09-16,15,30,0.00013129132,-0.16034295365163542,0.19545454545454546,0.05217794328927994,False,3
2021-09-16,16,30,0.005267187,1.7002749616321695,0.8181818181818182,0.05217794328927994,False,3
2021-09-16,17,30,0.0018721261,0.47032180645524263,0.6727272727272727,0.05217794328927994,False,3
2021-09-16,18,30,2.4461811e-05,-0.19904484996896687,0.02727272727272727,0.05217794328927994,False,3
2021-09-16,19,30,9.037833e-05,-0.17516479836979923,0.11818181818181818,0.05217794328927994,False,3
2021-09-16,20,30,0.00047319126,-0.03648040043280435,0.4636363636363636,0.05217794328927994,False,3
2021-09-16,21,30,0.0032977406,0.9867894233399265,0.7727272727272727,0.05217794328927994,False,3
2021-09-16,22,30,0.00014379979,-0.1558114228642389,0.20909090909090908,0.05217794328927994,False,3
2021-09-23,1,30,0.0003553868,-0.07915827646595858,0.38636363636363635,0.05217794328927994,False,3
2021-09-23,2,30,0.00013686737,-0.1583228791244482,0.20454545454545456,0.05217794328927994,False,3
2021-09-23,3,30,3.4494693e-05,-0.19541016570428058,0.04090909090909091,0.05217794328927994,False,3
2021-09-23,4,30,0.0013470625,0.2801032346054372,0.6181818181818182,0.05217794328927994,False,3
2021-09-23,5,30,0.003268111,0.9760553085517112,0.7727272727272727,0.05217794328927994,False,3
2021-09-23,6,30,0.00087934267,0.11065899336063985,0.5681818181818182,0.05217794328927994,False,3
2021-09-23,7,30,0.00032625158,-0.0897132967436198,0.38181818181818183,0.05217794328927994,False,3
2021-09-23,8,30,5.362264e-05,-0.18848054666274472,0.05,0.05217794328927994,False,3
2021-09-23,9,30,0.0069078347,2.294644199011136,0.8545454545454545,0.05217794328927994,False,3
2021-09-23,10,30,0.0007687661,0.07059962330897447,0.5363636363636364,0.05217794328927994,False,3
2021-09-23,11,30,0.0144909285,5.041826201820007,0.8954545454545455,0.05217794328927994,False,3
2021-09-23,12,30,0.00023830324,-0.12157497564046847,0.3181818181818182,0.05217794328927994,False,3
2021-09-23,13,30,0.00168382,0.40210280320128117,0.6636363636363637,0.05217794328927994,False,3
2021-09-23,14,30,0.00017102584,-0.1459480452159972,0.2409090909090909,0.05217794328927994,False,3
2021-09-23,15,30,4.164739e-05,-0.19281890716120567,0.045454545454545456,0.05217794328927994,False,3
2021-09-23,16,30,0.004709416,1.4982072624732432,0.8090909090909091,0.05217794328927994,False,3
2021-09-23,17,30,0.016002223,5.589333704104448,0.9,0.05217794328927994,False,3
2021-09-23,18,30,7.29146e-05,-0.18149151017581774,0.08636363636363636,0.05217794328927994,False,3
2021-09-23,19,30,0.00033886748,-0.08514284405667602,0.38636363636363635,0.05217794328927994,False,3
2021-09-23,20,30,0.0045172893,1.4286041304681052,0.8045454545454546,0.05217794328927994,False,3
2021-09-23,21,30,0.0012380247,0.24060130755229933,0.6136363636363636,0.05217794328927994,False,3
2021-09-23,22,30,0.00057173515,-0.0007801987811999644,0.5,0.05217794328927994,False,3
2021-09-24,1,30,0.0013362303,0.2761789708545773,0.6181818181818182,0.05217794328927994,False,3
2021-09-24,2,30,0.0006872156,0.041055734831651265,0.5227272727272727,0.05217794328927994,False,3
2021-09-24,3,30,5.637657e-05,-0.1874828599721112,0.05454545454545454,0.05217794328927994,False,3
2021-09-24,4,30,8.968969e-05,-0.17541427704408824,0.11818181818181818,0.05217794328927994,False,3
2021-09-24,5,30,0.004646594,1.4754483209220113,0.8090909090909091,0.05217794328927994,False,3
2021-09-24,6,30,0.0005171364,-0.02056007300763578,0.4772727272727273,0.05217794328927994,False,3
2021-09-24,7,30,0.019282574,6.777730058370302,0.9181818181818182,0.05217794328927994,False,3
2021-09-24,8,30,0.00067791,0.03768452791916408,0.5227272727272727,0.05217794328927994,False,3
2021-09-24,9,30,0.0010897544,0.1868863659142722,0.5954545454545455,0.05217794328927994,False,3
2021-09-24,10,30,0.00042008038,-0.05572126196828642,0.42727272727272725,0.05217794328927994,False,3
2021-09-24,11,30,0.0019769121,0.508283389976304,0.6909090909090909,0.05217794328927994,False,3
2021-09-24,12,30,6.213031e-05,-0.18539841116409345,0.05909090909090909,0.05217794328927994,False,3
2021-09-24,13,30,0.03444922,12.27226006328006,0.9545454545454546,0.05217794328927994,False,3
2021-09-24,14,30,0.0013735795,0.28970972666230144,0.6227272727272727,0.05217794328927994,False,3
2021-09-24,15,30,0.00016461796,-0.14826947319622802,0.2318181818181818,0.05217794328927994,False,3
2021-09-24,16,30,0.00010727528,-0.1690434189578572,0.14545454545454545,0.05217794328927994,False,3
2021-09-24,17,30,0.036858544,13.145103234921747,0.9545454545454546,0.05217794328927994,False,3
2021-09-24,18,30,8.7557084e-05,-0.17618687121468316,0.11818181818181818,0.05217794328927994,False,3
2021-09-24,19,30,0.00040805986,-0.060076023120884114,0.4090909090909091,0.05217794328927994,False,3
2021-09-24,20,30,0.00035318968,-0.07995423801021508,0.38636363636363635,0.05217794328927994,False,3
2021-09-24,21,30,1.8221652e-05,-0.20130551750585052,0.013636363636363636,0.05217794328927994,False,3
2021-09-24,22,30,0.00044551157,-0.046508122019348494,0.45,0.05217794328927994,False,3
2021-09-27,1,30,0.00016600237,-0.1477679326523665,0.2318181818181818,0.05217794328927994,False,3
2021-09-27,2,30,0.0009297096,0.12890577808910142,0.5863636363636363,0.05217794328927994,False,3
2021-09-27,3,30,0.0008397343,0.09630977585055711,0.5681818181818182,0.05217794328927994,False,3
2021-09-27,4,30,0.00014786639,-0.1543381844194355,0.20909090909090908,0.05217794328927994,False,3
2021-09-27,5,30,3.427591e-05,-0.1954894263069107,0.04090909090909091,0.05217794328927994,False,3
2021-09-27,6,30,0.00029485254,-0.10108845516466035,0.36363636363636365,0.05217794328927994,False,3
2021-09-27,7,30,0.0023537378,0.6447987447315732,0.7181818181818181,0.05217794328927994,False,3
2021-09-27,8,30,0.10571915,38.09173056138696,0.9863636363636363,0.05217794328927994,True,3
2021-09-27,9,30,0.018550506,6.51251852282814,0.9136363636363637,0.05217794328927994,False,3
2021-09-27,10,30,0.0044575054,1.4069457777188084,0.8045454545454546,0.05217794328927994,False,3
2021-09-27,11,30,0.00034081464,-0.08443743141484726,0.38636363636363635,0.05217794328927994,False,3
2021-09-27,12,30,0.00012721676,-0.16181907578586757,0.18636363636363637,0.05217794328927994,False,3
2021-09-27,13,30,0.0021904046,0.5856268294162639,0.7045454545454546,0.05217794328927994,False,3
2021-09-27,14,30,0.0019604054,0.5023033667005546,0.6818181818181818,0.05217794328927994,False,3
2021-09-27,15,30,5.7548496e-05,-0.18705829864769832,0.05454545454545454,0.05217794328927994,False,3
2021-09-27,16,30,0.006654467,2.2028548567519106,0.8454545454545455,0.05217794328927994,False,3
2021-09-27,17,30,0.0036386515,1.1102936557419718,0.7818181818181819,0.05217794328927994,False,3
2021-09-27,18,30,0.000103795006,-0.1703042423088629,0.13636363636363635,0.05217794328927994,False,3
2021-09-27,19,30,2.2189737e-05,-0.1998679706485332,0.02727272727272727,0.05217794328927994,False,3
2021-09-27,20,30,0.0010094157,0.1577814941112953,0.5863636363636363,0.05217794328927994,False,3
2021-09-27,21,30,0.36989808,133.7977343437331,1.0,0.05217794328927994,True,3
2021-09-27,22,30,0.000117196716,-0.16544910832210838,0.17727272727272728,0.05217794328927994,False,3
2021-09-16,1,40,0.00023223425,-0.09719175486737067,0.42272727272727273,0.018460122868418694,False,3
2021-09-16,2,40,0.00043256176,0.09610658613656156,0.55,0.018460122868418694,False,3
2021-09-16,3,40,0.000997858,0.6415674827316702,0.7090909090909091,0.018460122868418694,False,3
2021-09-16,4,40,0.07398617,71.06883827112264,0.9863636363636363,0.018460122868418694,True,3
2021-09-16,5,40,0.00025929493,-0.07108058785818785,0.4409090909090909,0.018460122868418694,False,3
2021-09-16,6,40,0.00031587237,-0.016488361256804248,0.4909090909090909,0.018460122868418694,False,3
2021-09-16,7,40,1.4715554e-05,-0.3070780635603211,0.013636363636363636,0.018460122868418694,False,3
2021-09-16,8,40,0.00012465753,-0.2009937801517642,0.2681818181818182,0.018460122868418694,False,3
2021-09-16,9,40,0.00048682356,0.14846441881250586,0.5681818181818182,0.018460122868418694,False,3
2021-09-16,10,40,0.00040712813,0.0715653781847744,0.5454545454545454,0.018460122868418694,False,3
2021-09-16,11,40,5.362003e-05,-0.26953868263943564,0.10909090909090909,0.018460122868418694,False,3
2021-09-16,12,40,0.00013733159,-0.18876442954954584,0.2863636363636364,0.018460122868418694,False,3
2021-09-16,13,40,0.003045781,2.6176321643989344,0.8454545454545455,0.018460122868418694,False,3
2021-09-16,14,40,0.0002688389,-0.06187150935405329,0.45454545454545453,0.018460122868418694,False,3
2021-09-16,15,40,0.0001833554,-0.14435552382094308,0.36818181818181817,0.018460122868418694,False,3
2021-09-16,16,40,0.00011375841,-0.21151046282546765,0.2409090909090909,0.018460122868418694,False,3
2021-09-16,17,40,0.0012190447,0.8549930611172557,0.7545454545454545,0.018460122868418694,False,3
2021-09-16,18,40,0.00019086376,-0.1371106141992322,0.37272727272727274,0.018460122868418694,False,3
2021-09-16,19,40,2.700044e-05,-0.29522423467488507,0.01818181818181818,0.018460122868418694,False,3
2021-09-16,20,40,0.0009936587,0.6375154971762905,0.7090909090909091,0.018460122868418694,False,3
2021-09-16,21,40,0.0005078183,0.1687224931362646,0.5818181818181818,0.018460122868418694,False,3
2021-09-16,22,40,9.364244e-05,-0.23092059637901743,0.21363636363636362,0.018460122868418694,False,3
2021-09-23,1,40,0.00095384073,0.5990947053860938,0.7045454545454546,0.018460122868418694,False,3
2021-09-23,2,40,0.00023061619,-0.09875303639415663,0.42272727272727273,0.018460122868418694,False,3
2021-09-23,3,40,7.439863e-05,-0.2494891709385105,0.1590909090909091,0.018460122868418694,False,3
2021-09-23,4,40,0.00085542974,0.5041367968330074,0.6909090909090909,0.018460122868418694,False,3
2021-09-23,5,40,0.0012944296,0.9277328967337245,0.7545454545454545,0.018460122868418694,False,3
2021-09-23,6,40,0.00030679218,-0.02524994315813763,0.4863636363636364,0.018460122868418694,False,3
2021-09-23,7,40,0.0003072195,-0.02483760599974857,0.4863636363636364,0.018460122868418694,False,3
2021-09-23,8,40,0.0009283597,0.5745077508408982,0.7045454545454546,0.018460122868418694,False,3
2021-09-23,9,40,0.002023342,1.6310689379223116,0.8136363636363636,0.018460122868418694,False,3
2021-09-23,10,40,0.00057705655,0.23553127870493865,0.6090909090909091,0.018460122868418694,False,3
2021-09-23,11,40,0.0008504493,0.4993311298326338,0.6909090909090909,0.018460122868418694,False,3
2021-09-23,12,40,0.00081135315,0.4616067871010796,0.6772727272727272,0.018460122868418694,False,3
2021-09-23,13,40,0.00020385647,-0.12457380099545949,0.38636363636363635,0.018460122868418694,False,3
2021-09-23,14,40,7.613928e-05,-0.2478095983815928,0.16363636363636364,0.018460122868418694,False,3
2021-09-23,15,40,0.00028842106,-0.04297645323635402,0.4636363636363636,0.018460122868418694,False,3
2021-09-23,16,40,0.0011465427,0.7850350901680907,0.75,0.018460122868418694,False,3
2021-09-23,17,40,0.0052652233,4.75919774277771,0.8863636363636364,0.018460122868418694,False,3
2021-09-23,18,40,1.1406887e-05,-0.3102706348386966,0.013636363636363636,0.018460122868418694,False,3
2021-09-23,19,40,3.5963734e-05,-0.28657544838533006,0.05909090909090909,0.018460122868418694,False,3
2021-09-23,20,40,0.00078117586,0.4324883642897276,0.6590909090909091,0.018460122868418694,False,3
2021-09-23,21,40,0.0004937292,0.15512775134631518,0.5772727272727273,0.018460122868418694,False,3
2021-09-23,22,40,0.00029891817,-0.03284766881808463,0.4772727272727273,0.018460122868418694,False,3
2021-09-24,1,40,0.0003919267,0.05689734661368547,0.5409090909090909,0.018460122868418694,False,3
2021-09-24,2,40,0.00019165284,-0.13634922407413355,0.37272727272727274,0.018460122868418694,False,3
2021-09-24,3,40,5.3649183e-05,-0.26951055438184035,0.10909090909090909,0.018460122868418694,False,3
2021-09-24,4,40,0.0011912152,0.8281401196953719,0.75,0.018460122868418694,False,3
2021-09-24,5,40,0.001401824,1.0313589001350707,0.7681818181818182,0.018460122868418694,False,3
2021-09-24,6,40,0.00048383727,0.1455829169976189,0.5681818181818182,0.018460122868418694,False,3
2021-09-24,7,40,0.0012736588,0.9076908901138849,0.7545454545454545,0.018460122868418694,False,3
2021-09-24,8,40,0.00025713292,-0.07316673361505564,0.4318181818181818,0.018460122868418694,False,3
2021-09-24,9,40,0.00027500527,-0.05592150353550925,0.4590909090909091,0.018460122868418694,False,3
2021-09-24,10,40,0.0008527832,0.5015831315629025,0.6909090909090909,0.018460122868418694,False,3
2021-09-24,11,40,0.00057238096,0.23101974910134815,0.6045454545454545,0.018460122868418694,False,3
2021-09-24,12,40,0.0004181877,0.082236887381565,0.5454545454545454,0.018460122868418694,False,3
2021-09-24,13,40,0.00027434636,-0.05655729412775391,0.4590909090909091,0.018460122868418694,False,3
2021-09-24,14,40,0.0009444278,0.5900120548522015,0.7045454545454546,0.018460122868418694,False,3
2021-09-24,15,40,0.00019753522,-0.1306732484940667,0.38636363636363635,0.018460122868418694,False,3
2021-09-24,16,40,1.8429108e-05,-0.3034948129692196,0.013636363636363636,0.018460122868418694,False,3
2021-09-24,17,40,0.008515521,7.895447592978854,0.9227272727272727,0.018460122868418694,False,3
2021-09-24,18,40,0.0005104892,0.17129969164472206,0.5818181818181818,0.018460122868418694,False,3
2021-09-24,19,40,0.0004948027,0.15616360699055268,0.5818181818181818,0.018460122868418694,False,3
2021-09-24,20,40,0.00016957948,-0.15764806850121293,0.35,0.018460122868418694,False,3
2021-09-24,21,40,1.2290448e-05,-0.30941807710969543,0.013636363636363636,0.018460122868418694,False,3
2021-09-24,22,40,5.7761492e-05,-0.2655425393805523,0.11818181818181818,0.018460122868418694,False,3
2021-09-27,1,40,0.00023177038,-0.09763934975935351,0.42272727272727273,0.018460122868418694,False,3
2021-09-27,2,40,0.0037255068,3.2735074488508977,0.8681818181818182,0.018460122868418694,False,3
2021-09-27,3,40,8.631623e-05,-0.23798974388194688,0.20454545454545456,0.018460122868418694,False,3
2021-09-27,4,40,0.000109368535,-0.21574630531580435,0.2409090909090909,0.018460122868418694,False,3
2021-09-27,5,40,1.574067e-05,-0.30608891721692316,0.013636363636363636,0.018460122868418694,False,3
2021-09-27,6,40,0.00081847276,0.4684765830816285,0.6818181818181818,0.018460122868418694,False,3
2021-09-27,7,40,4.6068093e-05,-0.276825635458603,0.08636363636363636,0.018460122868418694,False,3
2021-09-27,8,40,0.020251015,19.219162012343357,0.9681818181818181,0.018460122868418694,True,3
2021-09-27,9,40,0.0037161044,3.264434964226652,0.8681818181818182,0.018460122868418694,False,3
2021-09-27,10,40,3.3682605e-05,-0.28877653631949723,0.045454545454545456,0.018460122868418694,False,3
2021-09-27,11,40,8.618652e-05,-0.23811490111348338,0.20454545454545456,0.018460122868418694,False,3
2021-09-27,12,40,5.8721766e-05,-0.26461596024435685,0.11818181818181818,0.018460122868418694,False,3
2021-09-27,13,40,0.00012370819,-0.20190980724224247,0.2681818181818182,0.018460122868418694,False,3
2021-09-27,14,40,0.00026319263,-0.0673196506110247,0.44545454545454544,0.018460122868418694,False,3
2021-09-27,15,40,1.9471941e-05,-0.30248857045128613,0.013636363636363636,0.018460122868418694,False,3
2021-09-27,16,40,0.007486797,6.902819867828361,0.9090909090909091,0.018460122868418694,False,3
2021-09-27,17,40,0.0007180516,0.37157906390022266,0.65,0.018460122868418694,False,3
2021-09-27,18,40,5.071857e-05,-0.2723383376486204,0.1,0.018460122868418694,False,3
2021-09-27,19,40,1.627282e-05,-0.3055754404906026,0.013636363636363636,0.018460122868418694,False,3
2021-09-27,20,40,4.371827e-05,-0.27909300540449034,0.08181818181818182,0.018460122868418694,False,3
2021-09-27,21,40,0.085844554,82.51112786060176,0.9863636363636363,0.018460122868418694,True,3
2021-09-27,22,40,0.0005719022,0.23055778994753082,0.6,0.018460122868418694,False,3
2021-09-16,1,50,6.795281e-05,-0.14317308456457503,0.2727272727272727,0.007947606965899467,False,3
2021-09-16,2,50,0.00010779197,-0.08922194662451002,0.4,0.007947606965899467,False,3
2021-09-16,3,50,0.00164125,1.987423153147056,0.8363636363636363,0.007947606965899467,False,3
2021-09-16,4,50,0.0071597034,9.460643287439197,0.9590909090909091,0.007947606965899467,False,3
2021-09-16,5,50,8.839711e-05,-0.11548693196990824,0.3409090909090909,0.007947606965899467,False,3
2021-09-16,6,50,0.00012023939,-0.07236535982843204,0.42272727272727273,0.007947606965899467,False,3
2021-09-16,7,50,6.590917e-06,-0.2262708101082431,0.0,0.007947606965899467,False,3
2021-09-16,8,50,5.890724e-05,-0.15542280765186134,0.2409090909090909,0.007947606965899467,False,3
2021-09-16,9,50,0.00029929972,0.17012236992657453,0.6181818181818182,0.007947606965899467,False,3
2021-09-16,10,50,0.0015028429,1.7999889751718732,0.8318181818181818,0.007947606965899467,False,3
2021-09-16,11,50,5.416681e-05,-0.16184241263992555,0.22727272727272727,0.007947606965899467,False,3
2021-09-16,12,50,2.4799461e-05,-0.2016123690432778,0.07727272727272727,0.007947606965899467,False,3
2021-09-16,13,50,0.006665795,8.791780986197528,0.9590909090909091,0.007947606965899467,False,3
2021-09-16,14,50,8.5758775e-06,-0.22358272984371066,0.00909090909090909,0.007947606965899467,False,3
2021-09-16,15,50,0.00091963605,1.0101964978794449,0.7681818181818182,0.007947606965899467,False,3
2021-09-16,16,50,5.6208228e-05,-0.15907787466518392,0.23636363636363636,0.007947606965899467,False,3
2021-09-16,17,50,6.720405e-05,-0.14418707512467557,0.2727272727272727,0.007947606965899467,False,3
2021-09-16,18,50,9.832951e-05,-0.10203623767103566,0.35909090909090907,0.007947606965899467,False,3
2021-09-16,19,50,5.4029526e-05,-0.16202832421119703,0.22727272727272727,0.007947606965899467,False,3
2021-09-16,20,50,0.0001284611,-0.06123131801416271,0.44545454545454544,0.007947606965899467,False,3
2021-09-16,21,50,0.00081051287,0.8624193035961233,0.75,0.007947606965899467,False,3
2021-09-16,22,50,8.188972e-05,-0.12429939466264216,0.31363636363636366,0.007947606965899467,False,3
2021-09-23,1,50,9.218005e-05,-0.11036397840928953,0.35909090909090907,0.007947606965899467,False,3
2021-09-23,2,50,0.00020881179,0.0475814791972189,0.5545454545454546,0.007947606965899467,False,3
2021-09-23,3,50,3.131259e-05,-0.1927921370441019,0.11363636363636363,0.007947606965899467,False,3
2021-09-23,4,50,0.813808,1101.8428746993502,0.9954545454545455,0.007947606965899467,True,3
2021-09-23,5,50,0.0014795772,1.768481989011028,0.8272727272727273,0.007947606965899467,False,3
2021-09-23,6,50,0.00035646887,0.2475421833557207,0.6590909090909091,0.007947606965899467,False,3
2021-09-23,7,50,0.00012879987,-0.06077254958304123,0.44545454545454544,0.007947606965899467,False,3
2021-09-23,8,50,0.82147115,1112.22046759391,0.9954545454545455,0.007947606965899467,True,3
2021-09-23,9,50,0.006932244,9.152612604679396,0.9590909090909091,0.007947606965899467,False,3
2021-09-23,10,50,0.0006298255,0.6177282241526789,0.7363636363636363,0.007947606965899467,False,3
2021-09-23,11,50,0.00039611483,0.30123168731486716,0.6772727272727272,0.007947606965899467,False,3
2021-09-23,12,50,0.0008878142,0.9671026134375273,0.7636363636363637,0.007947606965899467,False,3
2021-09-23,13,50,0.00017290674,-0.0010419837111489906,0.5,0.007947606965899467,False,3
2021-09-23,14,50,0.00030411998,0.17665008503547777,0.6181818181818182,0.007947606965899467,False,3
2021-09-23,15,50,8.67997e-06,-0.2234417652128304,0.00909090909090909,0.007947606965899467,False,3
2021-09-23,16,50,0.0003654665,0.25972697829487823,0.6590909090909091,0.007947606965899467,False,3
2021-09-23,17,50,0.0033142366,4.253021253940343,0.9045454545454545,0.007947606965899467,False,3
2021-09-23,18,50,1.613761e-05,-0.21334245263682747,0.045454545454545456,0.007947606965899467,False,3
2021-09-23,19,50,1.7878798e-05,-0.2109844952281851,0.05454545454545454,0.007947606965899467,False,3
2021-09-23,20,50,8.113729e-05,-0.1253183512727703,0.31363636363636366,0.007947606965899467,False,3
2021-09-23,21,50,0.00016540513,-0.011200847011069232,0.4863636363636364,0.007947606965899467,False,3
2021-09-23,22,50,0.0001524844,-0.02869840897856721,0.4818181818181818,0.007947606965899467,False,3
2021-09-24,1,50,0.0006051819,0.5843552644005092,0.7363636363636363,0.007947606965899467,False,3
2021-09-24,2,50,8.4656545e-05,-0.12055249021026744,0.32727272727272727,0.007947606965899467,False,3
2021-09-24,3,50,1.6306125e-05,-0.2131142458874935,0.045454545454545456,0.007947606965899467,False,3
2021-09-24,4,50,0.002740745,3.476385262042473,0.8954545454545455,0.007947606965899467,False,3
2021-09-24,5,50,0.0002890407,0.15622937201720768,0.6045454545454545,0.007947606965899467,False,3
2021-09-24,6,50,5.2576263e-05,-0.16399636786648158,0.22727272727272727,0.007947606965899467,False,3
2021-09-24,7,50,0.0004883415,0.4261272148995729,0.7181818181818181,0.007947606965899467,False,3
2021-09-24,8,50,6.674993e-05,-0.1448020475063677,0.2727272727272727,0.007947606965899467,False,3
2021-09-24,9,50,4.7951457e-05,-0.1702593895529314,0.21363636363636362,0.007947606965899467,False,3
2021-09-24,10,50,0.0010716384,1.2160417151355367,0.7818181818181819,0.007947606965899467,False,3
2021-09-24,11,50,0.0033061567,4.242079232727141,0.9045454545454545,0.007947606965899467,False,3
2021-09-24,12,50,0.0012156027,1.4110015872096937,0.8,0.007947606965899467,False,3
2021-09-24,13,50,0.0005663006,0.5317012606983091,0.7272727272727273,0.007947606965899467,False,3
2021-09-24,14,50,0.00021619705,0.05758276894150136,0.5590909090909091,0.007947606965899467,False,3
2021-09-24,15,50,2.7297376e-05,-0.19822963420297196,0.09545454545454546,0.007947606965899467,False,3
2021-09-24,16,50,7.679248e-06,-0.224796967256896,0.004545454545454545,0.007947606965899467,False,3
2021-09-24,17,50,0.017583957,23.577413933487968,0.990909090909091,0.007947606965899467,True,3
2021-09-24,18,50,0.0011280618,1.2924515679935928,0.7863636363636364,0.007947606965899467,False,3
2021-09-24,19,50,0.00024672496,0.09892438657248849,0.5772727272727273,0.007947606965899467,False,3
2021-09-24,20,50,0.00019709479,0.03171404285782956,0.5454545454545454,0.007947606965899467,False,3
2021-09-24,21,50,9.49551e-06,-0.22233734130520338,0.00909090909090909,0.007947606965899467,False,3
2021-09-24,22,50,6.9180125e-05,-0.14151102447587222,0.2727272727272727,0.007947606965899467,False,3
2021-09-27,1,50,0.0011495902,1.3216059076604085,0.7954545454545454,0.007947606965899467,False,3
2021-09-27,2,50,0.00036821648,0.26345108227153097,0.6590909090909091,0.007947606965899467,False,3
2021-09-27,3,50,4.307969e-05,-0.17685685106088303,0.19090909090909092,0.007947606965899467,False,3
2021-09-27,4,50,9.350056e-05,-0.10857571758893285,0.35909090909090907,0.007947606965899467,False,3
2021-09-27,5,50,9.582879e-06,-0.2222190244243002,0.00909090909090909,0.007947606965899467,False,3
2021-09-27,6,50,9.444001e-05,-0.10730349242739692,0.35909090909090907,0.007947606965899467,False,3
2021-09-27,7,50,0.000103855506,-0.09455280426366532,0.38181818181818183,0.007947606965899467,False,3
2021-09-27,8,50,0.00061625283,0.5993477694338448,0.7363636363636363,0.007947606965899467,False,3
2021-09-27,9,50,0.00079128495,0.836380411472815,0.7454545454545455,0.007947606965899467,False,3
2021-09-27,10,50,4.5088647e-05,-0.17413627346748695,0.19545454545454546,0.007947606965899467,False,3
2021-09-27,11,50,0.0004952262,0.4354506191085397,0.7181818181818181,0.007947606965899467,False,3
2021-09-27,12,50,1.733976e-05,-0.21171447255910278,0.05454545454545454,0.007947606965899467,False,3
2021-09-27,13,50,2.5135705e-05,-0.20115701969818722,0.09090909090909091,0.007947606965899467,False,3
2021-09-27,14,50,6.687385e-05,-0.1446342363991849,0.2727272727272727,0.007947606965899467,False,3
2021-09-27,15,50,5.3586653e-05,-0.1626280732847688,0.22727272727272727,0.007947606965899467,False,3
2021-09-27,16,50,4.3755856e-05,-0.17594117154076347,0.19545454545454546,0.007947606965899467,False,3
2021-09-27,17,50,0.00066762714,0.6689200808396089,0.740909090909091,0.007947606965899467,False,3
2021-09-27,18,50,0.00011522681,-0.07915351667211627,0.41818181818181815,0.007947606965899467,False,3
2021-09-27,19,50,3.0470394e-05,-0.19393265842053073,0.1,0.007947606965899467,False,3
2021-09-27,20,50,8.9778005e-06,-0.22303843622710637,0.00909090909090909,0.007947606965899467,False,3
2021-09-27,21,50,0.010863195,14.475999412764585,0.9727272727272728,0.007947606965899467,True,3
2021-09-27,22,50,0.00017652249,0.003854541616068258,0.5045454545454545,0.007947606965899467,False,3
2021-09-16,1,60,7.1443195e-05,-0.13484256426839264,0.35909090909090907,0.010063287802040577,False,3
2021-09-16,2,60,0.0012134954,1.5325775387072087,0.8181818181818182,0.010063287802040577,False,3
2021-09-16,3,60,0.0007726141,0.8888816180010564,0.759090909090909,0.010063287802040577,False,3
2021-09-16,4,60,0.7746605,1130.7814332024716,1.0,0.010063287802040577,True,3
2021-09-16,5,60,7.5149685e-05,-0.12943101242344499,0.35909090909090907,0.010063287802040577,False,3
2021-09-16,6,60,5.8190737e-05,-0.15419143076766836,0.30454545454545456,0.010063287802040577,False,3
2021-09-16,7,60,2.34031e-05,-0.2049821097208135,0.09090909090909091,0.010063287802040577,False,3
2021-09-16,8,60,7.764428e-05,-0.12578884647695032,0.35909090909090907,0.010063287802040577,False,3
2021-09-16,9,60,0.00049823587,0.488283667739878,0.7090909090909091,0.010063287802040577,False,3
2021-09-16,10,60,9.374858e-05,-0.10227623287936081,0.38636363636363635,0.010063287802040577,False,3
2021-09-16,11,60,6.223794e-05,-0.14828243334142102,0.32272727272727275,0.010063287802040577,False,3
2021-09-16,12,60,2.1818014e-05,-0.20729636780909783,0.08636363636363636,0.010063287802040577,False,3
2021-09-16,13,60,0.0010591627,1.3072485322131255,0.8090909090909091,0.010063287802040577,False,3
2021-09-16,14,60,1.8448978e-05,-0.2122152305435645,0.06818181818181818,0.010063287802040577,False,3
2021-09-16,15,60,9.049406e-05,-0.1070279020792709,0.37272727272727274,0.010063287802040577,False,3
2021-09-16,16,60,0.00014273287,-0.03075815011050097,0.4818181818181818,0.010063287802040577,False,3
2021-09-16,17,60,0.00012500558,-0.05664036257745797,0.44545454545454544,0.010063287802040577,False,3
2021-09-16,18,60,0.00010483417,-0.086091038267202,0.41818181818181815,0.010063287802040577,False,3
2021-09-16,19,60,0.00016012753,-0.005361581015844067,0.4909090909090909,0.010063287802040577,False,3
2021-09-16,20,60,0.0028299717,3.89266682332125,0.9318181818181818,0.010063287802040577,False,3
2021-09-16,21,60,0.00068117405,0.7553772393921405,0.7454545454545455,0.010063287802040577,False,3
2021-09-16,22,60,0.00024224116,0.11452604410775512,0.5909090909090909,0.010063287802040577,False,3
2021-09-23,1,60,0.00011571933,-0.07019847682454078,0.42727272727272725,0.010063287802040577,False,3
2021-09-23,2,60,0.00011551042,-0.0705034964708102,0.42727272727272725,0.010063287802040577,False,3
2021-09-23,3,60,2.2494225e-05,-0.2063090854063508,0.08636363636363636,0.010063287802040577,False,3
2021-09-23,4,60,0.5555712,810.9064269030026,1.0,0.010063287802040577,True,3
2021-09-23,5,60,0.0010681088,1.320310125084294,0.8090909090909091,0.010063287802040577,False,3
2021-09-23,6,60,6.4987005e-05,-0.14426873683007327,0.33636363636363636,0.010063287802040577,False,3
2021-09-23,7,60,8.8259985e-05,-0.1102896990829758,0.37272727272727274,0.010063287802040577,False,3
2021-09-23,8,60,0.15394196,224.51933127472782,0.9863636363636363,0.010063287802040577,True,3
2021-09-23,9,60,0.00046084655,0.4336944887189578,0.6909090909090909,0.010063287802040577,False,3
2021-09-23,10,60,0.0040905145,5.733085660454165,0.9409090909090909,0.010063287802040577,False,3
2021-09-23,11,60,0.0004146071,0.36618389860000944,0.6863636363636364,0.010063287802040577,False,3
2021-09-23,12,60,0.0018710125,2.4925662867722203,0.8954545454545455,0.010063287802040577,False,3
2021-09-23,13,60,0.0002007814,0.053993927014544654,0.5409090909090909,0.010063287802040577,False,3
2021-09-23,14,60,0.00021778268,0.07881615026602243,0.5636363636363636,0.010063287802040577,False,3
2021-09-23,15,60,1.225959e-05,-0.2212518664699561,0.03636363636363636,0.010063287802040577,False,3
2021-09-23,16,60,9.9692756e-05,-0.09359761499770755,0.39545454545454545,0.010063287802040577,False,3
2021-09-23,17,60,0.005636785,7.990673216697905,0.9545454545454546,0.010063287802040577,False,3
2021-09-23,18,60,1.7950724e-05,-0.2129426917237514,0.06818181818181818,0.010063287802040577,False,3
2021-09-23,19,60,0.00010695679,-0.08299197577264633,0.41818181818181815,0.010063287802040577,False,3
2021-09-23,20,60,4.1893956e-05,-0.17798507185218831,0.20454545454545456,0.010063287802040577,False,3
2021-09-23,21,60,0.0001401447,-0.03453693910825016,0.4772727272727273,0.010063287802040577,False,3
2021-09-23,22,60,6.423857e-05,-0.1453614662868997,0.32727272727272727,0.010063287802040577,False,3
2021-09-24,1,60,0.00029115318,0.18593860811694535,0.6045454545454545,0.010063287802040577,False,3
2021-09-24,2,60,6.564549e-05,-0.1433073401453998,0.34545454545454546,0.010063287802040577,False,3
2021-09-24,3,60,1.1570672e-05,-0.2222577020302349,0.022727272727272728,0.010063287802040577,False,3
2021-09-24,4,60,0.0032015594,4.435192636271428,0.9409090909090909,0.010063287802040577,False,3
2021-09-24,5,60,0.0019500342,2.6079395828880503,0.8954545454545455,0.010063287802040577,False,3
2021-09-24,6,60,5.5577682e-05,-0.15800654528627633,0.3,0.010063287802040577,False,3
2021-09-24,7,60,0.00012333093,-0.059085385104698664,0.4409090909090909,0.010063287802040577,False,3
2021-09-24,8,60,5.542113e-05,-0.15823511615030852,0.3,0.010063287802040577,False,3
2021-09-24,9,60,6.242226e-05,-0.1480133196055194,0.32272727272727275,0.010063287802040577,False,3
2021-09-24,10,60,0.0030915386,4.274559876398684,0.9409090909090909,0.010063287802040577,False,3
2021-09-24,11,60,0.029778179,43.23761316204443,0.9818181818181818,0.010063287802040577,True,3
2021-09-24,12,60,0.00045016277,0.4180959414423468,0.6909090909090909,0.010063287802040577,False,3
2021-09-24,13,60,0.0002123896,0.0709421328450696,0.5590909090909091,0.010063287802040577,False,3
2021-09-24,14,60,0.00038144187,0.31776199522982546,0.6636363636363637,0.010063287802040577,False,3
2021-09-24,15,60,4.4581437e-05,-0.17406129415099095,0.22272727272727272,0.010063287802040577,False,3
2021-09-24,16,60,5.5734045e-06,-0.2310138376385724,0.0,0.010063287802040577,False,3
2021-09-24,17,60,0.001916076,2.558360021976967,0.8954545454545455,0.010063287802040577,False,3
2021-09-24,18,60,0.00035142052,0.27393018446289646,0.6545454545454545,0.010063287802040577,False,3
2021-09-24,19,60,0.00045041196,0.41845975967260607,0.6909090909090909,0.010063287802040577,False,3
2021-09-24,20,60,0.00019045001,0.03890987531513279,0.5272727272727272,0.010063287802040577,False,3
2021-09-24,21,60,8.092702e-06,-0.22733561041959774,0.004545454545454545,0.010063287802040577,False,3
2021-09-24,22,60,1.8325427e-05,-0.21239561790672368,0.06818181818181818,0.010063287802040577,False,3
2021-09-27,1,60,0.00088352343,1.0508115798048163,0.7727272727272727,0.010063287802040577,False,3
2021-09-27,2,60,0.00019041786,0.03886294267844494,0.5272727272727272,0.010063287802040577,False,3
2021-09-27,3,60,2.0878362e-05,-0.20866827899784693,0.07272727272727272,0.010063287802040577,False,3
2021-09-27,4,60,0.000112656344,-0.07467050484559822,0.42727272727272725,0.010063287802040577,False,3
2021-09-27,5,60,2.0081166e-05,-0.20983220148272289,0.07272727272727272,0.010063287802040577,False,3
2021-09-27,6,60,0.00018713373,0.034068037663387826,0.5272727272727272,0.010063287802040577,False,3
2021-09-27,7,60,5.011815e-05,-0.16597757771504984,0.2727272727272727,0.010063287802040577,False,3
2021-09-27,8,60,9.828058e-05,-0.09565942160465,0.39090909090909093,0.010063287802040577,False,3
2021-09-27,9,60,0.0005188739,0.5184156527673259,0.7181818181818181,0.010063287802040577,False,3
2021-09-27,10,60,4.0321607e-05,-0.1802807342907393,0.2,0.010063287802040577,False,3
2021-09-27,11,60,0.00020626822,0.06200479057081049,0.5545454545454546,0.010063287802040577,False,3
2021-09-27,12,60,1.5855048e-05,-0.21600242237418377,0.05,0.010063287802040577,False,3
2021-09-27,13,60,1.8712e-05,-0.2118312125829607,0.06818181818181818,0.010063287802040577,False,3
2021-09-27,14,60,1.3477523e-05,-0.21947365945602335,0.04090909090909091,0.010063287802040577,False,3
2021-09-27,15,60,8.7287815e-05,-0.11170908733974598,0.37272727272727274,0.010063287802040577,False,3
2021-09-27,16,60,0.00015188595,-0.017394458931924518,0.4863636363636364,0.010063287802040577,False,3
2021-09-27,17,60,0.00029674682,0.1941054392992526,0.6090909090909091,0.010063287802040577,False,3
2021-09-27,18,60,6.735276e-05,-0.14081468386014456,0.35454545454545455,0.010063287802040577,False,3
2021-09-27,19,60,3.62177e-05,-0.18627252246031548,0.15454545454545454,0.010063287802040577,False,3
2021-09-27,20,60,1.6766244e-05,-0.21467205793556737,0.06363636363636363,0.010063287802040577,False,3
2021-09-27,21,60,0.0059434776,8.438450598353937,0.9545454545454546,0.010063287802040577,False,3
2021-09-27,22,60,7.2066e-05,-0.13393325239985332,0.35909090909090907,0.010063287802040577,False,3
2021-09-16,1,65,9.5646035e-05,-0.02791162234487322,0.45454545454545453,0.009929392486810684,False,3
2021-09-16,2,65,0.0012878218,2.5589230201144204,0.8681818181818182,0.009929392486810684,False,3
2021-09-16,3,65,0.001336889,2.6653911477607295,0.8727272727272727,0.009929392486810684,False,3
2021-09-16,4,65,0.7664292,1662.79582017876,1.0,0.009929392486810684,True,3
2021-09-16,5,65,9.92795e-05,-0.020027566606100555,0.4636363636363636,0.009929392486810684,False,3
2021-09-16,6,65,9.901969e-05,-0.020591313376736333,0.4636363636363636,0.009929392486810684,False,3
2021-09-16,7,65,0.0008308296,1.5673215630631498,0.8272727272727273,0.009929392486810684,False,3
2021-09-16,8,65,2.276556e-05,-0.18605083662837682,0.1,0.009929392486810684,False,3
2021-09-16,9,65,0.0002323319,0.2686753042411353,0.6636363636363637,0.009929392486810684,False,3
2021-09-16,10,65,0.00016325581,0.11879100243940109,0.5909090909090909,0.009929392486810684,False,3
2021-09-16,11,65,1.4610456e-05,-0.20374613541814177,0.03636363636363636,0.009929392486810684,False,3
2021-09-16,12,65,2.6793416e-05,-0.177311021090897,0.13636363636363635,0.009929392486810684,False,3
2021-09-16,13,65,0.00032812377,0.4765286501634923,0.7045454545454546,0.009929392486810684,False,3
2021-09-16,14,65,3.4056793e-05,-0.1615506297928868,0.18636363636363637,0.009929392486810684,False,3
2021-09-16,15,65,0.00010544918,-0.006640333236892266,0.4863636363636364,0.009929392486810684,False,3
2021-09-16,16,65,5.1247192e-05,-0.12425015610126056,0.33181818181818185,0.009929392486810684,False,3
2021-09-16,17,65,4.5010027e-05,-0.13778382817246929,0.2772727272727273,0.009929392486810684,False,3
2021-09-16,18,65,0.00033543297,0.4923884565341667,0.7045454545454546,0.009929392486810684,False,3
2021-09-16,19,65,0.00011982712,0.024557543772150015,0.5318181818181819,0.009929392486810684,False,3
2021-09-16,20,65,0.0013102981,2.607693083520559,0.8727272727272727,0.009929392486810684,False,3
2021-09-16,21,65,0.00016059222,0.11301141396376856,0.5863636363636363,0.009929392486810684,False,3
2021-09-16,22,65,0.0001878087,0.1720669352116909,0.6181818181818182,0.009929392486810684,False,3
2021-09-23,1,65,0.00022536457,0.2535572666133631,0.6545454545454545,0.009929392486810684,False,3
2021-09-23,2,65,0.00013077504,0.04831280459248536,0.5454545454545454,0.009929392486810684,False,3
2021-09-23,3,65,2.2647719e-05,-0.186306534026641,0.1,0.009929392486810684,False,3
2021-09-23,4,65,0.7069275,1533.686435999977,1.0,0.009929392486810684,True,3
2021-09-23,5,65,0.00015157244,0.09343992209470527,0.5727272727272728,0.009929392486810684,False,3
2021-09-23,6,65,0.00013224574,0.05150400158593643,0.55,0.009929392486810684,False,3
2021-09-23,7,65,0.00010174202,-0.014684286681865198,0.4727272727272727,0.009929392486810684,False,3
2021-09-23,8,65,0.030312555,65.5380470211704,0.990909090909091,0.009929392486810684,True,3
2021-09-23,9,65,0.0012688779,2.5178176898824285,0.8681818181818182,0.009929392486810684,False,3
2021-09-23,10,65,0.0010752256,2.0976226845808537,0.8454545454545455,0.009929392486810684,False,3
2021-09-23,11,65,0.0004009284,0.634503289638163,0.7227272727272728,0.009929392486810684,False,3
2021-09-23,12,65,0.0004675221,0.7790011795514696,0.7318181818181818,0.009929392486810684,False,3
2021-09-23,13,65,6.7363486e-05,-0.08928032409408415,0.39090909090909093,0.009929392486810684,False,3
2021-09-23,14,65,0.00012594684,0.03783637887410208,0.5409090909090909,0.009929392486810684,False,3
2021-09-23,15,65,1.2803435e-05,-0.20766708672376652,0.01818181818181818,0.009929392486810684,False,3
2021-09-23,16,65,9.0499496e-05,-0.03907880678554918,0.45,0.009929392486810684,False,3
2021-09-23,17,65,0.00048353372,0.8137438819821996,0.740909090909091,0.009929392486810684,False,3
2021-09-23,18,65,9.676901e-06,-0.2144511767291244,0.004545454545454545,0.009929392486810684,False,3
2021-09-23,19,65,0.000105616724,-0.006276790140459254,0.4863636363636364,0.009929392486810684,False,3
2021-09-23,20,65,2.9770928e-05,-0.1708502846481702,0.1590909090909091,0.009929392486810684,False,3
2021-09-23,21,65,0.00012566698,0.03722912123475699,0.5409090909090909,0.009929392486810684,False,3
2021-09-23,22,65,4.764356e-05,-0.1320694744245243,0.3,0.009929392486810684,False,3
2021-09-24,1,65,0.0003343758,0.4900945685878718,0.7045454545454546,0.009929392486810684,False,3
2021-09-24,2,65,5.333541e-05,-0.11971905011550402,0.33181818181818185,0.009929392486810684,False,3
2021-09-24,3,65,2.2271019e-05,-0.18712391395530734,0.09545454545454546,0.009929392486810684,False,3
2021-09-24,4,65,0.002188494,4.513240527263239,0.9045454545454545,0.009929392486810684,False,3
2021-09-24,5,65,0.0014567003,2.9253628415803745,0.8818181818181818,0.009929392486810684,False,3
2021-09-24,6,65,3.8573016e-05,-0.15175113278192345,0.22727272727272727,0.009929392486810684,False,3
2021-09-24,7,65,4.996644e-05,-0.12702919181243305,0.32272727272727275,0.009929392486810684,False,3
2021-09-24,8,65,2.878412e-05,-0.17299150564946536,0.15454545454545454,0.009929392486810684,False,3
2021-09-24,9,65,7.094481e-05,-0.0815094187167192,0.4,0.009929392486810684,False,3
2021-09-24,10,65,0.0018509924,3.780915095338287,0.8909090909090909,0.009929392486810684,False,3
2021-09-24,11,65,0.0013156991,2.619412347630283,0.8727272727272727,0.009929392486810684,False,3
2021-09-24,12,65,9.772566e-05,-0.023399169512737888,0.45454545454545453,0.009929392486810684,False,3
2021-09-24,13,65,0.00010860075,0.0001980723362942886,0.5,0.009929392486810684,False,3
2021-09-24,14,65,0.0012281904,2.4295321795978913,0.8681818181818182,0.009929392486810684,False,3
2021-09-24,15,65,7.8617835e-05,-0.0648601489970574,0.41818181818181815,0.009929392486810684,False,3
2021-09-24,16,65,2.2379963e-05,-0.1868875209528031,0.09545454545454546,0.009929392486810684,False,3
2021-09-24,17,65,0.001021953,1.9820292731486293,0.8363636363636363,0.009929392486810684,False,3
2021-09-24,18,65,0.0020310732,4.1716621467798065,0.9,0.009929392486810684,False,3
2021-09-24,19,65,0.00044530965,0.7308036408706123,0.7227272727272728,0.009929392486810684,False,3
2021-09-24,20,65,0.00015502464,0.1009306433693909,0.5818181818181818,0.009929392486810684,False,3
2021-09-24,21,65,1.1705365e-05,-0.2100497271328001,0.00909090909090909,0.009929392486810684,False,3
2021-09-24,22,65,2.0780237e-05,-0.19035867707437648,0.08636363636363636,0.009929392486810684,False,3
2021-09-27,1,65,0.00032126255,0.4616408601805882,0.7045454545454546,0.009929392486810684,False,3
2021-09-27,2,65,7.111712e-05,-0.08113551889681982,0.4,0.009929392486810684,False,3
2021-09-27,3,65,2.542988e-05,-0.18026968122468934,0.1318181818181818,0.009929392486810684,False,3
2021-09-27,4,65,0.0001296568,0.045886394791348005,0.5409090909090909,0.009929392486810684,False,3
2021-09-27,5,65,1.1762726e-05,-0.20992526291932823,0.00909090909090909,0.009929392486810684,False,3
2021-09-27,6,65,0.0003134425,0.44467256864524823,0.7045454545454546,0.009929392486810684,False,3
2021-09-27,7,65,3.756262e-05,-0.15394353746839845,0.22727272727272727,0.009929392486810684,False,3
2021-09-27,8,65,2.203754e-05,-0.1876305250823078,0.09545454545454546,0.009929392486810684,False,3
2021-09-27,9,65,0.00034269816,0.5081527789665413,0.7045454545454546,0.009929392486810684,False,3
2021-09-27,10,65,2.5409807e-05,-0.18031323550954123,0.12727272727272726,0.009929392486810684,False,3
2021-09-27,11,65,0.0002799202,0.3719344579570676,0.6863636363636364,0.009929392486810684,False,3
2021-09-27,12,65,2.2143506e-05,-0.1874005971381259,0.09545454545454546,0.009929392486810684,False,3
2021-09-27,13,65,1.3066619e-05,-0.2070960184127229,0.022727272727272728,0.009929392486810684,False,3
2021-09-27,14,65,2.4237104e-05,-0.18285781615693739,0.12272727272727273,0.009929392486810684,False,3
2021-09-27,15,65,0.00013528593,0.05810072922799012,0.55,0.009929392486810684,False,3
2021-09-27,16,65,0.0001337248,0.054713322845453646,0.55,0.009929392486810684,False,3
2021-09-27,17,65,0.00030727606,0.43129237658498204,0.7045454545454546,0.009929392486810684,False,3
2021-09-27,18,65,6.6884764e-05,-0.09031907503992208,0.38636363636363635,0.009929392486810684,False,3
2021-09-27,19,65,2.6767928e-05,-0.1773663253626999,0.13636363636363635,0.009929392486810684,False,3
2021-09-27,20,65,1.8852068e-05,-0.19454250128255726,0.07727272727272727,0.009929392486810684,False,3
2021-09-27,21,65,0.011091291,23.83091537487904,0.9727272727272728,0.009929392486810684,True,3
2021-09-27,22,65,5.5164342e-05,-0.11575055418683206,0.33636363636363636,0.009929392486810684,False,3
2021-09-16,1,70,5.543704e-05,-0.12650192837118657,0.35454545454545455,0.007443020585924387,False,3
2021-09-16,2,70,0.00069482275,1.241792135999642,0.7954545454545454,0.007443020585924387,False,3
2021-09-16,3,70,0.0014802268,2.9225673152428553,0.8863636363636364,0.007443020585924387,False,3
2021-09-16,4,70,0.13399293,286.50153335164117,0.990909090909091,0.007443020585924387,True,3
2021-09-16,5,70,8.837427e-05,-0.05601581752026206,0.44545454545454544,0.007443020585924387,False,3
2021-09-16,6,70,9.4100564e-05,-0.0437614686943322,0.4636363636363636,0.007443020585924387,False,3
2021-09-16,7,70,0.0010086918,1.9134762427486156,0.8636363636363636,0.007443020585924387,False,3
2021-09-16,8,70,1.4642049e-05,-0.2138037645096418,0.05909090909090909,0.007443020585924387,False,3
2021-09-16,9,70,0.0002612394,0.31391787302773294,0.6772727272727272,0.007443020585924387,False,3
2021-09-16,10,70,0.0001403884,0.05529511452342719,0.5454545454545454,0.007443020585924387,False,3
2021-09-16,11,70,1.8846298e-05,-0.20480661416198867,0.11363636363636363,0.007443020585924387,False,3
2021-09-16,12,70,5.5679855e-05,-0.12598230471802205,0.35454545454545455,0.007443020585924387,False,3
2021-09-16,13,70,0.00024353732,0.2760352035604777,0.6727272727272727,0.007443020585924387,False,3
2021-09-16,14,70,5.124524e-05,-0.13547244317971427,0.32727272727272727,0.007443020585924387,False,3
2021-09-16,15,70,0.00011279092,-0.0037638537282850167,0.4954545454545455,0.007443020585924387,False,3
2021-09-16,16,70,1.9538515e-05,-0.2033252616717891,0.11818181818181818,0.007443020585924387,False,3
2021-09-16,17,70,8.1661005e-05,-0.07038229355776035,0.43636363636363634,0.007443020585924387,False,3
2021-09-16,18,70,0.00010749072,-0.01510635428690633,0.4909090909090909,0.007443020585924387,False,3
2021-09-16,19,70,0.00017119537,0.12122245115723827,0.5863636363636363,0.007443020585924387,False,3
2021-09-16,20,70,0.0009901838,1.8738687503592806,0.8636363636363636,0.007443020585924387,False,3
2021-09-16,21,70,0.0002381597,0.26452703131092775,0.6727272727272727,0.007443020585924387,False,3
2021-09-16,22,70,0.000110659385,-0.008325368379383734,0.4954545454545455,0.007443020585924387,False,3
2021-09-23,1,70,0.00082192523,1.5137931638180928,0.8272727272727273,0.007443020585924387,False,3
2021-09-23,2,70,0.0004532289,0.7247779988150154,0.740909090909091,0.007443020585924387,False,3
2021-09-23,3,70,4.829081e-05,-0.14179495915269286,0.32272727272727275,0.007443020585924387,False,3
2021-09-23,4,70,0.7464495,1597.1668187435603,1.0,0.007443020585924387,True,3
2021-09-23,5,70,0.00016237324,0.10234297860669894,0.5727272727272728,0.007443020585924387,False,3
2021-09-23,6,70,9.469079e-05,-0.042498377757477765,0.4636363636363636,0.007443020585924387,False,3
2021-09-23,7,70,9.793098e-05,-0.0355643323836179,0.4818181818181818,0.007443020585924387,False,3
2021-09-23,8,70,0.018521141,39.39035470198087,0.9863636363636363,0.007443020585924387,True,3
2021-09-23,9,70,0.00043976662,0.695968563718793,0.740909090909091,0.007443020585924387,False,3
2021-09-23,10,70,0.00083317317,1.5378638902930315,0.8318181818181818,0.007443020585924387,False,3
2021-09-23,11,70,0.0006350039,1.1137789906360753,0.7863636363636364,0.007443020585924387,False,3
2021-09-23,12,70,0.00027922398,0.3524051507429919,0.6772727272727272,0.007443020585924387,False,3
2021-09-23,13,70,0.0005010233,0.8270587181871111,0.7454545454545455,0.007443020585924387,False,3
2021-09-23,14,70,7.311896e-05,-0.08866238959790428,0.42272727272727273,0.007443020585924387,False,3
2021-09-23,15,70,1.2753945e-05,-0.2178443320025263,0.045454545454545456,0.007443020585924387,False,3
2021-09-23,16,70,7.5583695e-05,-0.08338781713796373,0.4318181818181818,0.007443020585924387,False,3
2021-09-23,17,70,0.00052030844,0.86832915574479,0.7545454545454545,0.007443020585924387,False,3
2021-09-23,18,70,1.075269e-05,-0.22212704447591033,0.02727272727272727,0.007443020585924387,False,3
2021-09-23,19,70,2.654833e-05,-0.18832416107029207,0.16363636363636364,0.007443020585924387,False,3
2021-09-23,20,70,1.830047e-05,-0.20597469300692142,0.1,0.007443020585924387,False,3
2021-09-23,21,70,0.00014008404,0.054643794332492515,0.5454545454545454,0.007443020585924387,False,3
2021-09-23,22,70,7.641817e-05,-0.08160203513035898,0.4318181818181818,0.007443020585924387,False,3
2021-09-24,1,70,0.0001936983,0.1693790387766251,0.6318181818181818,0.007443020585924387,False,3
2021-09-24,2,70,0.00011125358,-0.007053775868915856,0.4954545454545455,0.007443020585924387,False,3
2021-09-24,3,70,2.6678783e-05,-0.18804499103602682,0.16363636363636364,0.007443020585924387,False,3
2021-09-24,4,70,0.0017696233,3.5418797354901197,0.9045454545454545,0.007443020585924387,False,3
2021-09-24,5,70,0.0017259233,3.4483611800904317,0.9,0.007443020585924387,False,3
2021-09-24,6,70,4.744316e-05,-0.1436089396031803,0.32272727272727275,0.007443020585924387,False,3
2021-09-24,7,70,3.7277212e-05,-0.16536420956429562,0.2409090909090909,0.007443020585924387,False,3
2021-09-24,8,70,3.6052363e-05,-0.16798540352992616,0.23636363636363636,0.007443020585924387,False,3
2021-09-24,9,70,8.237555e-05,-0.06885316253526617,0.4409090909090909,0.007443020585924387,False,3
2021-09-24,10,70,0.0013373316,2.6167697607356866,0.8772727272727273,0.007443020585924387,False,3
2021-09-24,11,70,0.009192612,19.427176037178114,0.9727272727272728,0.007443020585924387,True,3
2021-09-24,12,70,0.00012600474,0.02451390603349653,0.5227272727272727,0.007443020585924387,False,3
2021-09-24,13,70,0.00011805793,0.007507613535785878,0.509090909090909,0.007443020585924387,False,3
2021-09-24,14,70,0.00045018122,0.718255952777807,0.740909090909091,0.007443020585924387,False,3
2021-09-24,15,70,2.9287397e-05,-0.18246252069691846,0.17727272727272728,0.007443020585924387,False,3
2021-09-24,16,70,4.6716727e-06,-0.2351405042205846,0.0,0.007443020585924387,False,3
2021-09-24,17,70,0.0061602043,12.937782520034776,0.9636363636363636,0.007443020585924387,False,3
2021-09-24,18,70,0.00034786973,0.49930798300195217,0.7045454545454546,0.007443020585924387,False,3
2021-09-24,19,70,0.0004649001,0.749754563287272,0.7454545454545455,0.007443020585924387,False,3
2021-09-24,20,70,0.00017310436,0.12530772197950774,0.5954545454545455,0.007443020585924387,False,3
2021-09-24,21,70,3.964343e-05,-0.16030047145877419,0.2545454545454545,0.007443020585924387,False,3
2021-09-24,22,70,5.559603e-05,-0.12616169414952474,0.35454545454545455,0.007443020585924387,False,3
2021-09-27,1,70,0.0012138688,2.352557793694505,0.8727272727272727,0.007443020585924387,False,3
2021-09-27,2,70,0.00014391378,0.06283949814362359,0.55,0.007443020585924387,False,3
2021-09-27,3,70,2.6361236e-05,-0.18872454470380137,0.16363636363636364,0.007443020585924387,False,3
2021-09-27,4,70,5.7502635e-05,-0.12208153049968243,0.36363636363636365,0.007443020585924387,False,3
2021-09-27,5,70,1.7408041e-05,-0.20788450300833183,0.09090909090909091,0.007443020585924387,False,3
2021-09-27,6,70,9.087975e-05,-0.05065404943351697,0.45,0.007443020585924387,False,3
2021-09-27,7,70,1.9494291e-05,-0.20341990006816732,0.11818181818181818,0.007443020585924387,False,3
2021-09-27,8,70,1.8383382e-05,-0.2057972615843599,0.1,0.007443020585924387,False,3
2021-09-27,9,70,0.00045016085,0.7182123549644047,0.740909090909091,0.007443020585924387,False,3
2021-09-27,10,70,4.3609136e-05,-0.15181380674044967,0.29545454545454547,0.007443020585924387,False,3
2021-09-27,11,70,0.00047432343,0.7699206073113124,0.7454545454545455,0.007443020585924387,False,3
2021-09-27,12,70,2.272697e-05,-0.19650192360267574,0.1409090909090909,0.007443020585924387,False,3
2021-09-27,13,70,2.6319085e-05,-0.18881474935826306,0.16363636363636364,0.007443020585924387,False,3
2021-09-27,14,70,3.18017e-05,-0.1770818770925673,0.20909090909090908,0.007443020585924387,False,3
2021-09-27,15,70,9.625282e-05,-0.03915560883874431,0.4681818181818182,0.007443020585924387,False,3
2021-09-27,16,70,0.00017004613,0.11876306736192074,0.5863636363636363,0.007443020585924387,False,3
2021-09-27,17,70,0.012856011,27.266899964924196,0.9772727272727273,0.007443020585924387,True,3
2021-09-27,18,70,7.164118e-05,-0.09182485041692404,0.42272727272727273,0.007443020585924387,False,3
2021-09-27,19,70,2.262846e-05,-0.19671273849378526,0.1409090909090909,0.007443020585924387,False,3
2021-09-27,20,70,2.7884505e-05,-0.18546472841038958,0.17272727272727273,0.007443020585924387,False,3
2021-09-27,21,70,0.013435477,28.506965277173535,0.9772727272727273,0.007443020585924387,True,3
2021-09-27,22,70,4.677327e-05,-0.14504251356108527,0.31363636363636366,0.007443020585924387,False,3
2021-09-16,1,75,6.986344e-05,-0.023218247565479647,0.4681818181818182,0.0056245033629238605,False,3
2021-09-16,2,75,0.000680435,1.6288919716213883,0.8272727272727273,0.0056245033629238605,False,3
2021-09-16,3,75,0.0007178755,1.730200071642658,0.8318181818181818,0.0056245033629238605,False,3
2021-09-16,4,75,0.13676986,369.8653970945262,1.0,0.0056245033629238605,True,3
2021-09-16,5,75,8.352248e-05,0.013740955393744706,0.5136363636363637,0.0056245033629238605,False,3
2021-09-16,6,75,1.6909122e-05,-0.1665042723269933,0.12272727272727273,0.0056245033629238605,False,3
2021-09-16,7,75,0.0031166407,8.22088016331823,0.9272727272727272,0.0056245033629238605,False,3
2021-09-16,8,75,0.00013458483,0.15190761539985265,0.6045454545454545,0.0056245033629238605,False,3
2021-09-16,9,75,0.00022519808,0.3970927617184484,0.6909090909090909,0.0056245033629238605,False,3
2021-09-16,10,75,0.0001927811,0.3093775270178927,0.6590909090909091,0.0056245033629238605,False,3
2021-09-16,11,75,1.163496e-05,-0.18077532107873706,0.05454545454545454,0.0056245033629238605,False,3
2021-09-16,12,75,4.0218878e-05,-0.10343175143746683,0.29545454545454547,0.0056245033629238605,False,3
2021-09-16,13,75,0.00022384814,0.39344004387616305,0.6863636363636364,0.0056245033629238605,False,3
2021-09-16,14,75,3.486746e-05,-0.11791184797144372,0.2590909090909091,0.0056245033629238605,False,3
2021-09-16,15,75,0.000100425146,0.059476906910153365,0.5681818181818182,0.0056245033629238605,False,3
2021-09-16,16,75,1.709526e-05,-0.16600060956232632,0.12272727272727273,0.0056245033629238605,False,3
2021-09-16,17,75,4.8404e-05,-0.08128410532457567,0.36363636363636365,0.0056245033629238605,False,3
2021-09-16,18,75,0.00017585923,0.26358961994408864,0.6272727272727273,0.0056245033629238605,False,3
2021-09-16,19,75,9.3181734e-05,0.03987737671419594,0.5454545454545454,0.0056245033629238605,False,3
2021-09-16,20,75,0.00044753807,0.9987096874727288,0.7636363636363637,0.0056245033629238605,False,3
2021-09-16,21,75,2.4051109e-05,-0.1471791822527494,0.16363636363636364,0.0056245033629238605,False,3
2021-09-16,22,75,6.4515196e-05,-0.03768975046519998,0.4636363636363636,0.0056245033629238605,False,3
2021-09-23,1,75,0.00015699134,0.21253610867557132,0.6136363636363636,0.0056245033629238605,False,3
2021-09-23,2,75,0.0004539248,1.015991141429807,0.7636363636363637,0.0056245033629238605,False,3
2021-09-23,3,75,2.8781016e-05,-0.13438079989562426,0.21818181818181817,0.0056245033629238605,False,3
2021-09-23,4,75,0.33964732,918.8197849410543,1.0,0.0056245033629238605,True,3
2021-09-23,5,75,0.00013641798,0.15686782565507493,0.6045454545454545,0.0056245033629238605,False,3
2021-09-23,6,75,8.0780075e-05,0.006320445729266594,0.5045454545454545,0.0056245033629238605,False,3
2021-09-23,7,75,0.0001150168,0.09895962613910966,0.5772727272727273,0.0056245033629238605,False,3
2021-09-23,8,75,0.00132952,3.3852136201395275,0.8909090909090909,0.0056245033629238605,False,3
2021-09-23,9,75,0.0003839001,0.8265153858254711,0.7454545454545455,0.0056245033629238605,False,3
2021-09-23,10,75,0.0012682931,3.2195433142434804,0.8909090909090909,0.0056245033629238605,False,3
2021-09-23,11,75,0.0020466743,5.325719786821465,0.9136363636363637,0.0056245033629238605,False,3
2021-09-23,12,75,0.00029903135,0.5968739483979973,0.7136363636363636,0.0056245033629238605,False,3
2021-09-23,13,75,0.008444716,22.637811418312126,0.9818181818181818,0.0056245033629238605,True,3
2021-09-23,14,75,9.008458e-05,0.03149695908763915,0.5227272727272727,0.0056245033629238605,False,3
2021-09-23,15,75,1.2248769e-05,-0.17911445114076077,0.05454545454545454,0.0056245033629238605,False,3
2021-09-23,16,75,7.078641e-05,-0.020720837043798578,0.4681818181818182,0.0056245033629238605,False,3
2021-09-23,17,75,0.0004745235,1.071727976648428,0.7681818181818182,0.0056245033629238605,False,3
2021-09-23,18,75,6.585338e-06,-0.19443880210339584,0.004545454545454545,0.0056245033629238605,False,3
2021-09-23,19,75,2.45568e-05,-0.1458108600999631,0.16363636363636364,0.0056245033629238605,False,3
2021-09-23,20,75,2.7613632e-05,-0.13753955603459406,0.2,0.0056245033629238605,False,3
2021-09-23,21,75,5.409567e-05,-0.0658833382009676,0.39545454545454545,0.0056245033629238605,False,3
2021-09-23,22,75,0.00010389265,0.06885942301015611,0.5681818181818182,0.0056245033629238605,False,3
2021-09-24,1,75,6.9212e-05,-0.024980936811511804,0.4681818181818182,0.0056245033629238605,False,3
2021-09-24,2,75,3.8490412e-05,-0.10810870645130005,0.2818181818181818,0.0056245033629238605,False,3
2021-09-24,3,75,2.1715055e-05,-0.15350017431271618,0.15,0.0056245033629238605,False,3
2021-09-24,4,75,0.0015176696,3.894316814825277,0.9,0.0056245033629238605,False,3
2021-09-24,5,75,0.00040886062,0.8940546179253352,0.7545454545454545,0.0056245033629238605,False,3
2021-09-24,6,75,5.0035535e-05,-0.07686942842200467,0.37272727272727274,0.0056245033629238605,False,3
2021-09-24,7,75,3.4614375e-05,-0.11859665135555192,0.2545454545454545,0.0056245033629238605,False,3
2021-09-24,8,75,4.7416157e-05,-0.08395705042364858,0.36363636363636365,0.0056245033629238605,False,3
2021-09-24,9,75,7.854935e-05,0.0002844463407533828,0.5,0.0056245033629238605,False,3
2021-09-24,10,75,0.0020549812,5.3481970327691934,0.9136363636363637,0.0056245033629238605,False,3
2021-09-24,11,75,0.0027796598,7.30906300541819,0.9272727272727272,0.0056245033629238605,False,3
2021-09-24,12,75,6.530458e-05,-0.035553804147300194,0.4636363636363636,0.0056245033629238605,False,3
2021-09-24,13,75,9.8926634e-05,0.05542216842292176,0.5636363636363636,0.0056245033629238605,False,3
2021-09-24,14,75,0.00014301909,0.17472939422155517,0.6045454545454545,0.0056245033629238605,False,3
2021-09-24,15,75,2.1751617e-05,-0.15340124415890347,0.15,0.0056245033629238605,False,3
2021-09-24,16,75,3.853433e-06,-0.20183090503241474,0.0,0.0056245033629238605,False,3
2021-09-24,17,75,0.0038372288,10.170677613795142,0.9454545454545454,0.0056245033629238605,False,3
2021-09-24,18,75,0.00041182886,0.9020862107826874,0.759090909090909,0.0056245033629238605,False,3
2021-09-24,19,75,0.00021041949,0.35710422885531184,0.6681818181818182,0.0056245033629238605,False,3
2021-09-24,20,75,0.00012426292,0.12397816625286669,0.5909090909090909,0.0056245033629238605,False,3
2021-09-24,21,75,3.1152675e-05,-0.1279634666002978,0.22272727272727272,0.0056245033629238605,False,3
2021-09-24,22,75,2.4173578e-05,-0.1468478006907643,0.16363636363636364,0.0056245033629238605,False,3
2021-09-27,1,75,0.0023386935,6.115877701274007,0.9181818181818182,0.0056245033629238605,False,3
2021-09-27,2,75,0.00011852377,0.10844892774245171,0.5818181818181818,0.0056245033629238605,False,3
2021-09-27,3,75,1.5785512e-05,-0.16954458298578887,0.10454545454545454,0.0056245033629238605,False,3
2021-09-27,4,75,0.0002155271,0.3709246433735915,0.6772727272727272,0.0056245033629238605,False,3
2021-09-27,5,75,2.4797095e-05,-0.14516066258209656,0.16818181818181818,0.0056245033629238605,False,3
2021-09-27,6,75,5.163916e-05,-0.07253027312540887,0.38636363636363635,0.0056245033629238605,False,3
2021-09-27,7,75,1.3437148e-05,-0.17589888645277077,0.05909090909090909,0.0056245033629238605,False,3
2021-09-27,8,75,1.4550248e-05,-0.1728870120608236,0.07727272727272727,0.0056245033629238605,False,3
2021-09-27,9,75,6.1977815e-05,-0.04455550313980068,0.4590909090909091,0.0056245033629238605,False,3
2021-09-27,10,75,0.00022678374,0.40138331819222095,0.6909090909090909,0.0056245033629238605,False,3
2021-09-27,11,75,0.00011765447,0.10609673290525272,0.5818181818181818,0.0056245033629238605,False,3
2021-09-27,12,75,2.5369032e-05,-0.1436130898187777,0.16818181818181818,0.0056245033629238605,False,3
2021-09-27,13,75,1.3299184e-05,-0.1762721952045695,0.05909090909090909,0.0056245033629238605,False,3
2021-09-27,14,75,5.5636814e-05,-0.06171325010752932,0.41818181818181815,0.0056245033629238605,False,3
2021-09-27,15,75,0.00014491529,0.17986021715596967,0.6090909090909091,0.0056245033629238605,False,3
2021-09-27,16,75,0.00016826195,0.243032583672374,0.6272727272727273,0.0056245033629238605,False,3
2021-09-27,17,75,0.000844312,2.0723173567311908,0.85,0.0056245033629238605,False,3
2021-09-27,18,75,6.381429e-05,-0.039586295654669444,0.4590909090909091,0.0056245033629238605,False,3
2021-09-27,19,75,2.816448e-05,-0.13604904775900178,0.20909090909090908,0.0056245033629238605,False,3
2021-09-27,20,75,6.904884e-05,-0.025422431080019185,0.4681818181818182,0.0056245033629238605,False,3
2021-09-27,21,75,0.022016017,59.35960846851074,0.9863636363636363,0.0056245033629238605,True,3
2021-09-27,22,75,4.3158678e-05,-0.09547711738036417,0.3409090909090909,0.0056245033629238605,False,3
2021-09-16,1,80,4.254989e-05,-0.10878109259941994,0.31363636363636366,0.005838871002197266,False,3
2021-09-16,2,80,0.00035448046,0.7095617845160834,0.7272727272727273,0.005838871002197266,False,3
2021-09-16,3,80,0.0005701774,1.2754378468647523,0.7909090909090909,0.005838871002197266,False,3
2021-09-16,4,80,0.121186584,317.7098818143824,0.9954545454545455,0.005838871002197266,True,3
2021-09-16,5,80,4.648362e-05,-0.0984610444560248,0.3409090909090909,0.005838871002197266,False,3
2021-09-16,6,80,2.1741724e-05,-0.16337085406695837,0.14545454545454545,0.005838871002197266,False,3
2021-09-16,7,80,0.0027583386,7.016029758334764,0.9136363636363637,0.005838871002197266,False,3
2021-09-16,8,80,4.583055e-05,-0.10017435407311674,0.3409090909090909,0.005838871002197266,False,3
2021-09-16,9,80,0.00021693029,0.34870198070871244,0.6590909090909091,0.005838871002197266,False,3
2021-09-16,10,80,0.00015358011,0.18250420967666992,0.6045454545454545,0.005838871002197266,False,3
2021-09-16,11,80,1.3409062e-05,-0.18523140452796807,0.05,0.005838871002197266,False,3
2021-09-16,12,80,0.00025326986,0.44403802034792106,0.6772727272727272,0.005838871002197266,False,3
2021-09-16,13,80,0.0002249985,0.36986874261094427,0.6636363636363637,0.005838871002197266,False,3
2021-09-16,14,80,6.9837064e-05,-0.03719380492461937,0.45454545454545453,0.005838871002197266,False,3
2021-09-16,15,80,5.6937006e-05,-0.07103681893433801,0.39090909090909093,0.005838871002197266,False,3
2021-09-16,16,80,5.6418467e-05,-0.0723971952073429,0.39090909090909093,0.005838871002197266,False,3
2021-09-16,17,80,3.81804e-05,-0.12024435883474388,0.2818181818181818,0.005838871002197266,False,3
2021-09-16,18,80,0.00013038903,0.12166292582677575,0.5818181818181818,0.005838871002197266,False,3
2021-09-16,19,80,8.979974e-05,0.015177823111352188,0.509090909090909,0.005838871002197266,False,3
2021-09-16,20,80,0.00025774827,0.4557870290692133,0.6863636363636364,0.005838871002197266,False,3
2021-09-16,21,80,2.1673017e-05,-0.16355110499684908,0.14545454545454545,0.005838871002197266,False,3
2021-09-16,22,80,9.3089984e-05,0.023809710488669998,0.5227272727272727,0.005838871002197266,False,3
2021-09-23,1,80,0.00021853838,0.3529207648894667,0.6590909090909091,0.005838871002197266,False,3
2021-09-23,2,80,0.00031359913,0.6023105151349866,0.7227272727272728,0.005838871002197266,False,3
2021-09-23,3,80,2.8710183e-05,-0.14508925711377366,0.20454545454545456,0.005838871002197266,False,3
2021-09-23,4,80,0.33208907,871.007824074787,1.0,0.005838871002197266,True,3
2021-09-23,5,80,0.00015843364,0.1952373354096581,0.6045454545454545,0.005838871002197266,False,3
2021-09-23,6,80,6.8336594e-05,-0.04113025388309116,0.43636363636363634,0.005838871002197266,False,3
2021-09-23,7,80,8.976215e-05,0.015079212891738152,0.509090909090909,0.005838871002197266,False,3
2021-09-23,8,80,0.0013367408,3.2864997813410004,0.8772727272727273,0.005838871002197266,False,3
2021-09-23,9,80,9.53688e-05,0.029788131619656585,0.5227272727272727,0.005838871002197266,False,3
2021-09-23,10,80,0.00058346335,1.3102932572203436,0.7909090909090909,0.005838871002197266,False,3
2021-09-23,11,80,0.0011719888,2.854276567125717,0.8772727272727273,0.005838871002197266,False,3
2021-09-23,12,80,0.00020652209,0.3213963031484877,0.6545454545454545,0.005838871002197266,False,3
2021-09-23,13,80,0.0077974657,20.236066872026043,0.9727272727272728,0.005838871002197266,True,3
2021-09-23,14,80,6.8842855e-05,-0.039802089136528135,0.43636363636363634,0.005838871002197266,False,3
2021-09-23,15,80,0.00010038925,0.04295916231744648,0.5454545454545454,0.005838871002197266,False,3
2021-09-23,16,80,8.443999e-05,0.0011166471616727578,0.5045454545454545,0.005838871002197266,False,3
2021-09-23,17,80,0.00048276968,1.0461256794407099,0.7681818181818182,0.005838871002197266,False,3
2021-09-23,18,80,8.430949e-06,-0.1982913746546644,0.004545454545454545,0.005838871002197266,False,3
2021-09-23,19,80,3.339711e-05,-0.13279320600401665,0.2545454545454545,0.005838871002197266,False,3
2021-09-23,20,80,2.6517537e-05,-0.1508416153661522,0.18636363636363637,0.005838871002197266,False,3
2021-09-23,21,80,6.505688e-05,-0.049734501384682855,0.42272727272727273,0.005838871002197266,False,3
2021-09-23,22,80,7.463654e-05,-0.024602486261223255,0.4727272727272727,0.005838871002197266,False,3
2021-09-24,1,80,6.112841e-05,-0.060040758222682886,0.40454545454545454,0.005838871002197266,False,3
2021-09-24,2,80,5.5480617e-05,-0.07485762135476651,0.38636363636363635,0.005838871002197266,False,3
2021-09-24,3,80,1.8090803e-05,-0.1729489633846425,0.11818181818181818,0.005838871002197266,False,3
2021-09-24,4,80,0.0007985207,1.8744913805939927,0.8409090909090909,0.005838871002197266,False,3
2021-09-24,5,80,0.0003971124,0.8214057017560917,0.7454545454545455,0.005838871002197266,False,3
2021-09-24,6,80,5.9901977e-05,-0.06325828408759614,0.40454545454545454,0.005838871002197266,False,3
2021-09-24,7,80,2.5407797e-05,-0.153752993339606,0.17272727272727273,0.005838871002197266,False,3
2021-09-24,8,80,4.104938e-05,-0.11271764654360754,0.3,0.005838871002197266,False,3
2021-09-24,9,80,5.015525e-05,-0.08882860503040871,0.35909090909090907,0.005838871002197266,False,3
2021-09-24,10,80,0.005076488,13.097642914633104,0.9636363636363636,0.005838871002197266,False,3
2021-09-24,11,80,0.00079531485,1.8660809176354753,0.8409090909090909,0.005838871002197266,False,3
2021-09-24,12,80,4.1784675e-05,-0.1107886199129929,0.3090909090909091,0.005838871002197266,False,3
2021-09-24,13,80,0.00011782434,0.08869973983632927,0.5818181818181818,0.005838871002197266,False,3
2021-09-24,14,80,0.00024060778,0.4108193563901276,0.6681818181818182,0.005838871002197266,False,3
2021-09-24,15,80,1.2835429e-05,-0.1867363198852151,0.045454545454545456,0.005838871002197266,False,3
2021-09-24,16,80,4.9383593e-06,-0.2074541044086857,0.0,0.005838871002197266,False,3
2021-09-24,17,80,0.008784388,22.825236048332503,0.9772727272727273,0.005838871002197266,True,3
2021-09-24,18,80,0.00020259774,0.31110086938337217,0.65,0.005838871002197266,False,3
2021-09-24,19,80,0.00037432267,0.7616173673708413,0.7272727272727273,0.005838871002197266,False,3
2021-09-24,20,80,0.00010149396,0.04585735981148803,0.55,0.005838871002197266,False,3
2021-09-24,21,80,2.5711872e-05,-0.15295525937801965,0.17272727272727273,0.005838871002197266,False,3
2021-09-24,22,80,2.7221256e-05,-0.14899542246531208,0.2,0.005838871002197266,False,3
2021-09-27,1,80,0.0035013596,8.965328787082798,0.9363636363636364,0.005838871002197266,False,3
2021-09-27,2,80,0.000101698955,0.04639515391280546,0.55,0.005838871002197266,False,3
2021-09-27,3,80,1.4403863e-05,-0.1826215670046731,0.06818181818181818,0.005838871002197266,False,3
2021-09-27,4,80,0.0002608613,0.46395400152029814,0.6863636363636364,0.005838871002197266,False,3
2021-09-27,5,80,2.0304313e-05,-0.16714186939770273,0.1318181818181818,0.005838871002197266,False,3
2021-09-27,6,80,6.258146e-05,-0.056228726881602555,0.41363636363636364,0.005838871002197266,False,3
2021-09-27,7,80,1.6623306e-05,-0.17679890888536443,0.09090909090909091,0.005838871002197266,False,3
2021-09-27,8,80,1.5151687e-05,-0.1806596679148148,0.07272727272727272,0.005838871002197266,False,3
2021-09-27,9,80,3.2944197e-05,-0.13398141524724827,0.2545454545454545,0.005838871002197266,False,3
2021-09-27,10,80,0.00018227847,0.257793704089657,0.6318181818181818,0.005838871002197266,False,3
2021-09-27,11,80,0.00015366948,0.1827386523242308,0.6045454545454545,0.005838871002197266,False,3
2021-09-27,12,80,2.3188119e-05,-0.15957626944301456,0.1590909090909091,0.005838871002197266,False,3
2021-09-27,13,80,2.2744814e-05,-0.16073926779821768,0.15454545454545454,0.005838871002197266,False,3
2021-09-27,14,80,6.0502596e-05,-0.06168257256730786,0.40454545454545454,0.005838871002197266,False,3
2021-09-27,15,80,9.3363175e-05,0.024526419338040534,0.5227272727272727,0.005838871002197266,False,3
2021-09-27,16,80,0.00017285201,0.23306361246294405,0.6318181818181818,0.005838871002197266,False,3
2021-09-27,17,80,0.0011160142,2.7074285034032815,0.8727272727272727,0.005838871002197266,False,3
2021-09-27,18,80,5.035524e-05,-0.08830393414356759,0.36363636363636365,0.005838871002197266,False,3
2021-09-27,19,80,2.9261182e-05,-0.14364372310901244,0.21818181818181817,0.005838871002197266,False,3
2021-09-27,20,80,5.3186897e-05,-0.08087514489281453,0.37727272727272726,0.005838871002197266,False,3
2021-09-27,21,80,0.027964007,73.14253704004618,0.9954545454545455,0.005838871002197266,True,3
2021-09-27,22,80,5.9681603e-05,-0.06383643088040873,0.40454545454545454,0.005838871002197266,False,3
2021-09-16,1,100,4.129907e-05,-0.1851237313911081,0.2636363636363636,0.005017274525016546,False,3
2021-09-16,2,100,0.00030284346,0.486832897982322,0.6681818181818182,0.005017274525016546,False,3
2021-09-16,3,100,0.0005421834,1.1017421527900269,0.7681818181818182,0.005017274525016546,False,3
2021-09-16,4,100,0.27217287,698.9719609809403,1.0,0.005017274525016546,True,3
2021-09-16,5,100,0.00013899764,0.06588223048905935,0.5681818181818182,0.005017274525016546,False,3
2021-09-16,6,100,3.42849e-05,-0.2031444473492536,0.20909090909090908,0.005017274525016546,False,3
2021-09-16,7,100,0.000474533,0.9279355794454436,0.7545454545454545,0.005017274525016546,False,3
2021-09-16,8,100,0.00068361673,1.4651109107776015,0.7909090909090909,0.005017274525016546,False,3
2021-09-16,9,100,0.00014736276,0.08737380640323554,0.5818181818181818,0.005017274525016546,False,3
2021-09-16,10,100,1.6734231e-05,-0.24823541373003186,0.06363636363636363,0.005017274525016546,False,3
2021-09-16,11,100,8.619177e-06,-0.26908451257471366,0.0,0.005017274525016546,False,3
2021-09-16,12,100,9.927553e-05,-0.03617132231777145,0.4772727272727273,0.005017274525016546,False,3
2021-09-16,13,100,6.583205e-05,-0.12209390234361162,0.37272727272727274,0.005017274525016546,False,3
2021-09-16,14,100,8.395704e-05,-0.07552739427425922,0.41818181818181815,0.005017274525016546,False,3
2021-09-16,15,100,5.9815327e-05,-0.13755199106449,0.34545454545454546,0.005017274525016546,False,3
2021-09-16,16,100,2.7522565e-05,-0.22051816012241812,0.1590909090909091,0.005017274525016546,False,3
2021-09-16,17,100,3.5052926e-05,-0.20117124793011706,0.21818181818181817,0.005017274525016546,False,3
2021-09-16,18,100,0.0001342302,0.05363378153707952,0.5545454545454546,0.005017274525016546,False,3
2021-09-16,19,100,0.00012245755,0.023387646773694336,0.5318181818181819,0.005017274525016546,False,3
2021-09-16,20,100,0.006168907,15.557851400310149,0.9772727272727273,0.005017274525016546,True,3
2021-09-16,21,100,1.8069819e-05,-0.24480403869888093,0.07272727272727272,0.005017274525016546,False,3
2021-09-16,22,100,0.00013538594,0.05660310022928058,0.5590909090909091,0.005017274525016546,False,3
2021-09-23,1,100,0.0002664972,0.3934525320857717,0.6545454545454545,0.005017274525016546,False,3
2021-09-23,2,100,5.729737e-05,-0.14402109759590387,0.3409090909090909,0.005017274525016546,False,3
2021-09-23,3,100,1.3997489e-05,-0.2552666184736233,0.045454545454545456,0.005017274525016546,False,3
2021-09-23,4,100,0.17040314,437.5064196382155,1.0,0.005017274525016546,True,3
2021-09-23,5,100,6.5924905e-05,-0.12185533843720112,0.37272727272727274,0.005017274525016546,False,3
2021-09-23,6,100,9.892239e-05,-0.03707860167818782,0.4772727272727273,0.005017274525016546,False,3
2021-09-23,7,100,0.000117271855,0.01006461341801542,0.509090909090909,0.005017274525016546,False,3
2021-09-23,8,100,0.0005953123,1.238240187508389,0.7727272727272727,0.005017274525016546,False,3
2021-09-23,9,100,0.00023403896,0.3100612306315467,0.6272727272727273,0.005017274525016546,False,3
2021-09-23,10,100,0.00038625044,0.701121085625415,0.7272727272727273,0.005017274525016546,False,3
2021-09-23,11,100,0.00041909562,0.7855065342094569,0.7454545454545455,0.005017274525016546,False,3
2021-09-23,12,100,0.00020373834,0.23221324063375254,0.6090909090909091,0.005017274525016546,False,3
2021-09-23,13,100,0.0039344262,9.817050752819068,0.9545454545454546,0.005017274525016546,False,3
2021-09-23,14,100,0.00010885829,-0.011551422493722374,0.4863636363636364,0.005017274525016546,False,3
2021-09-23,15,100,3.8346905e-05,-0.1927083980418496,0.23636363636363636,0.005017274525016546,False,3
2021-09-23,16,100,4.9640636e-05,-0.16369268438532847,0.3090909090909091,0.005017274525016546,False,3
2021-09-23,17,100,0.0004456891,0.8538301752259323,0.75,0.005017274525016546,False,3
2021-09-23,18,100,1.5587435e-05,-0.25118174900874507,0.05909090909090909,0.005017274525016546,False,3
2021-09-23,19,100,6.175558e-05,-0.13256712327990583,0.35909090909090907,0.005017274525016546,False,3
2021-09-23,20,100,5.538288e-05,-0.1489397817485615,0.33636363636363636,0.005017274525016546,False,3
2021-09-23,21,100,0.00027107372,0.40521046882146794,0.6590909090909091,0.005017274525016546,False,3
2021-09-23,22,100,9.1678274e-05,-0.05569010071878102,0.4590909090909091,0.005017274525016546,False,3
2021-09-24,1,100,7.876927e-05,-0.08885575522070188,0.4,0.005017274525016546,False,3
2021-09-24,2,100,0.00030572093,0.49422564985911244,0.6681818181818182,0.005017274525016546,False,3
2021-09-24,3,100,1.6528018e-05,-0.24876521459153553,0.06363636363636363,0.005017274525016546,False,3
2021-09-24,4,100,0.00041256892,0.7687381946401124,0.7454545454545455,0.005017274525016546,False,3
2021-09-24,5,100,0.00030518448,0.49284743016848137,0.6681818181818182,0.005017274525016546,False,3
2021-09-24,6,100,4.098238e-05,-0.18593736666053845,0.2636363636363636,0.005017274525016546,False,3
2021-09-24,7,100,0.0005849401,1.2115920645339295,0.7727272727272727,0.005017274525016546,False,3
2021-09-24,8,100,4.1431336e-05,-0.18478391522023493,0.2636363636363636,0.005017274525016546,False,3
2021-09-24,9,100,3.1405118e-05,-0.21054315304238883,0.18181818181818182,0.005017274525016546,False,3
2021-09-24,10,100,0.0043524895,10.891133727414132,0.9545454545454546,0.005017274525016546,False,3
2021-09-24,11,100,0.0005307852,1.072457975292265,0.7636363636363637,0.005017274525016546,False,3
2021-09-24,12,100,0.00073552446,1.5984716114150446,0.7954545454545454,0.005017274525016546,False,3
2021-09-24,13,100,0.0007540711,1.6461214336596282,0.7954545454545454,0.005017274525016546,False,3
2021-09-24,14,100,8.407057e-05,-0.07523572269991953,0.41818181818181815,0.005017274525016546,False,3
2021-09-24,15,100,1.8471283e-05,-0.243772603107043,0.07272727272727272,0.005017274525016546,False,3
2021-09-24,16,100,5.130288e-06,-0.27804812211316576,0.0,0.005017274525016546,False,3
2021-09-24,17,100,0.0023539977,5.756633097602942,0.9090909090909091,0.005017274525016546,False,3
2021-09-24,18,100,5.325232e-05,-0.15441359151215156,0.32727272727272727,0.005017274525016546,False,3
2021-09-24,19,100,0.0001524392,0.10041612245891708,0.5818181818181818,0.005017274525016546,False,3
2021-09-24,20,100,0.00011684656,0.00897195259232143,0.509090909090909,0.005017274525016546,False,3
2021-09-24,21,100,0.00071863906,1.555089843637758,0.7954545454545454,0.005017274525016546,False,3
2021-09-24,22,100,3.3459368e-05,-0.2052653986189048,0.20909090909090908,0.005017274525016546,False,3
2021-09-27,1,100,0.0036786767,9.159982122568193,0.9454545454545454,0.005017274525016546,False,3
2021-09-27,2,100,0.0004539365,0.875019256144533,0.75,0.005017274525016546,False,3
2021-09-27,3,100,0.00014220116,0.07411266656692077,0.5727272727272728,0.005017274525016546,False,3
2021-09-27,4,100,0.00066667213,1.4215770543039854,0.7863636363636364,0.005017274525016546,False,3
2021-09-27,5,100,3.1440355e-05,-0.2104526213860069,0.18181818181818182,0.005017274525016546,False,3
2021-09-27,6,100,2.3322136e-05,-0.23130984947992866,0.11363636363636363,0.005017274525016546,False,3
2021-09-27,7,100,9.341438e-05,-0.05122971087826201,0.4681818181818182,0.005017274525016546,False,3
2021-09-27,8,100,5.1374365e-05,-0.1592384072542121,0.3181818181818182,0.005017274525016546,False,3
2021-09-27,9,100,4.1343636e-05,-0.18500923492293975,0.2636363636363636,0.005017274525016546,False,3
2021-09-27,10,100,5.3089403e-05,-0.15483215321317315,0.32727272727272727,0.005017274525016546,False,3
2021-09-27,11,100,0.000112483096,-0.0022386069056759567,0.4954545454545455,0.005017274525016546,False,3
2021-09-27,12,100,1.5676762e-05,-0.2509522513532834,0.05909090909090909,0.005017274525016546,False,3
2021-09-27,13,100,3.8808008e-05,-0.19152373813565107,0.23636363636363636,0.005017274525016546,False,3
2021-09-27,14,100,0.00023538615,0.313522407457698,0.6272727272727273,0.005017274525016546,False,3
2021-09-27,15,100,0.0001081081,-0.01347879528564017,0.4863636363636364,0.005017274525016546,False,3
2021-09-27,16,100,2.8660641e-05,-0.21759422876486403,0.17272727272727273,0.005017274525016546,False,3
2021-09-27,17,100,0.00024754446,0.3447593993299372,0.6409090909090909,0.005017274525016546,False,3
2021-09-27,18,100,0.00024464252,0.33730376318883354,0.6409090909090909,0.005017274525016546,False,3
2021-09-27,19,100,4.1794003e-05,-0.18385215698225668,0.2636363636363636,0.005017274525016546,False,3
2021-09-27,20,100,8.6363e-05,-0.06934604307064116,0.42727272727272725,0.005017274525016546,False,3
2021-09-27,21,100,0.0023415266,5.724592480723918,0.9045454545454545,0.005017274525016546,False,3
2021-09-27,22,100,5.3483578e-05,-0.1538194436355373,0.32727272727272727,0.005017274525016546,False,3
2021-09-28,1,20,0.0008607903,-0.10739642142650302,0.4590909090909091,0.04911040887236595,False,4
2021-09-28,2,20,0.0022804183,0.24464500059796843,0.6363636363636364,0.04911040887236595,False,4
2021-09-28,3,20,0.00019821596,-0.27170257868627945,0.23636363636363636,0.04911040887236595,False,4
2021-09-28,4,20,0.0013267949,0.00816406512769187,0.509090909090909,0.04911040887236595,False,4
2021-09-28,5,20,4.6953017e-05,-0.30921298426856075,0.04090909090909091,0.04911040887236595,False,4
2021-09-28,6,20,0.0012706316,-0.005763389990134209,0.4954545454545455,0.04911040887236595,False,4
2021-09-28,7,20,4.0942534e-05,-0.31070347264153775,0.04090909090909091,0.04911040887236595,False,4
2021-09-28,8,20,5.6276283e-05,-0.3069009869954754,0.05909090909090909,0.04911040887236595,False,4
2021-09-28,9,20,0.00029983494,-0.24650295594610697,0.3090909090909091,0.04911040887236595,False,4
2021-09-28,10,20,0.0040166653,0.6752020650892873,0.740909090909091,0.04911040887236595,False,4
2021-09-28,11,20,0.0021214262,0.20521789969406382,0.6318181818181818,0.04911040887236595,False,4
2021-09-28,12,20,0.0016396248,0.08574009896951632,0.5590909090909091,0.04911040887236595,False,4
2021-09-28,13,20,0.018305952,4.218680209208706,0.9272727272727272,0.04911040887236595,False,4
2021-09-28,14,20,0.0042109387,0.7233782726322258,0.7454545454545455,0.04911040887236595,False,4
2021-09-28,15,20,0.008075364,1.6816840916664573,0.85,0.04911040887236595,False,4
2021-09-28,16,20,0.051250268,12.388259863040892,0.9727272727272728,0.04911040887236595,True,4
2021-09-28,17,20,1.9693913e-05,-0.31597273677110926,0.004545454545454545,0.04911040887236595,False,4
2021-09-28,18,20,0.0006271585,-0.16533278018226913,0.4090909090909091,0.04911040887236595,False,4
2021-09-28,19,20,0.0009645085,-0.0816762321243061,0.4636363636363636,0.04911040887236595,False,4
2021-09-28,20,20,0.009268924,1.9776647780144176,0.8681818181818182,0.04911040887236595,False,4
2021-09-28,21,20,0.008555705,1.8007997039031165,0.8545454545454545,0.04911040887236595,False,4
2021-09-28,22,20,0.0025003809,0.2991916376997536,0.6363636363636364,0.04911040887236595,False,4
2021-09-29,1,20,0.13246262,32.52741787431384,0.9863636363636363,0.04911040887236595,True,4
2021-09-29,2,20,0.003340485,0.5075219016512269,0.6954545454545454,0.04911040887236595,False,4
2021-09-29,3,20,0.00083635683,-0.11345547165884239,0.4590909090909091,0.04911040887236595,False,4
2021-09-29,4,20,0.0009856588,-0.07643134096541006,0.4636363636363636,0.04911040887236595,False,4
2021-09-29,5,20,5.1862175e-05,-0.3079956041595183,0.05454545454545454,0.04911040887236595,False,4
2021-09-29,6,20,0.0040703192,0.6885072523244075,0.740909090909091,0.04911040887236595,False,4
2021-09-29,7,20,0.00026014552,-0.2563451957102904,0.2818181818181818,0.04911040887236595,False,4
2021-09-29,8,20,0.00121442,-0.019702825677263138,0.4954545454545455,0.04911040887236595,False,4
2021-09-29,9,20,0.002398921,0.27403146062315026,0.6363636363636364,0.04911040887236595,False,4
2021-09-29,10,20,4.677162e-05,-0.3092579673368272,0.04090909090909091,0.04911040887236595,False,4
2021-09-29,11,20,2.2105507e-05,-0.3153747060853078,0.00909090909090909,0.04911040887236595,False,4
2021-09-29,12,20,0.0006559938,-0.1581821557422316,0.41818181818181815,0.04911040887236595,False,4
2021-09-29,13,20,0.00036306118,-0.23082402098551882,0.32727272727272727,0.04911040887236595,False,4
2021-09-29,14,20,0.00027109619,-0.2536296336819596,0.3,0.04911040887236595,False,4
2021-09-29,15,20,0.00097199326,-0.07982015325087764,0.4636363636363636,0.04911040887236595,False,4
2021-09-29,16,20,0.0024666393,0.29082435036095955,0.6363636363636364,0.04911040887236595,False,4
2021-09-29,17,20,0.0058730952,1.1355622824667937,0.8,0.04911040887236595,False,4
2021-09-29,18,20,0.003015444,0.4269177283976341,0.6727272727272727,0.04911040887236595,False,4
2021-09-29,19,20,0.00016672318,-0.2795122030014727,0.2,0.04911040887236595,False,4
2021-09-29,20,20,0.017610593,4.0462440773146735,0.9227272727272727,0.04911040887236595,False,4
2021-09-29,21,20,0.005233889,0.9770509786259922,0.7772727272727272,0.04911040887236595,False,4
2021-09-29,22,20,0.00017583123,-0.2772535769994685,0.20454545454545456,0.04911040887236595,False,4
2021-09-30,1,20,0.0010388993,-0.06322869585598558,0.4681818181818182,0.04911040887236595,False,4
2021-09-30,2,20,0.0010064092,-0.07128564314657329,0.4636363636363636,0.04911040887236595,False,4
2021-09-30,3,20,0.0002779899,-0.25192012191780966,0.3,0.04911040887236595,False,4
2021-09-30,4,20,0.005411033,1.0209794248021322,0.7818181818181819,0.04911040887236595,False,4
2021-09-30,5,20,0.15524957,38.17815783347246,0.990909090909091,0.04911040887236595,True,4
2021-09-30,6,20,0.0001987544,-0.2715690566848412,0.2409090909090909,0.04911040887236595,False,4
2021-09-30,7,20,0.0005816377,-0.17662108909572743,0.4,0.04911040887236595,False,4
2021-09-30,8,20,0.0036933196,0.5950183376461202,0.7318181818181818,0.04911040887236595,False,4
2021-09-30,9,20,0.00033750644,-0.23716112146663026,0.3181818181818182,0.04911040887236595,False,4
2021-09-30,10,20,0.0011866016,-0.02660126635068607,0.4954545454545455,0.04911040887236595,False,4
2021-09-30,11,20,0.00058108417,-0.17675836043798057,0.4,0.04911040887236595,False,4
2021-09-30,12,20,0.016782485,3.8408886897620436,0.9181818181818182,0.04911040887236595,False,4
2021-09-30,13,20,0.018651087,4.304267317751668,0.9272727272727272,0.04911040887236595,False,4
2021-09-30,14,20,0.00065932743,-0.1573554820259141,0.41818181818181815,0.04911040887236595,False,4
2021-09-30,15,20,7.09848e-05,-0.30325354687663647,0.07727272727272727,0.04911040887236595,False,4
2021-09-30,16,20,0.00013918344,-0.2863415497109072,0.17727272727272728,0.04911040887236595,False,4
2021-09-30,17,20,0.0028637606,0.389303071112938,0.6727272727272727,0.04911040887236595,False,4
2021-09-30,18,20,0.0022064743,0.22630826294406803,0.6318181818181818,0.04911040887236595,False,4
2021-09-30,19,20,0.001921643,0.15567538761144992,0.6090909090909091,0.04911040887236595,False,4
2021-09-30,20,20,0.04716445,11.375053128479612,0.9636363636363636,0.04911040887236595,False,4
2021-09-30,21,20,0.00031750364,-0.2421214452357419,0.31363636363636366,0.04911040887236595,False,4
2021-09-30,22,20,0.00042756478,-0.21482832265944748,0.35454545454545455,0.04911040887236595,False,4
2021-10-05,1,20,0.0001102787,-0.2935093890021071,0.13636363636363635,0.04911040887236595,False,4
2021-10-05,2,20,0.004386768,0.7669807318479613,0.7545454545454545,0.04911040887236595,False,4
2021-10-05,3,20,0.00025895546,-0.2566403074445034,0.2818181818181818,0.04911040887236595,False,4
2021-10-05,4,20,0.011197597,2.455939959268681,0.8818181818181818,0.04911040887236595,False,4
2021-10-05,5,20,8.2632345e-05,-0.30036517235332255,0.10454545454545454,0.04911040887236595,False,4
2021-10-05,6,20,0.0002928458,-0.2482361329432353,0.30454545454545456,0.04911040887236595,False,4
2021-10-05,7,20,0.0013633216,0.017222010635164,0.5181818181818182,0.04911040887236595,False,4
2021-10-05,8,20,8.450628e-05,-0.2999004706085804,0.10454545454545454,0.04911040887236595,False,4
2021-10-05,9,20,0.0010455467,-0.06158025612643846,0.4681818181818182,0.04911040887236595,False,4
2021-10-05,10,20,6.461056e-05,-0.30483424045624175,0.06818181818181818,0.04911040887236595,False,4
2021-10-05,11,20,0.0017085227,0.10282548781136529,0.5636363636363636,0.04911040887236595,False,4
2021-10-05,12,20,0.0004909004,-0.19912225820487778,0.37727272727272726,0.04911040887236595,False,4
2021-10-05,13,20,0.00016518541,-0.2798935423572193,0.2,0.04911040887236595,False,4
2021-10-05,14,20,0.0041682073,0.7127816756001674,0.7454545454545455,0.04911040887236595,False,4
2021-10-05,15,20,0.0030472279,0.4347995572945083,0.6727272727272727,0.04911040887236595,False,4
2021-10-05,16,20,0.00072244176,-0.14170429723940392,0.42272727272727273,0.04911040887236595,False,4
2021-10-05,17,20,0.000961735,-0.08236401784323563,0.4636363636363636,0.04911040887236595,False,4
2021-10-05,18,20,0.0064680236,1.2830934955824786,0.8136363636363636,0.04911040887236595,False,4
2021-10-05,19,20,0.0054639755,1.034108165676821,0.7818181818181819,0.04911040887236595,False,4
2021-10-05,20,20,0.0008083551,-0.12039938075793276,0.45,0.04911040887236595,False,4
2021-10-05,21,20,0.00019799608,-0.27175710471102826,0.23636363636363636,0.04911040887236595,False,4
2021-10-05,22,20,0.0047100554,0.8471499671325982,0.7681818181818182,0.04911040887236595,False,4
2021-09-28,1,30,0.0023558529,0.8497700338929813,0.75,0.025875478982925415,False,4
2021-09-28,2,30,0.042077504,19.744273117394584,0.9863636363636363,0.025875478982925415,True,4
2021-09-28,3,30,0.00096874265,0.1899596438919713,0.6272727272727273,0.025875478982925415,False,4
2021-09-28,4,30,0.00017311955,-0.18849650327453527,0.3181818181818182,0.025875478982925415,False,4
2021-09-28,5,30,5.5382774e-05,-0.24450066821761163,0.12727272727272726,0.025875478982925415,False,4
2021-09-28,6,30,0.0038010115,1.5371924623789115,0.8090909090909091,0.025875478982925415,False,4
2021-09-28,7,30,3.843081e-05,-0.2525642531841396,0.07727272727272727,0.025875478982925415,False,4
2021-09-28,8,30,0.00012771606,-0.21009370113913123,0.2590909090909091,0.025875478982925415,False,4
2021-09-28,9,30,0.0013607427,0.37642335791060694,0.6954545454545454,0.025875478982925415,False,4
2021-09-28,10,30,0.0015497849,0.46634555466918376,0.7045454545454546,0.025875478982925415,False,4
2021-09-28,11,30,0.034363087,16.074736024134104,0.9772727272727273,0.025875478982925415,True,4
2021-09-28,12,30,0.00018469807,-0.18298891685276114,0.33636363636363636,0.025875478982925415,False,4
2021-09-28,13,30,0.004747425,1.987375586711565,0.8318181818181818,0.025875478982925415,False,4
2021-09-28,14,30,0.0033378743,1.3168907775266534,0.7909090909090909,0.025875478982925415,False,4
2021-09-28,15,30,0.0013741421,0.38279708769452436,0.7,0.025875478982925415,False,4
2021-09-28,16,30,0.014544502,6.647577014863985,0.9363636363636364,0.025875478982925415,False,4
2021-09-28,17,30,0.001950164,0.6567949263871892,0.7363636363636363,0.025875478982925415,False,4
2021-09-28,18,30,0.00068806915,0.05645093688986786,0.5590909090909091,0.025875478982925415,False,4
2021-09-28,19,30,0.072865106,34.38909336261001,0.990909090909091,0.025875478982925415,True,4
2021-09-28,20,30,0.0031868524,1.245053803683708,0.7818181818181819,0.025875478982925415,False,4
2021-09-28,21,30,0.01079072,4.862005466579071,0.9045454545454545,0.025875478982925415,False,4
2021-09-28,22,30,0.0011004222,0.2525960197343251,0.65,0.025875478982925415,False,4
2021-09-29,1,30,0.033821035,15.816896670267571,0.9772727272727273,0.025875478982925415,True,4
2021-09-29,2,30,0.0015647925,0.47348424277834045,0.7045454545454546,0.025875478982925415,False,4
2021-09-29,3,30,0.001631931,0.5054202284087639,0.7181818181818181,0.025875478982925415,False,4
2021-09-29,4,30,0.00063542527,0.0314096822307814,0.5318181818181819,0.025875478982925415,False,4
2021-09-29,5,30,2.5589368e-05,-0.2586725764436518,0.05,0.025875478982925415,False,4
2021-09-29,6,30,0.00466161,1.946555585297532,0.8272727272727273,0.025875478982925415,False,4
2021-09-29,7,30,0.0017959311,0.5834305831706553,0.7272727272727273,0.025875478982925415,False,4
2021-09-29,8,30,0.000677869,0.051599011233289485,0.5545454545454546,0.025875478982925415,False,4
2021-09-29,9,30,0.023656694,10.981997676930199,0.9545454545454546,0.025875478982925415,False,4
2021-09-29,10,30,1.2449086e-05,-0.26492304926137505,0.0,0.025875478982925415,False,4
2021-09-29,11,30,4.5840297e-05,-0.24903976335306233,0.08181818181818182,0.025875478982925415,False,4
2021-09-29,12,30,0.00029970234,-0.12828453282215463,0.41818181818181815,0.025875478982925415,False,4
2021-09-29,13,30,2.7392218e-05,-0.2578150102404122,0.05,0.025875478982925415,False,4
2021-09-29,14,30,1.131186e-05,-0.26546399647478336,0.0,0.025875478982925415,False,4
2021-09-29,15,30,0.0009979968,0.20387502991395567,0.6363636363636364,0.025875478982925415,False,4
2021-09-29,16,30,0.00027980653,-0.1377484278834768,0.4090909090909091,0.025875478982925415,False,4
2021-09-29,17,30,0.012036773,5.45471914352743,0.9227272727272727,0.025875478982925415,False,4
2021-09-29,18,30,0.00027862165,-0.13831204058322233,0.4090909090909091,0.025875478982925415,False,4
2021-09-29,19,30,8.763025e-05,-0.229161425363982,0.18181818181818182,0.025875478982925415,False,4
2021-09-29,20,30,0.06966481,32.86680170862439,0.990909090909091,0.025875478982925415,True,4
2021-09-29,21,30,0.0036756177,1.4775460912253728,0.8045454545454546,0.025875478982925415,False,4
2021-09-29,22,30,2.858195e-05,-0.2572490873404979,0.05454545454545454,0.025875478982925415,False,4
2021-09-30,1,30,0.002201335,0.7762701312454221,0.75,0.025875478982925415,False,4
2021-09-30,2,30,0.0001474007,-0.20073025738821762,0.2863636363636364,0.025875478982925415,False,4
2021-09-30,3,30,0.015893687,7.289347257675202,0.9409090909090909,0.025875478982925415,False,4
2021-09-30,4,30,0.00091721734,0.16545046553721823,0.6181818181818182,0.025875478982925415,False,4
2021-09-30,5,30,0.0032901885,1.294207941326578,0.7909090909090909,0.025875478982925415,False,4
2021-09-30,6,30,0.00017247944,-0.18880098592628913,0.3181818181818182,0.025875478982925415,False,4
2021-09-30,7,30,0.00016262798,-0.19348705478513462,0.3,0.025875478982925415,False,4
2021-09-30,8,30,0.002364715,0.8539855556438979,0.759090909090909,0.025875478982925415,False,4
2021-09-30,9,30,3.9446837e-05,-0.25208095757835064,0.07727272727272727,0.025875478982925415,False,4
2021-09-30,10,30,4.713866e-05,-0.24842216811079687,0.08636363636363636,0.025875478982925415,False,4
2021-09-30,11,30,2.8894596e-05,-0.25710037015143267,0.05454545454545454,0.025875478982925415,False,4
2021-09-30,12,30,0.00019966991,-0.17586722212611913,0.36818181818181817,0.025875478982925415,False,4
2021-09-30,13,30,0.0049326015,2.075458871057767,0.8318181818181818,0.025875478982925415,False,4
2021-09-30,14,30,0.0004995334,-0.03323037607583285,0.4818181818181818,0.025875478982925415,False,4
2021-09-30,15,30,2.1296135e-05,-0.26071475013064893,0.045454545454545456,0.025875478982925415,False,4
2021-09-30,16,30,0.00010706291,-0.21991784206586848,0.21818181818181817,0.025875478982925415,False,4
2021-09-30,17,30,0.00048071795,-0.04218035802456036,0.4772727272727273,0.025875478982925415,False,4
2021-09-30,18,30,0.0005444169,-0.011880513259715307,0.5,0.025875478982925415,False,4
2021-09-30,19,30,0.00083706644,0.12732487394157,0.6045454545454545,0.025875478982925415,False,4
2021-09-30,20,30,0.030013716,14.005858998150963,0.9727272727272728,0.025875478982925415,True,4
2021-09-30,21,30,9.139119e-05,-0.22737244788499258,0.18636363636363637,0.025875478982925415,False,4
2021-09-30,22,30,0.0003845444,-0.0879274851390166,0.4681818181818182,0.025875478982925415,False,4
2021-10-05,1,30,0.0001135146,-0.2168489479348864,0.23636363636363636,0.025875478982925415,False,4
2021-10-05,2,30,0.00032093743,-0.11818358319205198,0.4318181818181818,0.025875478982925415,False,4
2021-10-05,3,30,0.0002459609,-0.15384786849255971,0.4,0.025875478982925415,False,4
2021-10-05,4,30,0.0007397495,0.08103387552326716,0.5772727272727273,0.025875478982925415,False,4
2021-10-05,5,30,1.7489361e-05,-0.26252552828508846,0.022727272727272728,0.025875478982925415,False,4
2021-10-05,6,30,0.00015983632,-0.1948149751470007,0.3,0.025875478982925415,False,4
2021-10-05,7,30,0.0035808468,1.4324661568415988,0.8045454545454546,0.025875478982925415,False,4
2021-10-05,8,30,5.01235e-05,-0.24700236061877326,0.10909090909090909,0.025875478982925415,False,4
2021-10-05,9,30,0.00063396926,0.030717099794574147,0.5318181818181819,0.025875478982925415,False,4
2021-10-05,10,30,0.019413877,8.963805702000927,0.9454545454545454,0.025875478982925415,False,4
2021-10-05,11,30,0.0016979591,0.5368279863379815,0.7181818181818181,0.025875478982925415,False,4
2021-10-05,12,30,0.0006802911,0.05275112795804443,0.5545454545454546,0.025875478982925415,False,4
2021-10-05,13,30,7.004529e-05,-0.23752611161063109,0.1590909090909091,0.025875478982925415,False,4
2021-10-05,14,30,0.0012410389,0.31948352382847356,0.6818181818181818,0.025875478982925415,False,4
2021-10-05,15,30,0.0057109953,2.445719521693354,0.8545454545454545,0.025875478982925415,False,4
2021-10-05,16,30,0.0062199426,2.687811831327108,0.8545454545454545,0.025875478982925415,False,4
2021-10-05,17,30,0.0063308324,2.7405590691503363,0.8545454545454545,0.025875478982925415,False,4
2021-10-05,18,30,0.0023717158,0.8573156217975526,0.759090909090909,0.025875478982925415,False,4
2021-10-05,19,30,0.0008064259,0.11274999239515848,0.5954545454545455,0.025875478982925415,False,4
2021-10-05,20,30,0.00011525867,-0.21601934207563664,0.23636363636363636,0.025875478982925415,False,4
2021-10-05,21,30,4.4628698e-05,-0.24961608821044054,0.07727272727272727,0.025875478982925415,False,4
2021-10-05,22,30,0.0018578441,0.6128808695609356,0.7363636363636363,0.025875478982925415,False,4
2021-09-28,1,40,0.006074006,5.5721801254278756,0.9181818181818182,0.024996010586619377,False,4
2021-09-28,2,40,0.03200315,30.39425291422418,0.9727272727272728,0.024996010586619377,True,4
2021-09-28,3,40,0.00032424816,0.0679136864128636,0.5318181818181819,0.024996010586619377,False,4
2021-09-28,4,40,0.00016827062,-0.0814042392978396,0.41818181818181815,0.024996010586619377,False,4
2021-09-28,5,40,2.7301516e-05,-0.21635452892865076,0.12727272727272726,0.024996010586619377,False,4
2021-09-28,6,40,0.0009826921,0.6982447252562625,0.7454545454545455,0.024996010586619377,False,4
2021-09-28,7,40,2.1830314e-05,-0.22159213236242692,0.1,0.024996010586619377,False,4
2021-09-28,8,40,0.000103583116,-0.14332984740213034,0.32727272727272727,0.024996010586619377,False,4
2021-09-28,9,40,9.2378745e-05,-0.1540558365363789,0.3181818181818182,0.024996010586619377,False,4
2021-09-28,10,40,0.000907519,0.6262812164111847,0.7227272727272728,0.024996010586619377,False,4
2021-09-28,11,40,0.0068518072,6.316772174615873,0.9272727272727272,0.024996010586619377,False,4
2021-09-28,12,40,5.7566387e-05,-0.1873818461433955,0.21363636363636362,0.024996010586619377,False,4
2021-09-28,13,40,0.0017403796,1.4235820011370683,0.7909090909090909,0.024996010586619377,False,4
2021-09-28,14,40,0.00033310597,0.07639330250902157,0.5363636363636364,0.024996010586619377,False,4
2021-09-28,15,40,0.0011146405,0.8245594439061957,0.75,0.024996010586619377,False,4
2021-09-28,16,40,0.0027019074,2.344056431286224,0.8318181818181818,0.024996010586619377,False,4
2021-09-28,17,40,0.00012235285,-0.12536150294739862,0.35,0.024996010586619377,False,4
2021-09-28,18,40,0.0007341316,0.46029675448814333,0.6954545454545454,0.024996010586619377,False,4
2021-09-28,19,40,0.006342085,5.828813107684087,0.9181818181818182,0.024996010586619377,False,4
2021-09-28,20,40,0.00039587793,0.1364851482187399,0.5727272727272728,0.024996010586619377,False,4
2021-09-28,21,40,0.0013768164,1.075541503365491,0.7636363636363637,0.024996010586619377,False,4
2021-09-28,22,40,0.00016923994,-0.08047630764669031,0.42272727272727273,0.024996010586619377,False,4
2021-09-29,1,40,0.027643336,26.220586050006997,0.9727272727272728,0.024996010586619377,True,4
2021-09-29,2,40,0.0061742156,5.668110964701401,0.9181818181818182,0.024996010586619377,False,4
2021-09-29,3,40,0.0010391502,0.7522922478323563,0.7454545454545455,0.024996010586619377,False,4
2021-09-29,4,40,7.49568e-05,-0.17073393515238094,0.2545454545454545,0.024996010586619377,False,4
2021-09-29,5,40,8.206036e-06,-0.23463470827581046,0.004545454545454545,0.024996010586619377,False,4
2021-09-29,6,40,0.0031617337,2.7842500106503842,0.8363636363636363,0.024996010586619377,False,4
2021-09-29,7,40,0.0017668944,1.4489646812188282,0.7909090909090909,0.024996010586619377,False,4
2021-09-29,8,40,8.2693674e-05,-0.16332739369987087,0.2818181818181818,0.024996010586619377,False,4
2021-09-29,9,40,0.0017959217,1.4767526755972362,0.7909090909090909,0.024996010586619377,False,4
2021-09-29,10,40,3.4472923e-05,-0.2094893117027345,0.15454545454545454,0.024996010586619377,False,4
2021-09-29,11,40,3.392244e-05,-0.21001629262827723,0.15454545454545454,0.024996010586619377,False,4
2021-09-29,12,40,0.00025288595,-0.00040164725594776183,0.5,0.024996010586619377,False,4
2021-09-29,13,40,9.808061e-05,-0.14859742079516233,0.32272727272727275,0.024996010586619377,False,4
2021-09-29,14,40,3.4182518e-05,-0.2097673178578164,0.15454545454545454,0.024996010586619377,False,4
2021-09-29,15,40,0.0003313143,0.07467813833564475,0.5318181818181819,0.024996010586619377,False,4
2021-09-29,16,40,4.527366e-05,-0.19914972277526488,0.18181818181818182,0.024996010586619377,False,4
2021-09-29,17,40,0.00043900136,0.17776738709293233,0.5909090909090909,0.024996010586619377,False,4
2021-09-29,18,40,4.680464e-05,-0.1976841114925321,0.18636363636363637,0.024996010586619377,False,4
2021-09-29,19,40,4.6362977e-05,-0.1981069158575937,0.18636363636363637,0.024996010586619377,False,4
2021-09-29,20,40,0.10420872,99.51693791052791,0.9863636363636363,0.024996010586619377,True,4
2021-09-29,21,40,0.006095904,5.5931429025765365,0.9181818181818182,0.024996010586619377,False,4
2021-09-29,22,40,2.1279448e-05,-0.22211947896639878,0.09090909090909091,0.024996010586619377,False,4
2021-09-30,1,40,0.00041315283,0.15302247805278604,0.5772727272727273,0.024996010586619377,False,4
2021-09-30,2,40,0.0001463654,-0.10237419070901486,0.39090909090909093,0.024996010586619377,False,4
2021-09-30,3,40,0.14334694,136.98410602912222,0.9863636363636363,0.024996010586619377,True,4
2021-09-30,4,40,0.00074883,0.4743675589391568,0.7,0.024996010586619377,False,4
2021-09-30,5,40,0.032920487,31.272424103463802,0.9727272727272728,0.024996010586619377,True,4
2021-09-30,6,40,4.194649e-05,-0.20233483761540016,0.17727272727272728,0.024996010586619377,False,4
2021-09-30,7,40,0.0016227493,1.3109739965981981,0.7863636363636364,0.024996010586619377,False,4
2021-09-30,8,40,0.0008082993,0.5312977698465415,0.7181818181818181,0.024996010586619377,False,4
2021-09-30,9,40,0.0005735253,0.306547711705848,0.6318181818181818,0.024996010586619377,False,4
2021-09-30,10,40,3.0264144e-05,-0.21351839320271362,0.1318181818181818,0.024996010586619377,False,4
2021-09-30,11,40,1.122895e-05,-0.23174086065779054,0.013636363636363636,0.024996010586619377,False,4
2021-09-30,12,40,0.00010238759,-0.14447433033635773,0.32727272727272727,0.024996010586619377,False,4
2021-09-30,13,40,0.00040674812,0.14689122793258014,0.5727272727272728,0.024996010586619377,False,4
2021-09-30,14,40,0.0009391508,0.6565624550765138,0.7318181818181818,0.024996010586619377,False,4
2021-09-30,15,40,6.969496e-05,-0.17577111720445526,0.2545454545454545,0.024996010586619377,False,4
2021-09-30,16,40,0.00010603127,-0.1409862178324984,0.33181818181818185,0.024996010586619377,False,4
2021-09-30,17,40,7.540207e-05,-0.17030767251417528,0.2636363636363636,0.024996010586619377,False,4
2021-09-30,18,40,0.00033799926,0.08107766408206604,0.5409090909090909,0.024996010586619377,False,4
2021-09-30,19,40,0.00045423882,0.19235426480434537,0.6,0.024996010586619377,False,4
2021-09-30,20,40,0.03537053,33.61785863396069,0.9727272727272728,0.024996010586619377,True,4
2021-09-30,21,40,9.4820454e-05,-0.15171837822556997,0.32272727272727275,0.024996010586619377,False,4
2021-09-30,22,40,0.00063640706,0.3667446499134461,0.6636363636363637,0.024996010586619377,False,4
2021-10-05,1,40,4.2470274e-05,-0.20183341587072767,0.18181818181818182,0.024996010586619377,False,4
2021-10-05,2,40,0.003963249,3.5515435996083795,0.8681818181818182,0.024996010586619377,False,4
2021-10-05,3,40,5.2491545e-05,-0.19224001293247883,0.20454545454545456,0.024996010586619377,False,4
2021-10-05,4,40,0.00063013326,0.36073871953222836,0.65,0.024996010586619377,False,4
2021-10-05,5,40,8.064005e-06,-0.23477067535172672,0.004545454545454545,0.024996010586619377,False,4
2021-10-05,6,40,2.6465366e-05,-0.21715497811410248,0.11818181818181818,0.024996010586619377,False,4
2021-10-05,7,40,0.0039274413,3.5172649454537077,0.8681818181818182,0.024996010586619377,False,4
2021-10-05,8,40,3.185084e-05,-0.21199944336777785,0.1409090909090909,0.024996010586619377,False,4
2021-10-05,9,40,0.0003527334,0.09518270996465274,0.5545454545454546,0.024996010586619377,False,4
2021-10-05,10,40,0.0051873745,4.723404076814724,0.9090909090909091,0.024996010586619377,False,4
2021-10-05,11,40,0.0008034682,0.5266729755482763,0.7181818181818181,0.024996010586619377,False,4
2021-10-05,12,40,0.00089622126,0.6154658276076436,0.7227272727272728,0.024996010586619377,False,4
2021-10-05,13,40,5.8918926e-05,-0.18608705544418955,0.21363636363636362,0.024996010586619377,False,4
2021-10-05,14,40,0.00035491088,0.09726723024735943,0.5545454545454546,0.024996010586619377,False,4
2021-10-05,15,40,0.001310577,1.012130272661765,0.759090909090909,0.024996010586619377,False,4
2021-10-05,16,40,0.00087603385,0.5961403425402136,0.7227272727272728,0.024996010586619377,False,4
2021-10-05,17,40,0.0004152728,0.15505194457732455,0.5772727272727273,0.024996010586619377,False,4
2021-10-05,18,40,0.0024695012,2.1215730500430667,0.8227272727272728,0.024996010586619377,False,4
2021-10-05,19,40,0.00024676422,-0.006262002795855376,0.4954545454545455,0.024996010586619377,False,4
2021-10-05,20,40,7.255386e-05,-0.17303427536130747,0.2545454545454545,0.024996010586619377,False,4
2021-10-05,21,40,7.797975e-05,-0.1678400535785069,0.2681818181818182,0.024996010586619377,False,4
2021-10-05,22,40,0.00036765754,0.10946966171114642,0.5590909090909091,0.024996010586619377,False,4
2021-09-28,1,50,0.004774327,7.473851454666326,0.9181818181818182,0.029501505196094513,False,4
2021-09-28,2,50,0.009500474,15.131004354914563,0.9409090909090909,0.029501505196094513,False,4
2021-09-28,3,50,7.372754e-05,-0.14191031173918794,0.3181818181818182,0.029501505196094513,False,4
2021-09-28,4,50,0.00035432467,0.31270424393487595,0.6454545454545455,0.029501505196094513,False,4
2021-09-28,5,50,0.00012380934,-0.06076937278281052,0.44545454545454544,0.029501505196094513,False,4
2021-09-28,6,50,0.0010168653,1.3861314409292713,0.8045454545454546,0.029501505196094513,False,4
2021-09-28,7,50,2.8140747e-05,-0.2157685868069197,0.17272727272727273,0.029501505196094513,False,4
2021-09-28,8,50,8.341893e-05,-0.1262086354778205,0.35454545454545455,0.029501505196094513,False,4
2021-09-28,9,50,1.596292e-05,-0.2354987146071934,0.09545454545454546,0.029501505196094513,False,4
2021-09-28,10,50,0.0023483403,3.543345088370651,0.8818181818181818,0.029501505196094513,False,4
2021-09-28,11,50,0.00082572235,1.0764477893033924,0.7818181818181819,0.029501505196094513,False,4
2021-09-28,12,50,1.1957603e-05,-0.24198800104165327,0.06363636363636363,0.029501505196094513,False,4
2021-09-28,13,50,0.00100659,1.369483755571649,0.8045454545454546,0.029501505196094513,False,4
2021-09-28,14,50,0.0004547228,0.4753660815384779,0.6772727272727272,0.029501505196094513,False,4
2021-09-28,15,50,0.0012184607,1.7127500346063242,0.8181818181818182,0.029501505196094513,False,4
2021-09-28,16,50,0.7562296,1224.9577751153336,0.990909090909091,0.029501505196094513,True,4
2021-09-28,17,50,4.8649126e-05,-0.18254156156504378,0.2590909090909091,0.029501505196094513,False,4
2021-09-28,18,50,0.00038878596,0.3685373353592919,0.65,0.029501505196094513,False,4
2021-09-28,19,50,0.018577894,29.837952558466053,0.9636363636363636,0.029501505196094513,False,4
2021-09-28,20,50,0.00043388392,0.441603612201053,0.6636363636363637,0.029501505196094513,False,4
2021-09-28,21,50,0.0017624393,2.5940867662066966,0.8545454545454545,0.029501505196094513,False,4
2021-09-28,22,50,7.435969e-05,-0.14088612280086021,0.3181818181818182,0.029501505196094513,False,4
2021-09-29,1,50,0.034048453,54.90286033350543,0.9681818181818181,0.029501505196094513,True,4
2021-09-29,2,50,0.00031666565,0.2516902998035297,0.6272727272727273,0.029501505196094513,False,4
2021-09-29,3,50,0.0001618818,0.0009144283066114915,0.5045454545454545,0.029501505196094513,False,4
2021-09-29,4,50,1.6617125e-05,-0.234438792459233,0.09545454545454546,0.029501505196094513,False,4
2021-09-29,5,50,2.522412e-05,-0.2204940112842588,0.16363636363636364,0.029501505196094513,False,4
2021-09-29,6,50,0.002520676,3.822557840053406,0.8818181818181818,0.029501505196094513,False,4
2021-09-29,7,50,0.0011243841,1.5603300863859995,0.8136363636363636,0.029501505196094513,False,4
2021-09-29,8,50,5.7718703e-06,-0.2520099293114743,0.0,0.029501505196094513,False,4
2021-09-29,9,50,0.000523725,0.5871612752726606,0.7090909090909091,0.029501505196094513,False,4
2021-09-29,10,50,2.1405616e-05,-0.22668063080222503,0.1318181818181818,0.029501505196094513,False,4
2021-09-29,11,50,0.0015179666,2.1979999602410945,0.8363636363636363,0.029501505196094513,False,4
2021-09-29,12,50,9.4111514e-05,-0.10888484537619098,0.39545454545454545,0.029501505196094513,False,4
2021-09-29,13,50,6.491503e-05,-0.15618805864535543,0.29545454545454547,0.029501505196094513,False,4
2021-09-29,14,50,3.6248104e-05,-0.20263330355266246,0.22272727272727272,0.029501505196094513,False,4
2021-09-29,15,50,3.550688e-05,-0.20383421052665315,0.21818181818181817,0.029501505196094513,False,4
2021-09-29,16,50,7.5965734e-05,-0.13828406141963173,0.32727272727272727,0.029501505196094513,False,4
2021-09-29,17,50,0.001767973,2.6030522682889634,0.8545454545454545,0.029501505196094513,False,4
2021-09-29,18,50,1.4409386e-05,-0.23801570147880777,0.09090909090909091,0.029501505196094513,False,4
2021-09-29,19,50,4.9251714e-05,-0.18156526838943363,0.2636363636363636,0.029501505196094513,False,4
2021-09-29,20,50,0.017712316,28.435569530018952,0.9590909090909091,0.029501505196094513,False,4
2021-09-29,21,50,0.00034932102,0.30459749413477677,0.6454545454545455,0.029501505196094513,False,4
2021-09-29,22,50,0.00019446683,0.053707653591844984,0.5318181818181819,0.029501505196094513,False,4
2021-09-30,1,50,0.00070222357,0.8763589790893221,0.7545454545454545,0.029501505196094513,False,4
2021-09-30,2,50,4.9980783e-05,-0.18038405372940297,0.2681818181818182,0.029501505196094513,False,4
2021-09-30,3,50,0.0067713833,10.709418807980237,0.9227272727272727,0.029501505196094513,False,4
2021-09-30,4,50,6.839919e-06,-0.25027951069150084,0.004545454545454545,0.029501505196094513,False,4
2021-09-30,5,50,0.00093275105,1.249852282226831,0.7954545454545454,0.029501505196094513,False,4
2021-09-30,6,50,0.00014005105,-0.03445506587863677,0.4636363636363636,0.029501505196094513,False,4
2021-09-30,7,50,0.00047597883,0.509804443430954,0.6818181818181818,0.029501505196094513,False,4
2021-09-30,8,50,0.0032068582,4.93428839720035,0.8863636363636364,0.029501505196094513,False,4
2021-09-30,9,50,5.3923235e-05,-0.17399661799390434,0.2772727272727273,0.029501505196094513,False,4
2021-09-30,10,50,2.5135992e-05,-0.22063679382227885,0.16363636363636364,0.029501505196094513,False,4
2021-09-30,11,50,2.8554843e-05,-0.2150976806923385,0.18181818181818182,0.029501505196094513,False,4
2021-09-30,12,50,0.00013507479,-0.04251744461034592,0.4636363636363636,0.029501505196094513,False,4
2021-09-30,13,50,0.00024804485,0.14051304746281326,0.5818181818181818,0.029501505196094513,False,4
2021-09-30,14,50,0.0019339004,2.871882661499457,0.8681818181818182,0.029501505196094513,False,4
2021-09-30,15,50,6.4375075e-05,-0.15706287834681534,0.2909090909090909,0.029501505196094513,False,4
2021-09-30,16,50,0.0005309691,0.5988979651224984,0.7090909090909091,0.029501505196094513,False,4
2021-09-30,17,50,3.6973306e-05,-0.20145835436097645,0.22272727272727272,0.029501505196094513,False,4
2021-09-30,18,50,0.00016376987,0.003973415028399819,0.5045454545454545,0.029501505196094513,False,4
2021-09-30,19,50,3.7222362e-05,-0.20105484169599455,0.22272727272727272,0.029501505196094513,False,4
2021-09-30,20,50,0.0035956914,5.564263639361328,0.8954545454545455,0.029501505196094513,False,4
2021-09-30,21,50,6.901948e-05,-0.14953816285348845,0.3090909090909091,0.029501505196094513,False,4
2021-09-30,22,50,7.6962264e-05,-0.13666951565213972,0.32727272727272727,0.029501505196094513,False,4
2021-10-05,1,50,5.7668854e-06,-0.2520180057536185,0.0,0.029501505196094513,False,4
2021-10-05,2,50,0.0005008989,0.5501791921736272,0.7,0.029501505196094513,False,4
2021-10-05,3,50,2.1497222e-05,-0.22653221346859115,0.1318181818181818,0.029501505196094513,False,4
2021-10-05,4,50,0.00020890102,0.07709346998227451,0.5545454545454546,0.029501505196094513,False,4
2021-10-05,5,50,1.2000157e-05,-0.24191905731331126,0.06363636363636363,0.029501505196094513,False,4
2021-10-05,6,50,8.470928e-05,-0.1241180437871627,0.36818181818181817,0.029501505196094513,False,4
2021-10-05,7,50,0.0028312397,4.325723303635461,0.8818181818181818,0.029501505196094513,False,4
2021-10-05,8,50,1.6436301e-05,-0.23473175762511955,0.09545454545454546,0.029501505196094513,False,4
2021-10-05,9,50,0.00010845596,-0.08564442557383876,0.41818181818181815,0.029501505196094513,False,4
2021-10-05,10,50,0.0013299146,1.8933239679808103,0.8363636363636363,0.029501505196094513,False,4
2021-10-05,11,50,0.0017181948,2.52240330121574,0.85,0.029501505196094513,False,4
2021-10-05,12,50,0.00030392638,0.23105053857764016,0.6227272727272727,0.029501505196094513,False,4
2021-10-05,13,50,5.1815852e-05,-0.17741093280521114,0.2727272727272727,0.029501505196094513,False,4
2021-10-05,14,50,0.0001125917,-0.078943840197998,0.41818181818181815,0.029501505196094513,False,4
2021-10-05,15,50,0.0003644203,0.32906085319773526,0.65,0.029501505196094513,False,4
2021-10-05,16,50,0.00021453644,0.08622379573038363,0.5590909090909091,0.029501505196094513,False,4
2021-10-05,17,50,9.358146e-05,-0.1097436212349094,0.39545454545454545,0.029501505196094513,False,4
2021-10-05,18,50,0.000102232174,-0.09572801020753835,0.40454545454545454,0.029501505196094513,False,4
2021-10-05,19,50,5.0226277e-05,-0.17998631142520133,0.2681818181818182,0.029501505196094513,False,4
2021-10-05,20,50,0.0011350774,1.5776550788917139,0.8181818181818182,0.029501505196094513,False,4
2021-10-05,21,50,9.600359e-06,-0.24580713406943616,0.04090909090909091,0.029501505196094513,False,4
2021-10-05,22,50,0.0007289279,0.9196244958646428,0.7636363636363637,0.029501505196094513,False,4
2021-09-28,1,60,0.060302302,113.90834903163685,0.9772727272727273,0.039412084966897964,True,4
2021-09-28,2,60,0.0005514932,0.7817765019101552,0.7454545454545455,0.039412084966897964,False,4
2021-09-28,3,60,2.5641913e-05,-0.21382095442871724,0.16363636363636364,0.039412084966897964,False,4
2021-09-28,4,60,0.0005603042,0.7984584411707855,0.75,0.039412084966897964,False,4
2021-09-28,5,60,0.000181547,0.08135510463915036,0.5727272727272728,0.039412084966897964,False,4
2021-09-28,6,60,0.00066438364,0.9955126639840826,0.7636363636363637,0.039412084966897964,False,4
2021-09-28,7,60,2.2121134e-05,-0.22048686781031168,0.13636363636363635,0.039412084966897964,False,4
2021-09-28,8,60,9.584141e-05,-0.08091181912113198,0.4318181818181818,0.039412084966897964,False,4
2021-09-28,9,60,8.998421e-05,-0.09200128569881988,0.42272727272727273,0.039412084966897964,False,4
2021-09-28,10,60,0.00018678114,0.09126492396973712,0.5818181818181818,0.039412084966897964,False,4
2021-09-28,11,60,0.00013651284,-0.003908348635587918,0.4818181818181818,0.039412084966897964,False,4
2021-09-28,12,60,1.1878724e-05,-0.23987888554977738,0.06363636363636363,0.039412084966897964,False,4
2021-09-28,13,60,0.0008781202,1.400181385934638,0.7818181818181819,0.039412084966897964,False,4
2021-09-28,14,60,0.000928503,1.4955714591702676,0.7818181818181819,0.039412084966897964,False,4
2021-09-28,15,60,0.0011555842,1.9255057612472142,0.8318181818181818,0.039412084966897964,False,4
2021-09-28,16,60,0.5039184,953.8094402392629,0.9818181818181818,0.039412084966897964,True,4
2021-09-28,17,60,2.5085465e-05,-0.21487448247575505,0.1590909090909091,0.039412084966897964,False,4
2021-09-28,18,60,0.0004394008,0.5695513044018864,0.7136363636363636,0.039412084966897964,False,4
2021-09-28,19,60,0.011629502,21.755838928338147,0.9454545454545454,0.039412084966897964,False,4
2021-09-28,20,60,0.00033146626,0.3651981545862297,0.6545454545454545,0.039412084966897964,False,4
2021-09-28,21,60,0.0001817734,0.08178374667832683,0.5727272727272728,0.039412084966897964,False,4
2021-09-28,22,60,9.21471e-05,-0.08790627747874677,0.42727272727272725,0.039412084966897964,False,4
2021-09-29,1,60,0.025529614,48.07300498800041,0.9590909090909091,0.039412084966897964,False,4
2021-09-29,2,60,0.00012246,-0.030514681827571388,0.45454545454545453,0.039412084966897964,False,4
2021-09-29,3,60,8.13737e-05,-0.10830362410999819,0.41363636363636364,0.039412084966897964,False,4
2021-09-29,4,60,2.0333902e-05,-0.2238706444671321,0.1318181818181818,0.039412084966897964,False,4
2021-09-29,5,60,9.544854e-06,-0.24429761555863702,0.022727272727272728,0.039412084966897964,False,4
2021-09-29,6,60,0.0041067144,7.512898548368558,0.9227272727272727,0.039412084966897964,False,4
2021-09-29,7,60,0.00061397377,0.9000713454603138,0.7545454545454545,0.039412084966897964,False,4
2021-09-29,8,60,5.0611416e-06,-0.25278665583166327,0.0,0.039412084966897964,False,4
2021-09-29,9,60,0.013876411,26.009925196360932,0.9454545454545454,0.039412084966897964,False,4
2021-09-29,10,60,8.226464e-06,-0.2467937311838766,0.013636363636363636,0.039412084966897964,False,4
2021-09-29,11,60,0.0004168023,0.526765401080417,0.7045454545454546,0.039412084966897964,False,4
2021-09-29,12,60,0.00012597004,-0.023869104697755265,0.4636363636363636,0.039412084966897964,False,4
2021-09-29,13,60,0.0001256351,-0.024503251362861637,0.4636363636363636,0.039412084966897964,False,4
2021-09-29,14,60,2.8344066e-05,-0.20870495272054787,0.19545454545454546,0.039412084966897964,False,4
2021-09-29,15,60,4.850274e-05,-0.17053840918807767,0.32727272727272727,0.039412084966897964,False,4
2021-09-29,16,60,0.00073608157,1.1312587873464826,0.7772727272727272,0.039412084966897964,False,4
2021-09-29,17,60,0.00024655726,0.20443942649297261,0.6227272727272727,0.039412084966897964,False,4
2021-09-29,18,60,1.6328766e-05,-0.23145359365753737,0.09545454545454546,0.039412084966897964,False,4
2021-09-29,19,60,4.423608e-05,-0.17861650564341577,0.3090909090909091,0.039412084966897964,False,4
2021-09-29,20,60,0.012147799,22.73713351824996,0.9454545454545454,0.039412084966897964,False,4
2021-09-29,21,60,0.0015889866,2.7460691191934905,0.8545454545454545,0.039412084966897964,False,4
2021-09-29,22,60,0.00015712132,0.03510981375352899,0.5409090909090909,0.039412084966897964,False,4
2021-09-30,1,60,0.0001909719,0.0991993200962518,0.5863636363636363,0.039412084966897964,False,4
2021-09-30,2,60,1.0219415e-05,-0.24302046450792067,0.03636363636363636,0.039412084966897964,False,4
2021-09-30,3,60,0.0037400404,6.8186723482675795,0.9227272727272727,0.039412084966897964,False,4
2021-09-30,4,60,0.00011379095,-0.046927845062158066,0.45454545454545453,0.039412084966897964,False,4
2021-09-30,5,60,0.0011053807,1.8304551191674305,0.8136363636363636,0.039412084966897964,False,4
2021-09-30,6,60,0.00010769889,-0.058461974719373457,0.44545454545454544,0.039412084966897964,False,4
2021-09-30,7,60,7.592069e-05,-0.11862784149375717,0.40454545454545454,0.039412084966897964,False,4
2021-09-30,8,60,0.06308421,119.175347240509,0.9772727272727273,0.039412084966897964,True,4
2021-09-30,9,60,1.39501535e-05,-0.23595703508944824,0.08636363636363636,0.039412084966897964,False,4
2021-09-30,10,60,1.3835207e-05,-0.23617466397861023,0.08636363636363636,0.039412084966897964,False,4
2021-09-30,11,60,6.9094267e-06,-0.24928728626666108,0.00909090909090909,0.039412084966897964,False,4
2021-09-30,12,60,0.00014607512,0.014195977985664781,0.5181818181818182,0.039412084966897964,False,4
2021-09-30,13,60,6.069e-05,-0.1474641988079275,0.37727272727272726,0.039412084966897964,False,4
2021-09-30,14,60,0.0011507045,1.916266841922797,0.8318181818181818,0.039412084966897964,False,4
2021-09-30,15,60,2.6919219e-05,-0.2114026245360418,0.17727272727272728,0.039412084966897964,False,4
2021-09-30,16,60,0.00043760295,0.5661474050153216,0.7090909090909091,0.039412084966897964,False,4
2021-09-30,17,60,2.606004e-05,-0.21302931115627366,0.16818181818181818,0.039412084966897964,False,4
2021-09-30,18,60,0.00018084452,0.08002509655332922,0.5727272727272728,0.039412084966897964,False,4
2021-09-30,19,60,0.00015171025,0.02486499901515545,0.5272727272727272,0.039412084966897964,False,4
2021-09-30,20,60,0.0024757148,4.424916995763097,0.9,0.039412084966897964,False,4
2021-09-30,21,60,2.2633058e-05,-0.2195176396398242,0.15,0.039412084966897964,False,4
2021-09-30,22,60,6.170454e-05,-0.14554336836646167,0.37727272727272726,0.039412084966897964,False,4
2021-10-05,1,60,2.7486996e-05,-0.21032764785630706,0.18636363636363637,0.039412084966897964,False,4
2021-10-05,2,60,0.00012577247,-0.02424316774994057,0.4636363636363636,0.039412084966897964,False,4
2021-10-05,3,60,2.731563e-05,-0.21065209803074156,0.17727272727272728,0.039412084966897964,False,4
2021-10-05,4,60,0.00012680884,-0.022280996687586194,0.4636363636363636,0.039412084966897964,False,4
2021-10-05,5,60,1.34551265e-05,-0.23689427283779027,0.08181818181818182,0.039412084966897964,False,4
2021-10-05,6,60,0.0025876064,4.636762151602232,0.9,0.039412084966897964,False,4
2021-10-05,7,60,0.0006285225,0.9276165143719899,0.759090909090909,0.039412084966897964,False,4
2021-10-05,8,60,5.6060802e-05,-0.1562286859486052,0.35454545454545455,0.039412084966897964,False,4
2021-10-05,9,60,0.0001816639,0.0815764236712049,0.5727272727272728,0.039412084966897964,False,4
2021-10-05,10,60,0.00027485873,0.25802276712781247,0.6272727272727273,0.039412084966897964,False,4
2021-10-05,11,60,0.00036607357,0.4307203800008933,0.6727272727272727,0.039412084966897964,False,4
2021-10-05,12,60,0.00035435086,0.4085257150930834,0.6681818181818182,0.039412084966897964,False,4
2021-10-05,13,60,7.165307e-05,-0.12670774944247976,0.4,0.039412084966897964,False,4
2021-10-05,14,60,5.8360016e-05,-0.1518755709163766,0.36363636363636365,0.039412084966897964,False,4
2021-10-05,15,60,0.00037291113,0.443665986731579,0.6727272727272727,0.039412084966897964,False,4
2021-10-05,16,60,5.763384e-05,-0.15325044618054962,0.35909090909090907,0.039412084966897964,False,4
2021-10-05,17,60,3.939556e-05,-0.18778109174880106,0.2818181818181818,0.039412084966897964,False,4
2021-10-05,18,60,0.00079338095,1.2397440704926876,0.7772727272727272,0.039412084966897964,False,4
2021-10-05,19,60,8.4468506e-05,-0.10244420755781937,0.41818181818181815,0.039412084966897964,False,4
2021-10-05,20,60,0.0195067,36.669786213250426,0.9545454545454546,0.039412084966897964,False,4
2021-10-05,21,60,1.1686849e-05,-0.24024216401729817,0.05909090909090909,0.039412084966897964,False,4
2021-10-05,22,60,0.0007112571,1.084258482548945,0.7772727272727272,0.039412084966897964,False,4
2021-09-28,1,65,0.0025450275,5.067625780821035,0.8909090909090909,0.03701890632510185,False,4
2021-09-28,2,65,3.270286e-05,-0.18337705176777727,0.22272727272727272,0.03701890632510185,False,4
2021-09-28,3,65,2.1608297e-05,-0.20656576904228813,0.13636363636363635,0.03701890632510185,False,4
2021-09-28,4,65,0.0009704655,1.7766380032363183,0.8181818181818182,0.03701890632510185,False,4
2021-09-28,5,65,0.0049025365,9.995048789757632,0.9136363636363637,0.03701890632510185,False,4
2021-09-28,6,65,0.0038238643,7.740518923548768,0.9090909090909091,0.03701890632510185,False,4
2021-09-28,7,65,1.0691258e-05,-0.2293834433296754,0.06363636363636363,0.03701890632510185,False,4
2021-09-28,8,65,0.00012982963,0.019627331905802833,0.5136363636363637,0.03701890632510185,False,4
2021-09-28,9,65,2.141317e-05,-0.20697360267428486,0.13636363636363635,0.03701890632510185,False,4
2021-09-28,10,65,0.0002101905,0.18758936580039626,0.6136363636363636,0.03701890632510185,False,4
2021-09-28,11,65,0.00016281215,0.08856402039362055,0.5772727272727273,0.03701890632510185,False,4
2021-09-28,12,65,1.2091772e-05,-0.22645623180706745,0.07727272727272727,0.03701890632510185,False,4
2021-09-28,13,65,0.00082586915,1.4744176182440996,0.8,0.03701890632510185,False,4
2021-09-28,14,65,0.00038753837,0.5582636632911209,0.7090909090909091,0.03701890632510185,False,4
2021-09-28,15,65,0.0034947013,7.052536404066516,0.9090909090909091,0.03701890632510185,False,4
2021-09-28,16,65,0.83782476,1750.8834866110537,0.9954545454545455,0.03701890632510185,True,4
2021-09-28,17,65,2.1946498e-05,-0.20585889593905626,0.13636363636363635,0.03701890632510185,False,4
2021-09-28,18,65,0.0009120948,1.6546375635316544,0.8136363636363636,0.03701890632510185,False,4
2021-09-28,19,65,0.004519964,9.195435249306186,0.9136363636363637,0.03701890632510185,False,4
2021-09-28,20,65,0.0003638215,0.5086931262067297,0.6954545454545454,0.03701890632510185,False,4
2021-09-28,21,65,5.3913158e-05,-0.13904546905691295,0.33636363636363636,0.03701890632510185,False,4
2021-09-28,22,65,0.00010270314,-0.03706966372478058,0.4772727272727273,0.03701890632510185,False,4
2021-09-29,1,65,0.019894117,41.328910690006225,0.9590909090909091,0.03701890632510185,False,4
2021-09-29,2,65,1.3096785e-05,-0.2243556578290959,0.09090909090909091,0.03701890632510185,False,4
2021-09-29,3,65,9.89139e-05,-0.04498954102263831,0.4727272727272727,0.03701890632510185,False,4
2021-09-29,4,65,1.7121693e-05,-0.21594320903748104,0.10909090909090909,0.03701890632510185,False,4
2021-09-29,5,65,1.9845096e-05,-0.21025103056909286,0.1318181818181818,0.03701890632510185,False,4
2021-09-29,6,65,0.0019767522,3.879875065782952,0.8727272727272727,0.03701890632510185,False,4
2021-09-29,7,65,0.001827221,3.5673403738862115,0.8727272727272727,0.03701890632510185,False,4
2021-09-29,8,65,8.546093e-06,-0.2338670451220227,0.03636363636363636,0.03701890632510185,False,4
2021-09-29,9,65,0.010757275,22.23202133674913,0.9363636363636364,0.03701890632510185,False,4
2021-09-29,10,65,8.498929e-06,-0.23396562367228785,0.03636363636363636,0.03701890632510185,False,4
2021-09-29,11,65,0.00016514873,0.09344768290554926,0.5772727272727273,0.03701890632510185,False,4
2021-09-29,12,65,0.00013464862,0.029699505650184022,0.5272727272727272,0.03701890632510185,False,4
2021-09-29,13,65,0.00017507472,0.11419397203133508,0.5909090909090909,0.03701890632510185,False,4
2021-09-29,14,65,3.0011828e-05,-0.18900157225164935,0.19545454545454546,0.03701890632510185,False,4
2021-09-29,15,65,1.0102495e-05,-0.23061401379310817,0.045454545454545456,0.03701890632510185,False,4
2021-09-29,16,65,0.001641536,3.1792406704782326,0.8636363636363636,0.03701890632510185,False,4
2021-09-29,17,65,4.4474218e-05,-0.15877377088588837,0.29545454545454547,0.03701890632510185,False,4
2021-09-29,18,65,1.3426209e-05,-0.2236671287231269,0.09545454545454546,0.03701890632510185,False,4
2021-09-29,19,65,7.995674e-06,-0.23501747417813879,0.022727272727272728,0.03701890632510185,False,4
2021-09-29,20,65,0.04016025,83.6870979871417,0.9681818181818181,0.03701890632510185,True,4
2021-09-29,21,65,0.0020732898,4.081648116719224,0.8727272727272727,0.03701890632510185,False,4
2021-09-29,22,65,1.0900281e-05,-0.22894656345123546,0.06363636363636363,0.03701890632510185,False,4
2021-09-30,1,65,0.000118216536,-0.004645156330728736,0.4863636363636364,0.03701890632510185,False,4
2021-09-30,2,65,1.489893e-05,-0.22058899837868529,0.09545454545454546,0.03701890632510185,False,4
2021-09-30,3,65,0.003031002,6.083359453886465,0.9045454545454545,0.03701890632510185,False,4
2021-09-30,4,65,8.076344e-05,-0.08292576377252345,0.42272727272727273,0.03701890632510185,False,4
2021-09-30,5,65,0.0012506263,2.362201328715601,0.8363636363636363,0.03701890632510185,False,4
2021-09-30,6,65,8.975154e-05,-0.06413976171755854,0.45,0.03701890632510185,False,4
2021-09-30,7,65,6.428968e-05,-0.11735753407784806,0.39090909090909093,0.03701890632510185,False,4
2021-09-30,8,65,0.055446263,115.63635246095511,0.9772727272727273,0.03701890632510185,True,4
2021-09-30,9,65,1.4073919e-05,-0.22231335122978776,0.09545454545454546,0.03701890632510185,False,4
2021-09-30,10,65,1.2170707e-05,-0.22629124988764301,0.07727272727272727,0.03701890632510185,False,4
2021-09-30,11,65,1.039247e-05,-0.23000793762820423,0.05909090909090909,0.03701890632510185,False,4
2021-09-30,12,65,0.00010137576,-0.03984402127641354,0.4727272727272727,0.03701890632510185,False,4
2021-09-30,13,65,9.0439884e-05,-0.06270106007108783,0.45454545454545453,0.03701890632510185,False,4
2021-09-30,14,65,0.0007866203,1.3923837187082415,0.7954545454545454,0.03701890632510185,False,4
2021-09-30,15,65,4.5303543e-05,-0.15704040191260787,0.29545454545454547,0.03701890632510185,False,4
2021-09-30,16,65,0.00054954493,0.8968731249975466,0.7545454545454545,0.03701890632510185,False,4
2021-09-30,17,65,6.2553416e-05,-0.1209864899881837,0.38636363636363635,0.03701890632510185,False,4
2021-09-30,18,65,7.335445e-05,-0.09841127582130281,0.4090909090909091,0.03701890632510185,False,4
2021-09-30,19,65,0.0010414202,1.9249401688668548,0.8227272727272728,0.03701890632510185,False,4
2021-09-30,20,65,0.0009785519,1.7935394513656389,0.8181818181818182,0.03701890632510185,False,4
2021-09-30,21,65,5.7677553e-05,-0.13117751762736954,0.35909090909090907,0.03701890632510185,False,4
2021-09-30,22,65,8.194448e-05,-0.08045727384115861,0.42727272727272725,0.03701890632510185,False,4
2021-10-05,1,65,0.00015249458,0.06699929624632676,0.5681818181818182,0.03701890632510185,False,4
2021-10-05,2,65,3.6335183e-05,-0.17578514613165636,0.2590909090909091,0.03701890632510185,False,4
2021-10-05,3,65,3.6914047e-05,-0.17457526351508493,0.2636363636363636,0.03701890632510185,False,4
2021-10-05,4,65,0.0002810436,0.3356792657200144,0.6545454545454545,0.03701890632510185,False,4
2021-10-05,5,65,1.4889043e-05,-0.22060966341435834,0.09545454545454546,0.03701890632510185,False,4
2021-10-05,6,65,0.00014390513,0.04904649565543335,0.5590909090909091,0.03701890632510185,False,4
2021-10-05,7,65,0.0008199747,1.4620976300040274,0.8,0.03701890632510185,False,4
2021-10-05,8,65,5.3485615e-05,-0.1399390745476192,0.33181818181818185,0.03701890632510185,False,4
2021-10-05,9,65,0.00017874755,0.12187054519471911,0.5909090909090909,0.03701890632510185,False,4
2021-10-05,10,65,0.001381489,2.635717087620692,0.8545454545454545,0.03701890632510185,False,4
2021-10-05,11,65,0.00021006267,0.1873222011629543,0.6136363636363636,0.03701890632510185,False,4
2021-10-05,12,65,0.00012405809,0.007564258475893835,0.5045454545454545,0.03701890632510185,False,4
2021-10-05,13,65,0.00010523552,-0.031776738079721284,0.4818181818181818,0.03701890632510185,False,4
2021-10-05,14,65,0.0006191821,1.0424215239757613,0.7772727272727272,0.03701890632510185,False,4
2021-10-05,15,65,0.0002769798,0.3271854741318321,0.6545454545454545,0.03701890632510185,False,4
2021-10-05,16,65,1.8477256e-05,-0.21310994919577683,0.12727272727272726,0.03701890632510185,False,4
2021-10-05,17,65,3.6570702e-05,-0.17529288829173845,0.2590909090909091,0.03701890632510185,False,4
2021-10-05,18,65,0.0030888284,6.204222497327265,0.9045454545454545,0.03701890632510185,False,4
2021-10-05,19,65,0.00035448922,0.48918773530988224,0.6909090909090909,0.03701890632510185,False,4
2021-10-05,20,65,0.08146165,170.01104648902117,0.9772727272727273,0.03701890632510185,True,4
2021-10-05,21,65,9.802871e-06,-0.23124025694940714,0.04090909090909091,0.03701890632510185,False,4
2021-10-05,22,65,0.00062401604,1.0525249946704984,0.7772727272727272,0.03701890632510185,False,4
2021-09-28,1,70,0.00082593015,1.5755483215077974,0.8363636363636363,0.036219991743564606,False,4
2021-09-28,2,70,9.600478e-05,-0.07808105095210813,0.42272727272727273,0.036219991743564606,False,4
2021-09-28,3,70,2.4558629e-05,-0.23994067631754049,0.18636363636363637,0.036219991743564606,False,4
2021-09-28,4,70,0.00010907847,-0.04846289104186879,0.45,0.036219991743564606,False,4
2021-09-28,5,70,0.0011298708,2.2641188842000886,0.8545454545454545,0.036219991743564606,False,4
2021-09-28,6,70,0.0006807635,1.2466765789196046,0.7954545454545454,0.036219991743564606,False,4
2021-09-28,7,70,1.3537783e-05,-0.26490815207240953,0.09090909090909091,0.036219991743564606,False,4
2021-09-28,8,70,2.5498384e-05,-0.23781168177110376,0.19545454545454546,0.036219991743564606,False,4
2021-09-28,9,70,2.890868e-05,-0.23008573382033004,0.21818181818181817,0.036219991743564606,False,4
2021-09-28,10,70,5.7591536e-05,-0.16510537405422424,0.35454545454545455,0.036219991743564606,False,4
2021-09-28,11,70,0.0001067355,-0.05377084718790091,0.4409090909090909,0.036219991743564606,False,4
2021-09-28,12,70,2.7849586e-05,-0.23248508688844946,0.20909090909090908,0.036219991743564606,False,4
2021-09-28,13,70,0.00072088814,1.33757803121716,0.8090909090909091,0.036219991743564606,False,4
2021-09-28,14,70,0.00072385935,1.3443092401378152,0.8090909090909091,0.036219991743564606,False,4
2021-09-28,15,70,0.003877306,8.48837078411702,0.9090909090909091,0.036219991743564606,False,4
2021-09-28,16,70,0.86963826,1969.8501677993165,1.0,0.036219991743564606,True,4
2021-09-28,17,70,2.8517072e-05,-0.23097291378244614,0.21363636363636362,0.036219991743564606,False,4
2021-09-28,18,70,0.0009115544,1.7695280615019133,0.8363636363636363,0.036219991743564606,False,4
2021-09-28,19,70,0.016221657,36.45421888236135,0.95,0.036219991743564606,False,4
2021-09-28,20,70,0.00031611064,0.420563793802051,0.6681818181818182,0.036219991743564606,False,4
2021-09-28,21,70,7.94495e-05,-0.11558665606897416,0.4,0.036219991743564606,False,4
2021-09-28,22,70,0.00012369074,-0.015359126668994194,0.4909090909090909,0.036219991743564606,False,4
2021-09-29,1,70,0.02993908,67.53072761185466,0.9681818181818181,0.036219991743564606,False,4
2021-09-29,2,70,0.0002511061,0.27329748327769887,0.6272727272727273,0.036219991743564606,False,4
2021-09-29,3,70,9.416008e-05,-0.08226016641709111,0.42272727272727273,0.036219991743564606,False,4
2021-09-29,4,70,1.9284387e-05,-0.25188935099787213,0.12727272727272726,0.036219991743564606,False,4
2021-09-29,5,70,7.455502e-05,-0.12667498595254092,0.39090909090909093,0.036219991743564606,False,4
2021-09-29,6,70,0.0018129004,3.811507045825685,0.8727272727272727,0.036219991743564606,False,4
2021-09-29,7,70,0.0017871072,3.7530731106360213,0.8727272727272727,0.036219991743564606,False,4
2021-09-29,8,70,9.308096e-06,-0.27449041187206835,0.05454545454545454,0.036219991743564606,False,4
2021-09-29,9,70,0.03247933,73.28560912911885,0.9681818181818181,0.036219991743564606,False,4
2021-09-29,10,70,7.903826e-06,-0.27767175327940186,0.022727272727272728,0.036219991743564606,False,4
2021-09-29,11,70,7.706971e-05,-0.12097801881001685,0.39545454545454545,0.036219991743564606,False,4
2021-09-29,12,70,6.3638116e-05,-0.15140698642815634,0.37272727272727274,0.036219991743564606,False,4
2021-09-29,13,70,6.9321446e-05,-0.13853153013659536,0.38636363636363635,0.036219991743564606,False,4
2021-09-29,14,70,2.2286571e-05,-0.24508797174619726,0.16818181818181818,0.036219991743564606,False,4
2021-09-29,15,70,1.4332596e-05,-0.2631075215432765,0.1,0.036219991743564606,False,4
2021-09-29,16,70,0.0022069036,4.704112425628535,0.8863636363636364,0.036219991743564606,False,4
2021-09-29,17,70,0.000327668,0.44674673936051423,0.6818181818181818,0.036219991743564606,False,4
2021-09-29,18,70,1.34972415e-05,-0.26499999822802195,0.09090909090909091,0.036219991743564606,False,4
2021-09-29,19,70,6.4908645e-06,-0.2808727863079931,0.00909090909090909,0.036219991743564606,False,4
2021-09-29,20,70,0.028985268,65.3698878340363,0.9681818181818181,0.036219991743564606,False,4
2021-09-29,21,70,0.0014099757,2.8986902370627243,0.8636363636363636,0.036219991743564606,False,4
2021-09-29,22,70,2.420516e-05,-0.24074145380546752,0.18636363636363637,0.036219991743564606,False,4
2021-09-30,1,70,0.00024386027,0.2568822082367458,0.6227272727272727,0.036219991743564606,False,4
2021-09-30,2,70,4.5196703e-05,-0.19318558887994264,0.30454545454545456,0.036219991743564606,False,4
2021-09-30,3,70,0.018473446,41.55559568376145,0.9590909090909091,0.036219991743564606,False,4
2021-09-30,4,70,8.423226e-05,-0.10475141410236236,0.4090909090909091,0.036219991743564606,False,4
2021-09-30,5,70,0.00049207,0.8191956915779391,0.7636363636363637,0.036219991743564606,False,4
2021-09-30,6,70,0.00010949324,-0.047523248166655874,0.45,0.036219991743564606,False,4
2021-09-30,7,70,0.00013548965,0.011371038680212282,0.5045454545454545,0.036219991743564606,False,4
2021-09-30,8,70,0.043537162,98.33687501746738,0.9681818181818181,0.036219991743564606,True,4
2021-09-30,9,70,1.7578619e-05,-0.25575373019306624,0.11818181818181818,0.036219991743564606,False,4
2021-09-30,10,70,1.4177863e-05,-0.2634580661928749,0.1,0.036219991743564606,False,4
2021-09-30,11,70,3.462507e-05,-0.21713538054930676,0.25,0.036219991743564606,False,4
2021-09-30,12,70,0.000119634846,-0.02454766530723532,0.4818181818181818,0.036219991743564606,False,4
2021-09-30,13,70,0.0008038542,1.5255357491174457,0.8363636363636363,0.036219991743564606,False,4
2021-09-30,14,70,0.0004904063,0.8154266365604024,0.759090909090909,0.036219991743564606,False,4
2021-09-30,15,70,6.229833e-05,-0.15444224472828494,0.36818181818181817,0.036219991743564606,False,4
2021-09-30,16,70,0.0004889144,0.8120467244074919,0.759090909090909,0.036219991743564606,False,4
2021-09-30,17,70,6.691372e-05,-0.1439861730986352,0.37727272727272726,0.036219991743564606,False,4
2021-09-30,18,70,3.0894455e-05,-0.22558700708546442,0.2318181818181818,0.036219991743564606,False,4
2021-09-30,19,70,0.00615159,13.640709872211454,0.9272727272727272,0.036219991743564606,False,4
2021-09-30,20,70,0.0011882213,2.3963106230059736,0.8636363636363636,0.036219991743564606,False,4
2021-09-30,21,70,8.273311e-05,-0.10814771087097245,0.4090909090909091,0.036219991743564606,False,4
2021-09-30,22,70,7.952901e-05,-0.11540652419737821,0.4,0.036219991743564606,False,4
2021-10-05,1,70,0.0002469071,0.26378471386399177,0.6272727272727273,0.036219991743564606,False,4
2021-10-05,2,70,0.00024778792,0.26578020840786115,0.6272727272727273,0.036219991743564606,False,4
2021-10-05,3,70,3.7777623e-05,-0.20999334469767422,0.2636363636363636,0.036219991743564606,False,4
2021-10-05,4,70,0.00012097681,-0.021507478435583375,0.4909090909090909,0.036219991743564606,False,4
2021-10-05,5,70,1.3223416e-05,-0.26562034302017146,0.08636363636363636,0.036219991743564606,False,4
2021-10-05,6,70,0.00010072649,-0.06738412217496938,0.42727272727272725,0.036219991743564606,False,4
2021-10-05,7,70,0.000597166,1.0572883554973036,0.7681818181818182,0.036219991743564606,False,4
2021-10-05,8,70,5.919138e-05,-0.1614809618966119,0.35909090909090907,0.036219991743564606,False,4
2021-10-05,9,70,0.00014296906,0.028315467577495257,0.5045454545454545,0.036219991743564606,False,4
2021-10-05,10,70,0.0024416533,5.235932391899799,0.8909090909090909,0.036219991743564606,False,4
2021-10-05,11,70,0.0012959328,2.64032864967665,0.8636363636363636,0.036219991743564606,False,4
2021-10-05,12,70,0.0001824026,0.11765124951527128,0.55,0.036219991743564606,False,4
2021-10-05,13,70,5.9724927e-05,-0.16027222560963073,0.35909090909090907,0.036219991743564606,False,4
2021-10-05,14,70,0.0003352523,0.4639287616689597,0.6909090909090909,0.036219991743564606,False,4
2021-10-05,15,70,0.00019852539,0.15417707439351516,0.5818181818181818,0.036219991743564606,False,4
2021-10-05,16,70,2.2381244e-05,-0.24487349234646827,0.17272727272727273,0.036219991743564606,False,4
2021-10-05,17,70,2.9604342e-05,-0.22850972829551675,0.22272727272727272,0.036219991743564606,False,4
2021-10-05,18,70,0.00036775306,0.5375585213266748,0.7090909090909091,0.036219991743564606,False,4
2021-10-05,19,70,0.00019017854,0.13526748062327573,0.5681818181818182,0.036219991743564606,False,4
2021-10-05,20,70,0.040129747,90.61745368220377,0.9681818181818181,0.036219991743564606,True,4
2021-10-05,21,70,8.096878e-06,-0.2772343981885736,0.022727272727272728,0.036219991743564606,False,4
2021-10-05,22,70,0.006801763,15.113662164273723,0.9272727272727272,0.036219991743564606,False,4
2021-09-28,1,75,0.03741943,92.85694431408626,0.9681818181818181,0.031092673540115356,True,4
2021-09-28,2,75,1.7185654e-05,-0.24975026319876178,0.11363636363636363,0.031092673540115356,False,4
2021-09-28,3,75,4.3597534e-05,-0.18400226070375741,0.29545454545454547,0.031092673540115356,False,4
2021-09-28,4,75,8.536123e-05,-0.08003846000170328,0.45454545454545453,0.031092673540115356,False,4
2021-09-28,5,75,0.0006673027,1.3686084304819286,0.7909090909090909,0.031092673540115356,False,4
2021-09-28,6,75,0.00092778186,2.017028171097253,0.8409090909090909,0.031092673540115356,False,4
2021-09-28,7,75,1.682373e-05,-0.2506512138513531,0.10909090909090909,0.031092673540115356,False,4
2021-09-28,8,75,0.00019702585,0.19793210701770508,0.5954545454545455,0.031092673540115356,False,4
2021-09-28,9,75,2.3085518e-05,-0.2350635268695661,0.15454545454545454,0.031092673540115356,False,4
2021-09-28,10,75,5.476494e-05,-0.1562028548376282,0.35,0.031092673540115356,False,4
2021-09-28,11,75,4.4231267e-05,-0.18242468918311863,0.3,0.031092673540115356,False,4
2021-09-28,12,75,3.781179e-05,-0.19840491027116527,0.2590909090909091,0.031092673540115356,False,4
2021-09-28,13,75,0.0007282752,1.5203894320141198,0.8090909090909091,0.031092673540115356,False,4
2021-09-28,14,75,0.0005022407,0.9577140031521907,0.759090909090909,0.031092673540115356,False,4
2021-09-28,15,75,0.0023206684,5.484388572332323,0.8772727272727273,0.031092673540115356,False,4
2021-09-28,16,75,0.9422691,2345.3302910811854,1.0,0.031092673540115356,True,4
2021-09-28,17,75,0.0005077067,0.9713206809076852,0.7636363636363637,0.031092673540115356,False,4
2021-09-28,18,75,0.00074159814,1.553554631361802,0.8136363636363636,0.031092673540115356,False,4
2021-09-28,19,75,0.012074813,29.76571650612596,0.9409090909090909,0.031092673540115356,False,4
2021-09-28,20,75,7.753374e-05,-0.09952369926307969,0.42272727272727273,0.031092673540115356,False,4
2021-09-28,21,75,0.00023083838,0.28210282289841365,0.6227272727272727,0.031092673540115356,False,4
2021-09-28,22,75,0.0009887278,2.1687429540922603,0.8409090909090909,0.031092673540115356,False,4
2021-09-29,1,75,0.021844879,54.086676451771694,0.9545454545454546,0.031092673540115356,False,4
2021-09-29,2,75,0.00020298424,0.2127645522027571,0.6,0.031092673540115356,False,4
2021-09-29,3,75,2.7589338e-05,-0.2238520139944257,0.19545454545454546,0.031092673540115356,False,4
2021-09-29,4,75,1.7420629e-05,-0.24916533127761242,0.11363636363636363,0.031092673540115356,False,4
2021-09-29,5,75,2.360116e-05,-0.23377992236564782,0.15454545454545454,0.031092673540115356,False,4
2021-09-29,6,75,0.0018301986,4.263445098004341,0.8681818181818182,0.031092673540115356,False,4
2021-09-29,7,75,0.0019448514,4.548854238183804,0.8681818181818182,0.031092673540115356,False,4
2021-09-29,8,75,6.495087e-06,-0.2763626585427727,0.022727272727272728,0.031092673540115356,False,4
2021-09-29,9,75,0.004862715,11.812392532983297,0.9227272727272727,0.031092673540115356,False,4
2021-09-29,10,75,6.1863666e-06,-0.277131166460905,0.013636363636363636,0.031092673540115356,False,4
2021-09-29,11,75,0.00014494639,0.06828892604001592,0.5227272727272727,0.031092673540115356,False,4
2021-09-29,12,75,8.203439e-05,-0.08832006976275035,0.45,0.031092673540115356,False,4
2021-09-29,13,75,5.980392e-05,-0.14365915123701697,0.35454545454545455,0.031092673540115356,False,4
2021-09-29,14,75,3.5790712e-05,-0.20343605200154766,0.2318181818181818,0.031092673540115356,False,4
2021-09-29,15,75,1.8037486e-05,-0.2476297666886924,0.11818181818181818,0.031092673540115356,False,4
2021-09-29,16,75,0.00047964894,0.9014754834016607,0.759090909090909,0.031092673540115356,False,4
2021-09-29,17,75,0.0003526332,0.5852908071463712,0.7090909090909091,0.031092673540115356,False,4
2021-09-29,18,75,1.7444052e-05,-0.24910702328367657,0.11363636363636363,0.031092673540115356,False,4
2021-09-29,19,75,8.274886e-06,-0.27193214416601463,0.045454545454545456,0.031092673540115356,False,4
2021-09-29,20,75,0.019302588,47.758064497724604,0.95,0.031092673540115356,False,4
2021-09-29,21,75,0.0012948144,2.930694883853664,0.8545454545454545,0.031092673540115356,False,4
2021-09-29,22,75,1.45151835e-05,-0.2563979563648095,0.10454545454545454,0.031092673540115356,False,4
2021-09-30,1,75,8.13436e-05,-0.09003968692831948,0.44545454545454544,0.031092673540115356,False,4
2021-09-30,2,75,1.3846956e-05,-0.2580613982587495,0.10454545454545454,0.031092673540115356,False,4
2021-09-30,3,75,0.0065934216,16.12069981148365,0.9272727272727272,0.031092673540115356,False,4
2021-09-30,4,75,1.2090504e-05,-0.2624337936886127,0.09545454545454546,0.031092673540115356,False,4
2021-09-30,5,75,0.0007056745,1.4641287428189746,0.7954545454545454,0.031092673540115356,False,4
2021-09-30,6,75,0.00012579346,0.020610891000484213,0.5045454545454545,0.031092673540115356,False,4
2021-09-30,7,75,0.00010996691,-0.018786693464646963,0.4954545454545455,0.031092673540115356,False,4
2021-09-30,8,75,0.038720015,96.09453407090447,0.9681818181818181,0.031092673540115356,True,4
2021-09-30,9,75,1.8223527e-05,-0.24716664898303287,0.12272727272727273,0.031092673540115356,False,4
2021-09-30,10,75,1.5310914e-05,-0.2544171169412484,0.10454545454545454,0.031092673540115356,False,4
2021-09-30,11,75,3.309897e-05,-0.2101366941873274,0.22272727272727272,0.031092673540115356,False,4
2021-09-30,12,75,0.000116126444,-0.003453552097452242,0.5,0.031092673540115356,False,4
2021-09-30,13,75,0.0005307404,1.0286592687857878,0.7681818181818182,0.031092673540115356,False,4
2021-09-30,14,75,0.00088631565,1.9138049185955743,0.8272727272727273,0.031092673540115356,False,4
2021-09-30,15,75,0.0027645298,6.589307896020813,0.8954545454545455,0.031092673540115356,False,4
2021-09-30,16,75,0.00020594928,0.22014552827631156,0.6,0.031092673540115356,False,4
2021-09-30,17,75,6.175558e-05,-0.1388008188784268,0.36363636363636365,0.031092673540115356,False,4
2021-09-30,18,75,3.536748e-05,-0.20448961682107333,0.2318181818181818,0.031092673540115356,False,4
2021-09-30,19,75,0.015983732,39.49632334069767,0.95,0.031092673540115356,False,4
2021-09-30,20,75,0.00088923017,1.9210601229179785,0.8318181818181818,0.031092673540115356,False,4
2021-09-30,21,75,5.630452e-05,-0.15237032115592064,0.35,0.031092673540115356,False,4
2021-09-30,22,75,0.00011858357,0.002663059253672892,0.5,0.031092673540115356,False,4
2021-10-05,1,75,0.00028719314,0.42238864137637766,0.6772727272727272,0.031092673540115356,False,4
2021-10-05,2,75,2.9556784e-05,-0.21895438249167387,0.2,0.031092673540115356,False,4
2021-10-05,3,75,3.45987e-05,-0.206403370581502,0.22727272727272727,0.031092673540115356,False,4
2021-10-05,4,75,0.00016693363,0.12302253172666683,0.5409090909090909,0.031092673540115356,False,4
2021-10-05,5,75,1.3275703e-05,-0.2594834372695098,0.10454545454545454,0.031092673540115356,False,4
2021-10-05,6,75,2.4404608e-05,-0.23177987259307117,0.16818181818181818,0.031092673540115356,False,4
2021-10-05,7,75,1.5032545e-05,-0.2551100705680228,0.10454545454545454,0.031092673540115356,False,4
2021-10-05,8,75,5.1155053e-05,-0.16518906895686206,0.33181818181818185,0.031092673540115356,False,4
2021-10-05,9,75,0.000464788,0.864481635458766,0.759090909090909,0.031092673540115356,False,4
2021-10-05,10,75,0.0009508808,2.074529190004203,0.8409090909090909,0.031092673540115356,False,4
2021-10-05,11,75,0.0016519843,3.819810168334549,0.8681818181818182,0.031092673540115356,False,4
2021-10-05,12,75,7.510626e-05,-0.10556650302694424,0.40454545454545454,0.031092673540115356,False,4
2021-10-05,13,75,5.7914935e-05,-0.14836146431789854,0.35,0.031092673540115356,False,4
2021-10-05,14,75,0.00017680145,0.14758681972905244,0.5681818181818182,0.031092673540115356,False,4
2021-10-05,15,75,0.0006332633,1.283873045806021,0.7818181818181819,0.031092673540115356,False,4
2021-10-05,16,75,0.0001206631,0.007839697020488225,0.5045454545454545,0.031092673540115356,False,4
2021-10-05,17,75,1.37853585e-05,-0.2582147346533016,0.10454545454545454,0.031092673540115356,False,4
2021-10-05,18,75,0.00011225712,-0.013085596189434716,0.4954545454545455,0.031092673540115356,False,4
2021-10-05,19,75,0.00015910051,0.10352327355178374,0.5409090909090909,0.031092673540115356,False,4
2021-10-05,20,75,0.0500554,124.31209529216991,0.9727272727272728,0.031092673540115356,True,4
2021-10-05,21,75,8.096878e-06,-0.27237526363798487,0.045454545454545456,0.031092673540115356,False,4
2021-10-05,22,75,0.010066106,24.765372481264013,0.9363636363636364,0.031092673540115356,False,4
2021-09-28,1,80,0.004026951,8.008960199051366,0.9045454545454545,0.03310100734233856,False,4
2021-09-28,2,80,1.2771777e-05,-0.28842458037417784,0.09090909090909091,0.03310100734233856,False,4
2021-09-28,3,80,4.064474e-05,-0.2308106328970763,0.2681818181818182,0.03310100734233856,False,4
2021-09-28,4,80,9.40523e-05,-0.12041618026276489,0.44545454545454544,0.03310100734233856,False,4
2021-09-28,5,80,0.00061719684,0.9609335826689114,0.7863636363636364,0.03310100734233856,False,4
2021-09-28,6,80,0.0006091133,0.944224770188256,0.7772727272727272,0.03310100734233856,False,4
2021-09-28,7,80,1.9000468e-05,-0.2755497554720627,0.12727272727272726,0.03310100734233856,False,4
2021-09-28,8,80,0.00014050544,-0.02439666615431955,0.4772727272727273,0.03310100734233856,False,4
2021-09-28,9,80,2.5949756e-05,-0.2611854461435452,0.16818181818181818,0.03310100734233856,False,4
2021-09-28,10,80,6.070082e-05,-0.1893543343513099,0.35,0.03310100734233856,False,4
2021-09-28,11,80,0.00014176643,-0.02179016287524789,0.4772727272727273,0.03310100734233856,False,4
2021-09-28,12,80,2.9161705e-05,-0.25454628479661573,0.20454545454545456,0.03310100734233856,False,4
2021-09-28,13,80,0.0014723255,2.728500927488646,0.8636363636363636,0.03310100734233856,False,4
2021-09-28,14,80,0.00037276256,0.4556832479638714,0.6954545454545454,0.03310100734233856,False,4
2021-09-28,15,80,0.0039617075,7.8741009736901235,0.9045454545454545,0.03310100734233856,False,4
2021-09-28,16,80,0.9440627,1951.0808432611866,1.0,0.03310100734233856,True,4
2021-09-28,17,80,0.00043784644,0.5902128666903891,0.7272727272727273,0.03310100734233856,False,4
2021-09-28,18,80,0.0005430937,0.8077610060131103,0.7545454545454545,0.03310100734233856,False,4
2021-09-28,19,80,0.013674279,27.95017146583512,0.95,0.03310100734233856,False,4
2021-09-28,20,80,4.2848238e-05,-0.22625595979508922,0.2909090909090909,0.03310100734233856,False,4
2021-09-28,21,80,0.0006051787,0.9360918663441787,0.7727272727272727,0.03310100734233856,False,4
2021-09-28,22,80,0.0006095306,0.9450873180854421,0.7772727272727272,0.03310100734233856,False,4
2021-09-29,1,80,0.009754999,19.848944509799615,0.9363636363636364,0.03310100734233856,False,4
2021-09-29,2,80,8.929321e-05,-0.13025332005441909,0.4318181818181818,0.03310100734233856,False,4
2021-09-29,3,80,2.1588874e-05,-0.270199471720996,0.15454545454545454,0.03310100734233856,False,4
2021-09-29,4,80,1.9389074e-05,-0.27474650097501363,0.1318181818181818,0.03310100734233856,False,4
2021-09-29,5,80,2.9201667e-05,-0.25446368386398355,0.20454545454545456,0.03310100734233856,False,4
2021-09-29,6,80,0.0017801869,3.364856256555361,0.8636363636363636,0.03310100734233856,False,4
2021-09-29,7,80,0.0035739648,7.072629504756857,0.9045454545454545,0.03310100734233856,False,4
2021-09-29,8,80,8.682206e-06,-0.2968778020549431,0.05,0.03310100734233856,False,4
2021-09-29,9,80,0.0042599333,8.490539375179159,0.9045454545454545,0.03310100734233856,False,4
2021-09-29,10,80,6.385585e-06,-0.30162496063399497,0.00909090909090909,0.03310100734233856,False,4
2021-09-29,11,80,0.00010231156,-0.10334413272818221,0.45,0.03310100734233856,False,4
2021-09-29,12,80,3.686497e-05,-0.23862348773630507,0.2409090909090909,0.03310100734233856,False,4
2021-09-29,13,80,3.851461e-05,-0.23521365476246694,0.2636363636363636,0.03310100734233856,False,4
2021-09-29,14,80,4.767965e-05,-0.2162693419808703,0.30454545454545456,0.03310100734233856,False,4
2021-09-29,15,80,1.6174017e-05,-0.28139208420700546,0.11363636363636363,0.03310100734233856,False,4
2021-09-29,16,80,0.00024716664,0.19607407757216047,0.6136363636363636,0.03310100734233856,False,4
2021-09-29,17,80,0.00027348663,0.25047800181015945,0.6318181818181818,0.03310100734233856,False,4
2021-09-29,18,80,3.0363764e-05,-0.2520616055795503,0.21363636363636362,0.03310100734233856,False,4
2021-09-29,19,80,8.187339e-06,-0.2979007015646239,0.04090909090909091,0.03310100734233856,False,4
2021-09-29,20,80,0.008135425,16.50125474911184,0.9272727272727272,0.03310100734233856,False,4
2021-09-29,21,80,0.005783552,11.639888117828205,0.9181818181818182,0.03310100734233856,False,4
2021-09-29,22,80,4.7399117e-05,-0.21684920661896323,0.30454545454545456,0.03310100734233856,False,4
2021-09-30,1,80,0.00022962884,0.15982312293713863,0.5954545454545455,0.03310100734233856,False,4
2021-09-30,2,80,1.6200878e-05,-0.28133656197239404,0.11363636363636363,0.03310100734233856,False,4
2021-09-30,3,80,0.01313184,26.828940533344323,0.95,0.03310100734233856,False,4
2021-09-30,4,80,3.67167e-05,-0.23892996355317034,0.23636363636363636,0.03310100734233856,False,4
2021-09-30,5,80,0.0013574176,2.4909839440841806,0.8636363636363636,0.03310100734233856,False,4
2021-09-30,6,80,0.00031619176,0.3387503162064015,0.6636363636363637,0.03310100734233856,False,4
2021-09-30,7,80,0.000118337106,-0.07021902688739502,0.4636363636363636,0.03310100734233856,False,4
2021-09-30,8,80,0.006486294,13.092469309555614,0.9227272727272727,0.03310100734233856,False,4
2021-09-30,9,80,1.7342092e-05,-0.27897765093761023,0.11363636363636363,0.03310100734233856,False,4
2021-09-30,10,80,2.2872953e-05,-0.26754525549026054,0.16363636363636364,0.03310100734233856,False,4
2021-09-30,11,80,3.0398476e-05,-0.25198985567753296,0.21363636363636362,0.03310100734233856,False,4
2021-09-30,12,80,0.00015225775,-0.00010440451078019437,0.5,0.03310100734233856,False,4
2021-09-30,13,80,0.0005949411,0.9149305067814806,0.7727272727272727,0.03310100734233856,False,4
2021-09-30,14,80,0.00076193514,1.260110408296534,0.7954545454545454,0.03310100734233856,False,4
2021-09-30,15,80,0.002447174,4.743531206601517,0.8772727272727273,0.03310100734233856,False,4
2021-09-30,16,80,0.0003907314,0.4928252053123277,0.7,0.03310100734233856,False,4
2021-09-30,17,80,7.870846e-05,-0.15213220119660623,0.41363636363636364,0.03310100734233856,False,4
2021-09-30,18,80,5.2248033e-05,-0.20682640366315153,0.32272727272727275,0.03310100734233856,False,4
2021-09-30,19,80,0.0016307055,3.055875453329439,0.8636363636363636,0.03310100734233856,False,4
2021-09-30,20,80,0.00075867114,1.253363669095152,0.7954545454545454,0.03310100734233856,False,4
2021-09-30,21,80,0.0002476698,0.1971141522404859,0.6136363636363636,0.03310100734233856,False,4
2021-09-30,22,80,0.00010961337,-0.08825115375857742,0.45,0.03310100734233856,False,4
2021-10-05,1,80,0.00021586585,0.13137474361338267,0.5863636363636363,0.03310100734233856,False,4
2021-10-05,2,80,0.00027918618,0.26225907779324176,0.6318181818181818,0.03310100734233856,False,4
2021-10-05,3,80,5.1007555e-05,-0.20939049542963314,0.3181818181818182,0.03310100734233856,False,4
2021-10-05,4,80,0.002531859,4.9185770546497904,0.8863636363636364,0.03310100734233856,False,4
2021-10-05,5,80,1.3146463e-05,-0.28765009652379,0.09545454545454546,0.03310100734233856,False,4
2021-10-05,6,80,3.531575e-05,-0.24182575997069095,0.2318181818181818,0.03310100734233856,False,4
2021-10-05,7,80,5.1000065e-05,-0.2094059786396372,0.3181818181818182,0.03310100734233856,False,4
2021-10-05,8,80,4.5836496e-05,-0.22007917417265216,0.29545454545454547,0.03310100734233856,False,4
2021-10-05,9,80,0.0005033315,0.7255717056857596,0.7454545454545455,0.03310100734233856,False,4
2021-10-05,10,80,0.00028897924,0.28250152124982214,0.6409090909090909,0.03310100734233856,False,4
2021-10-05,11,80,0.0006652086,1.0601748377007667,0.7909090909090909,0.03310100734233856,False,4
2021-10-05,12,80,0.000114046445,-0.07908790583080093,0.4636363636363636,0.03310100734233856,False,4
2021-10-05,13,80,6.1058265e-05,-0.18861548669917816,0.35,0.03310100734233856,False,4
2021-10-05,14,80,7.655251e-05,-0.15658858336223433,0.41363636363636364,0.03310100734233856,False,4
2021-10-05,15,80,0.00053902424,0.7993493291912426,0.7545454545454545,0.03310100734233856,False,4
2021-10-05,16,80,0.00016893893,0.03437591459223737,0.5181818181818182,0.03310100734233856,False,4
2021-10-05,17,80,1.3369033e-05,-0.2871900406488781,0.09545454545454546,0.03310100734233856,False,4
2021-10-05,18,80,9.5351155e-05,-0.11773142623901023,0.44545454545454544,0.03310100734233856,False,4
2021-10-05,19,80,0.00024672635,0.195164004717604,0.6136363636363636,0.03310100734233856,False,4
2021-10-05,20,80,0.047503818,97.87647541681343,0.9727272727272728,0.03310100734233856,True,4
2021-10-05,21,80,9.233459e-06,-0.2957383498432428,0.05,0.03310100734233856,False,4
2021-10-05,22,80,0.0042493963,8.468759228639863,0.9045454545454545,0.03310100734233856,False,4
2021-09-28,1,100,0.0027069512,3.9550533465501063,0.8954545454545455,0.017767198383808136,False,4
2021-09-28,2,100,2.9833596e-05,-0.2379562556195133,0.19090909090909092,0.017767198383808136,False,4
2021-09-28,3,100,8.667205e-05,-0.14893357540310462,0.36363636363636365,0.017767198383808136,False,4
2021-09-28,4,100,0.00051718886,0.525359216875012,0.7090909090909091,0.017767198383808136,False,4
2021-09-28,5,100,0.00015258811,-0.04569318734826806,0.45454545454545453,0.017767198383808136,False,4
2021-09-28,6,100,0.0002348721,0.0831833222396638,0.5454545454545454,0.017767198383808136,False,4
2021-09-28,7,100,0.00023578934,0.08461993475648824,0.5454545454545454,0.017767198383808136,False,4
2021-09-28,8,100,0.00010928107,-0.11352241702101619,0.41818181818181815,0.017767198383808136,False,4
2021-09-28,9,100,3.2610893e-05,-0.23360634154387386,0.2,0.017767198383808136,False,4
2021-09-28,10,100,7.8166246e-05,-0.16225571093688715,0.35909090909090907,0.017767198383808136,False,4
2021-09-28,11,100,0.00016752841,-0.022293077802347176,0.4772727272727273,0.017767198383808136,False,4
2021-09-28,12,100,3.507563e-05,-0.2297459696162276,0.21363636363636362,0.017767198383808136,False,4
2021-09-28,13,100,0.00034224856,0.25136066099172777,0.6136363636363636,0.017767198383808136,False,4
2021-09-28,14,100,0.00012865909,-0.08317178959063612,0.43636363636363634,0.017767198383808136,False,4
2021-09-28,15,100,0.00025812426,0.11960178685975155,0.5772727272727273,0.017767198383808136,False,4
2021-09-28,16,100,0.47490448,743.5298624798554,0.9954545454545455,0.017767198383808136,True,4
2021-09-28,17,100,0.00012616249,-0.08708206415671343,0.4318181818181818,0.017767198383808136,False,4
2021-09-28,18,100,0.00042965446,0.3882593131518338,0.6681818181818182,0.017767198383808136,False,4
2021-09-28,19,100,0.0028149113,4.124144773092495,0.8954545454545455,0.017767198383808136,False,4
2021-09-28,20,100,4.9041515e-05,-0.20787203864941683,0.2636363636363636,0.017767198383808136,False,4
2021-09-28,21,100,0.00067630224,0.7745690046353814,0.75,0.017767198383808136,False,4
2021-09-28,22,100,0.00081769086,0.9960175637572374,0.7727272727272727,0.017767198383808136,False,4
2021-09-29,1,100,0.011361752,17.51055089381805,0.9454545454545454,0.017767198383808136,False,4
2021-09-29,2,100,0.00019196651,0.015982849856889598,0.5136363636363637,0.017767198383808136,False,4
2021-09-29,3,100,2.3373548e-05,-0.24807424347937743,0.13636363636363635,0.017767198383808136,False,4
2021-09-29,4,100,3.753981e-05,-0.22588647517274651,0.22272727272727272,0.017767198383808136,False,4
2021-09-29,5,100,0.0006010108,0.656644523059365,0.740909090909091,0.017767198383808136,False,4
2021-09-29,6,100,0.0041194647,6.167388850854287,0.9045454545454545,0.017767198383808136,False,4
2021-09-29,7,100,0.0026079922,3.800059648980408,0.8909090909090909,0.017767198383808136,False,4
2021-09-29,8,100,1.619365e-05,-0.25931969023042606,0.10909090909090909,0.017767198383808136,False,4
2021-09-29,9,100,0.007985052,12.221827199237067,0.9318181818181818,0.017767198383808136,False,4
2021-09-29,10,100,6.765521e-06,-0.27408640543839613,0.01818181818181818,0.017767198383808136,False,4
2021-09-29,11,100,0.016901217,26.186685468379324,0.9590909090909091,0.017767198383808136,False,4
2021-09-29,12,100,0.00023047661,0.07629892335684359,0.5409090909090909,0.017767198383808136,False,4
2021-09-29,13,100,2.4135963e-05,-0.246880118583438,0.13636363636363635,0.017767198383808136,False,4
2021-09-29,14,100,5.0126895e-05,-0.206172072622014,0.2818181818181818,0.017767198383808136,False,4
2021-09-29,15,100,5.7877336e-05,-0.1940330193587679,0.29545454545454547,0.017767198383808136,False,4
2021-09-29,16,100,0.00026396665,0.12875237406830875,0.5772727272727273,0.017767198383808136,False,4
2021-09-29,17,100,0.001096141,1.432137313394481,0.8181818181818182,0.017767198383808136,False,4
2021-09-29,18,100,6.188904e-06,-0.27498952610114397,0.004545454545454545,0.017767198383808136,False,4
2021-09-29,19,100,6.195276e-05,-0.18764993173785724,0.3,0.017767198383808136,False,4
2021-09-29,20,100,0.0142604355,22.050586318252652,0.9454545454545454,0.017767198383808136,False,4
2021-09-29,21,100,0.0015274712,2.1077042126803955,0.8681818181818182,0.017767198383808136,False,4
2021-09-29,22,100,2.6974703e-05,-0.24243396899606282,0.1590909090909091,0.017767198383808136,False,4
2021-09-30,1,100,2.7818714e-05,-0.24111204479921333,0.16818181818181818,0.017767198383808136,False,4
2021-09-30,2,100,1.4977753e-05,-0.26122407588061414,0.1,0.017767198383808136,False,4
2021-09-30,3,100,0.0022074538,3.1727203734173752,0.8863636363636364,0.017767198383808136,False,4
2021-09-30,4,100,2.4577465e-05,-0.24618862117565585,0.1409090909090909,0.017767198383808136,False,4
2021-09-30,5,100,0.0077920477,11.91953650260766,0.9318181818181818,0.017767198383808136,False,4
2021-09-30,6,100,7.73009e-05,-0.16361104790740183,0.35909090909090907,0.017767198383808136,False,4
2021-09-30,7,100,6.809532e-05,-0.17802919535115158,0.32272727272727275,0.017767198383808136,False,4
2021-09-30,8,100,0.0052280677,7.90372771370062,0.9136363636363637,0.017767198383808136,False,4
2021-09-30,9,100,1.4953732e-05,-0.2612616994386822,0.1,0.017767198383808136,False,4
2021-09-30,10,100,1.5965736e-05,-0.259676658196143,0.10909090909090909,0.017767198383808136,False,4
2021-09-30,11,100,2.7658016e-05,-0.24136373745690873,0.16363636363636364,0.017767198383808136,False,4
2021-09-30,12,100,0.00012783328,-0.08446520125006736,0.4318181818181818,0.017767198383808136,False,4
2021-09-30,13,100,6.407283e-05,-0.18432938351025205,0.30454545454545456,0.017767198383808136,False,4
2021-09-30,14,100,0.00023062016,0.0765237644292905,0.5409090909090909,0.017767198383808136,False,4
2021-09-30,15,100,0.0013389871,1.8124928303774535,0.8454545454545455,0.017767198383808136,False,4
2021-09-30,16,100,0.0005731365,0.6129866545342135,0.7318181818181818,0.017767198383808136,False,4
2021-09-30,17,100,0.00013635776,-0.07111381244548041,0.4409090909090909,0.017767198383808136,False,4
2021-09-30,18,100,2.058326e-05,-0.2524445049313399,0.11818181818181818,0.017767198383808136,False,4
2021-09-30,19,100,0.015819319,24.492171922452563,0.9545454545454546,0.017767198383808136,False,4
2021-09-30,20,100,0.0005434637,0.5665119022963547,0.7227272727272728,0.017767198383808136,False,4
2021-09-30,21,100,6.4325126e-05,-0.18393423073847828,0.30454545454545456,0.017767198383808136,False,4
2021-09-30,22,100,9.211696e-05,-0.1404055347199758,0.37727272727272726,0.017767198383808136,False,4
2021-10-05,1,100,3.6170964e-05,-0.22803041400002055,0.21363636363636362,0.017767198383808136,False,4
2021-10-05,2,100,0.00021968887,0.05940272644301523,0.5272727272727272,0.017767198383808136,False,4
2021-10-05,3,100,0.0011057399,1.4471715117016573,0.8181818181818182,0.017767198383808136,False,4
2021-10-05,4,100,0.0006514411,0.7356304966601684,0.7454545454545455,0.017767198383808136,False,4
2021-10-05,5,100,7.9221945e-06,-0.2722747767020034,0.022727272727272728,0.017767198383808136,False,4
2021-10-05,6,100,0.00035583123,0.27263438709162674,0.6318181818181818,0.017767198383808136,False,4
2021-10-05,7,100,2.1891565e-05,-0.2503953856754442,0.1318181818181818,0.017767198383808136,False,4
2021-10-05,8,100,1.2088682e-05,-0.2657490565941247,0.06818181818181818,0.017767198383808136,False,4
2021-10-05,9,100,0.0004930022,0.48747706308386085,0.7,0.017767198383808136,False,4
2021-10-05,10,100,0.0003744501,0.3017959892905337,0.6409090909090909,0.017767198383808136,False,4
2021-10-05,11,100,6.232614e-05,-0.1870651284274286,0.3,0.017767198383808136,False,4
2021-10-05,12,100,0.00026312415,0.127432820218295,0.5772727272727273,0.017767198383808136,False,4
2021-10-05,13,100,0.00011986562,-0.09694447335757934,0.42727272727272725,0.017767198383808136,False,4
2021-10-05,14,100,0.00012086612,-0.09537744618119674,0.42727272727272725,0.017767198383808136,False,4
2021-10-05,15,100,0.00035603618,0.2729553867534962,0.6318181818181818,0.017767198383808136,False,4
2021-10-05,16,100,5.738743e-05,-0.19480032797964955,0.29545454545454547,0.017767198383808136,False,4
2021-10-05,17,100,0.00033581018,0.24127661296582284,0.6136363636363636,0.017767198383808136,False,4
2021-10-05,18,100,0.0003287118,0.2301588202179816,0.6136363636363636,0.017767198383808136,False,4
2021-10-05,19,100,6.001433e-05,-0.19068597566773446,0.29545454545454547,0.017767198383808136,False,4
2021-10-05,20,100,0.030551665,47.56656627497588,0.9772727272727273,0.017767198383808136,True,4
2021-10-05,21,100,7.113741e-05,-0.17326455889747078,0.32272727272727275,0.017767198383808136,False,4
2021-10-05,22,100,0.0002832132,0.15889707761733476,0.5863636363636363,0.017767198383808136,False,4
2021-10-01,1,20,0.004093266,0.714814175161909,0.7454545454545455,0.07874510437250137,False,5
2021-10-01,2,20,0.000516322,-0.17657983435989727,0.32727272727272727,0.07874510437250137,False,5
2021-10-01,3,20,0.00054861675,-0.16853180019263997,0.3409090909090909,0.07874510437250137,False,5
2021-10-01,4,20,0.00084583997,-0.09446215101856083,0.42727272727272725,0.07874510437250137,False,5
2021-10-01,5,20,0.0013432347,0.029491326529521543,0.5181818181818182,0.07874510437250137,False,5
2021-10-01,6,20,0.0016516431,0.10634838467512328,0.5681818181818182,0.07874510437250137,False,5
2021-10-01,7,20,0.000590119,-0.158189216101661,0.35454545454545455,0.07874510437250137,False,5
2021-10-01,8,20,0.00086626486,-0.08937215598379625,0.43636363636363634,0.07874510437250137,False,5
2021-10-01,9,20,4.909158e-05,-0.2930162005653464,0.031818181818181815,0.07874510437250137,False,5
2021-10-01,10,20,0.0018903473,0.1658347905378874,0.6045454545454545,0.07874510437250137,False,5
2021-10-01,11,20,0.00047824252,-0.18606944171402964,0.31363636363636366,0.07874510437250137,False,5
2021-10-01,12,20,0.002094277,0.2166551627963483,0.6090909090909091,0.07874510437250137,False,5
2021-10-01,13,20,0.00036820103,-0.21349238342692514,0.2590909090909091,0.07874510437250137,False,5
2021-10-01,14,20,0.0004777753,-0.18618587870307218,0.31363636363636366,0.07874510437250137,False,5
2021-10-01,15,20,0.0033272617,0.5239216862029926,0.7136363636363636,0.07874510437250137,False,5
2021-10-01,16,20,0.0013705675,0.0363028106073408,0.5227272727272727,0.07874510437250137,False,5
2021-10-01,17,20,0.0056103156,1.0928711966596685,0.7818181818181819,0.07874510437250137,False,5
2021-10-01,18,20,0.0037789033,0.636473245304448,0.740909090909091,0.07874510437250137,False,5
2021-10-01,19,20,0.0047815717,0.8863436874862981,0.7681818181818182,0.07874510437250137,False,5
2021-10-01,20,20,0.00026898683,-0.2382171042618732,0.20454545454545456,0.07874510437250137,False,5
2021-10-01,21,20,0.40144318,99.7365837235468,0.990909090909091,0.07874510437250137,True,5
2021-10-01,22,20,0.00079200196,-0.10787887760073396,0.39545454545454545,0.07874510437250137,False,5
2021-10-07,1,20,0.0011111133,-0.028354575429072236,0.4818181818181818,0.07874510437250137,False,5
2021-10-07,2,20,0.0056450153,1.1015185469648703,0.7818181818181819,0.07874510437250137,False,5
2021-10-07,3,20,0.00021665907,-0.25125746680795596,0.16818181818181818,0.07874510437250137,False,5
2021-10-07,4,20,0.00014195837,-0.26987328917284886,0.11363636363636363,0.07874510437250137,False,5
2021-10-07,5,20,0.0010500046,-0.04358320487673707,0.4636363636363636,0.07874510437250137,False,5
2021-10-07,6,20,0.00081191043,-0.10291757684363043,0.41363636363636364,0.07874510437250137,False,5
2021-10-07,7,20,0.006356302,1.2787751287131803,0.8090909090909091,0.07874510437250137,False,5
2021-10-07,8,20,0.013366362,3.0257203408614886,0.8636363636363636,0.07874510437250137,False,5
2021-10-07,9,20,0.00017530941,-0.2615620279193003,0.14545454545454545,0.07874510437250137,False,5
2021-10-07,10,20,0.00045069243,-0.1929350754467755,0.29545454545454547,0.07874510437250137,False,5
2021-10-07,11,20,0.00012672544,-0.27366941860142513,0.1,0.07874510437250137,False,5
2021-10-07,12,20,0.02831179,6.7502028277553965,0.9181818181818182,0.07874510437250137,False,5
2021-10-07,13,20,0.050962456,12.394872172009839,0.9454545454545454,0.07874510437250137,False,5
2021-10-07,14,20,0.002767076,0.38432036543082476,0.6818181818181818,0.07874510437250137,False,5
2021-10-07,15,20,0.0016642483,0.10948967389887976,0.5681818181818182,0.07874510437250137,False,5
2021-10-07,16,20,0.0004574971,-0.19123931220415272,0.3090909090909091,0.07874510437250137,False,5
2021-10-07,17,20,0.0043028393,0.7670409588704269,0.7454545454545455,0.07874510437250137,False,5
2021-10-07,18,20,0.057444666,14.010274309542806,0.9590909090909091,0.07874510437250137,False,5
2021-10-07,19,20,0.0014372173,0.05291232153113524,0.5363636363636364,0.07874510437250137,False,5
2021-10-07,20,20,0.0012879604,0.015716687119687364,0.5136363636363637,0.07874510437250137,False,5
2021-10-07,21,20,0.00035922258,-0.21572986080381887,0.2590909090909091,0.07874510437250137,False,5
2021-10-07,22,20,0.00024374035,-0.24450866534367852,0.18181818181818182,0.07874510437250137,False,5
2021-10-08,1,20,0.010360239,2.2765780695641853,0.8545454545454545,0.07874510437250137,False,5
2021-10-08,2,20,0.049011182,11.908604151159617,0.9454545454545454,0.07874510437250137,False,5
2021-10-08,3,20,0.0013376419,0.028097564021092234,0.5136363636363637,0.07874510437250137,False,5
2021-10-08,4,20,0.027275516,6.491957393672015,0.9181818181818182,0.07874510437250137,False,5
2021-10-08,5,20,0.0023113538,0.2707519010497086,0.6318181818181818,0.07874510437250137,False,5
2021-10-08,6,20,0.0002942468,-0.23192218149173968,0.21818181818181817,0.07874510437250137,False,5
2021-10-08,7,20,0.0015372196,0.07783343459165286,0.5454545454545454,0.07874510437250137,False,5
2021-10-08,8,20,0.00013361187,-0.271953282149495,0.10454545454545454,0.07874510437250137,False,5
2021-10-08,9,20,0.32285377,80.15167363312506,0.990909090909091,0.07874510437250137,True,5
2021-10-08,10,20,0.0065844827,1.3356389680042573,0.8090909090909091,0.07874510437250137,False,5
2021-10-08,11,20,0.267473,66.35048537131316,0.990909090909091,0.07874510437250137,True,5
2021-10-08,12,20,0.00039967406,-0.2056491330135993,0.2727272727272727,0.07874510437250137,False,5
2021-10-08,13,20,0.001850262,0.1558453178987911,0.6,0.07874510437250137,False,5
2021-10-08,14,20,0.00036255395,-0.21489966521700235,0.2590909090909091,0.07874510437250137,False,5
2021-10-08,15,20,0.0016052229,0.09478023128462841,0.5636363636363636,0.07874510437250137,False,5
2021-10-08,16,20,0.0014101719,0.046172437425648596,0.5318181818181819,0.07874510437250137,False,5
2021-10-08,17,20,0.007081805,1.4595743424799186,0.8181818181818182,0.07874510437250137,False,5
2021-10-08,18,20,0.21690966,53.749822316911754,0.9863636363636363,0.07874510437250137,True,5
2021-10-08,19,20,0.00013435543,-0.2717679831327669,0.10454545454545454,0.07874510437250137,False,5
2021-10-08,20,20,0.0014438102,0.054555291398696304,0.5409090909090909,0.07874510437250137,False,5
2021-10-08,21,20,0.00033184097,-0.22255350788342113,0.22727272727272727,0.07874510437250137,False,5
2021-10-08,22,20,0.00010498774,-0.27908657263659353,0.07727272727272727,0.07874510437250137,False,5
2021-10-12,1,20,0.012850513,2.897167870601066,0.8590909090909091,0.07874510437250137,False,5
2021-10-12,2,20,0.0017154309,0.12224465195232234,0.5772727272727273,0.07874510437250137,False,5
2021-10-12,3,20,0.00018066063,-0.2602284748081885,0.15,0.07874510437250137,False,5
2021-10-12,4,20,0.26035306,64.57615404008764,0.9863636363636363,0.07874510437250137,True,5
2021-10-12,5,20,0.023989525,5.673070482874598,0.9181818181818182,0.07874510437250137,False,5
2021-10-12,6,20,0.00036247392,-0.21491961050913308,0.2590909090909091,0.07874510437250137,False,5
2021-10-12,7,20,0.0007813181,-0.11054134926234957,0.39090909090909093,0.07874510437250137,False,5
2021-10-12,8,20,0.00095656415,-0.06686907959020685,0.45454545454545453,0.07874510437250137,False,5
2021-10-12,9,20,0.00064326276,-0.14494549860984668,0.35909090909090907,0.07874510437250137,False,5
2021-10-12,10,20,0.215684,53.444379852119546,0.9863636363636363,0.07874510437250137,True,5
2021-10-12,11,20,0.0016386104,0.10310056583288812,0.5681818181818182,0.07874510437250137,False,5
2021-10-12,12,20,0.0018249047,0.1495261271477596,0.6,0.07874510437250137,False,5
2021-10-12,13,20,0.38020045,94.44277745278939,0.990909090909091,0.07874510437250137,True,5
2021-10-12,14,20,0.0019968012,0.19236368271781398,0.6045454545454545,0.07874510437250137,False,5
2021-10-12,15,20,0.00355912,0.5817020515580615,0.7363636363636363,0.07874510437250137,False,5
2021-10-12,16,20,0.0023535767,0.28127407980386626,0.6318181818181818,0.07874510437250137,False,5
2021-10-12,17,20,0.006432395,1.2977378649837283,0.8090909090909091,0.07874510437250137,False,5
2021-10-12,18,20,0.0028491819,0.4047815951255722,0.6954545454545454,0.07874510437250137,False,5
2021-10-12,19,20,0.014286231,3.2549567618432373,0.8681818181818182,0.07874510437250137,False,5
2021-10-12,20,20,0.017447578,4.042781585453919,0.8863636363636364,0.07874510437250137,False,5
2021-10-12,21,20,0.0053381366,1.0250426977481382,0.7818181818181819,0.07874510437250137,False,5
2021-10-12,22,20,0.01236703,2.776681247466982,0.8590909090909091,0.07874510437250137,False,5
2021-10-01,1,30,0.0036744566,1.468849402363599,0.7909090909090909,0.03992684185504913,False,5
2021-10-01,2,30,5.459875e-05,-0.19230544160454444,0.09090909090909091,0.03992684185504913,False,5
2021-10-01,3,30,9.909044e-05,-0.17188818067870443,0.17727272727272728,0.03992684185504913,False,5
2021-10-01,4,30,0.0011591867,0.31459060368282266,0.6227272727272727,0.03992684185504913,False,5
2021-10-01,5,30,0.00018893252,-0.1306595969975547,0.2818181818181818,0.03992684185504913,False,5
2021-10-01,6,30,0.0008496969,0.17256556501688294,0.5954545454545455,0.03992684185504913,False,5
2021-10-01,7,30,0.0009718835,0.22863704410649047,0.6090909090909091,0.03992684185504913,False,5
2021-10-01,8,30,0.0018804837,0.6455942064403446,0.7045454545454546,0.03992684185504913,False,5
2021-10-01,9,30,0.01269432,5.608069730499506,0.9,0.03992684185504913,False,5
2021-10-01,10,30,6.701935e-05,-0.18660562205294207,0.12727272727272726,0.03992684185504913,False,5
2021-10-01,11,30,0.00020727131,-0.12224391613878119,0.3090909090909091,0.03992684185504913,False,5
2021-10-01,12,30,0.00022516696,-0.11403159014919952,0.32727272727272727,0.03992684185504913,False,5
2021-10-01,13,30,0.0006315386,0.07245259795461544,0.5590909090909091,0.03992684185504913,False,5
2021-10-01,14,30,9.147184e-05,-0.17538435920050632,0.16818181818181818,0.03992684185504913,False,5
2021-10-01,15,30,0.00027527203,-0.09103834617599155,0.36363636363636365,0.03992684185504913,False,5
2021-10-01,16,30,0.0039354,1.5885964383087825,0.7954545454545454,0.03992684185504913,False,5
2021-10-01,17,30,0.0015726876,0.5043464198410993,0.6863636363636364,0.03992684185504913,False,5
2021-10-01,18,30,0.0003096115,-0.07527994650535538,0.39545454545454545,0.03992684185504913,False,5
2021-10-01,19,30,0.00056083075,0.04000471485195863,0.5545454545454546,0.03992684185504913,False,5
2021-10-01,20,30,0.0006402721,0.07646039574438868,0.5590909090909091,0.03992684185504913,False,5
2021-10-01,21,30,0.44004336,201.71878853680616,1.0,0.03992684185504913,True,5
2021-10-01,22,30,0.0019406234,0.6731923443636411,0.7090909090909091,0.03992684185504913,False,5
2021-10-07,1,30,0.00023129067,-0.1112214171115149,0.32727272727272727,0.03992684185504913,False,5
2021-10-07,2,30,0.0007353762,0.12010372166789939,0.5681818181818182,0.03992684185504913,False,5
2021-10-07,3,30,0.00056637725,0.042550003013728244,0.5545454545454546,0.03992684185504913,False,5
2021-10-07,4,30,0.0011420088,0.3067076575555823,0.6227272727272727,0.03992684185504913,False,5
2021-10-07,5,30,0.003730944,1.4947714452741476,0.7909090909090909,0.03992684185504913,False,5
2021-10-07,6,30,8.181775e-05,-0.17981462653068914,0.1590909090909091,0.03992684185504913,False,5
2021-10-07,7,30,0.0033074531,1.3004312896872383,0.7818181818181819,0.03992684185504913,False,5
2021-10-07,8,30,0.0018955366,0.6525019680720568,0.7045454545454546,0.03992684185504913,False,5
2021-10-07,9,30,0.0007520574,0.12775873831939902,0.5772727272727273,0.03992684185504913,False,5
2021-10-07,10,30,0.00019131579,-0.12956591348213267,0.2863636363636364,0.03992684185504913,False,5
2021-10-07,11,30,4.552055e-05,-0.19647143174609377,0.05909090909090909,0.03992684185504913,False,5
2021-10-07,12,30,0.02746578,12.386700993563363,0.95,0.03992684185504913,False,5
2021-10-07,13,30,0.057403207,26.125003577675397,0.9772727272727273,0.03992684185504913,True,5
2021-10-07,14,30,0.007571051,3.256998744437942,0.85,0.03992684185504913,False,5
2021-10-07,15,30,0.00021890791,-0.11690387416935993,0.32272727272727275,0.03992684185504913,False,5
2021-10-07,16,30,0.00088556437,0.18902515567579187,0.5954545454545455,0.03992684185504913,False,5
2021-10-07,17,30,0.00020257165,-0.12440059162296806,0.29545454545454547,0.03992684185504913,False,5
2021-10-07,18,30,0.005686783,2.3923072359514954,0.8272727272727273,0.03992684185504913,False,5
2021-10-07,19,30,0.0001526175,-0.14732457927973083,0.24545454545454545,0.03992684185504913,False,5
2021-10-07,20,30,0.00024283337,-0.10592446751602294,0.35,0.03992684185504913,False,5
2021-10-07,21,30,0.0011671281,0.3182349109879036,0.6227272727272727,0.03992684185504913,False,5
2021-10-07,22,30,0.00013629874,-0.15481326991891728,0.22272727272727272,0.03992684185504913,False,5
2021-10-08,1,30,0.0059794006,2.526589510593639,0.8272727272727273,0.03992684185504913,False,5
2021-10-08,2,30,0.0009601749,0.22326396665375475,0.6045454545454545,0.03992684185504913,False,5
2021-10-08,3,30,0.002951187,1.1369405993161554,0.7681818181818182,0.03992684185504913,False,5
2021-10-08,4,30,0.0062613874,2.6559934052974863,0.8363636363636363,0.03992684185504913,False,5
2021-10-08,5,30,0.00062454946,0.06924526455011368,0.5590909090909091,0.03992684185504913,False,5
2021-10-08,6,30,0.00036268373,-0.050925068992873995,0.42272727272727273,0.03992684185504913,False,5
2021-10-08,7,30,0.0010897664,0.2827335795984929,0.6227272727272727,0.03992684185504913,False,5
2021-10-08,8,30,0.0004900304,0.007514387129947327,0.5045454545454545,0.03992684185504913,False,5
2021-10-08,9,30,0.10667535,48.73601786023639,0.9863636363636363,0.03992684185504913,True,5
2021-10-08,10,30,0.00014021875,-0.15301437533012946,0.2318181818181818,0.03992684185504913,False,5
2021-10-08,11,30,0.23290792,106.664217243956,0.9954545454545455,0.03992684185504913,True,5
2021-10-08,12,30,6.21814e-05,-0.18882575745181204,0.10909090909090909,0.03992684185504913,False,5
2021-10-08,13,30,0.00012172283,-0.16150216396105369,0.20909090909090908,0.03992684185504913,False,5
2021-10-08,14,30,0.0001653318,-0.14148998003139593,0.2545454545454545,0.03992684185504913,False,5
2021-10-08,15,30,0.011830344,5.211590721360463,0.8863636363636364,0.03992684185504913,False,5
2021-10-08,16,30,7.720889e-05,-0.18192963536879947,0.15,0.03992684185504913,False,5
2021-10-08,17,30,0.0025274483,0.9424866526163135,0.759090909090909,0.03992684185504913,False,5
2021-10-08,18,30,0.18331474,83.90587840882681,0.990909090909091,0.03992684185504913,True,5
2021-10-08,19,30,0.12127726,55.43684207250639,0.990909090909091,0.03992684185504913,True,5
2021-10-08,20,30,0.034209814,15.481542320203731,0.9590909090909091,0.03992684185504913,False,5
2021-10-08,21,30,0.00021647387,-0.1180208568158279,0.32272727272727275,0.03992684185504913,False,5
2021-10-08,22,30,5.0901337e-05,-0.1940021862985697,0.08636363636363636,0.03992684185504913,False,5
2021-10-12,1,30,0.0042463387,1.7312864337740999,0.8,0.03992684185504913,False,5
2021-10-12,2,30,0.00036922848,-0.04792167811119895,0.4318181818181818,0.03992684185504913,False,5
2021-10-12,3,30,0.0006487333,0.08034323700216672,0.5590909090909091,0.03992684185504913,False,5
2021-10-12,4,30,0.80906224,371.06176460740323,1.0,0.03992684185504913,True,5
2021-10-12,5,30,0.0006663234,0.0884153541767756,0.5590909090909091,0.03992684185504913,False,5
2021-10-12,6,30,0.00017206221,-0.13840139272843002,0.2590909090909091,0.03992684185504913,False,5
2021-10-12,7,30,0.0024117678,0.8894008012416907,0.7545454545454545,0.03992684185504913,False,5
2021-10-12,8,30,0.0008198298,0.15885953231024527,0.5954545454545455,0.03992684185504913,False,5
2021-10-12,9,30,0.001498874,0.47047331640472384,0.6727272727272727,0.03992684185504913,False,5
2021-10-12,10,30,0.008530273,3.6971863624770225,0.8636363636363636,0.03992684185504913,False,5
2021-10-12,11,30,2.989078e-05,-0.20364394302660613,0.01818181818181818,0.03992684185504913,False,5
2021-10-12,12,30,0.0006037908,0.059719105302148995,0.5545454545454546,0.03992684185504913,False,5
2021-10-12,13,30,0.050293703,22.86244804056712,0.9727272727272728,0.03992684185504913,True,5
2021-10-12,14,30,0.00030164214,-0.07893708870005232,0.39545454545454545,0.03992684185504913,False,5
2021-10-12,15,30,0.00012559761,-0.15972402423018808,0.21363636363636362,0.03992684185504913,False,5
2021-10-12,16,30,0.00043036792,-0.019864756324011218,0.4772727272727273,0.03992684185504913,False,5
2021-10-12,17,30,0.00096559717,0.22575225241294256,0.6090909090909091,0.03992684185504913,False,5
2021-10-12,18,30,0.0006818102,0.09552225025612016,0.5590909090909091,0.03992684185504913,False,5
2021-10-12,19,30,0.0023172596,0.846030894527565,0.7454545454545455,0.03992684185504913,False,5
2021-10-12,20,30,0.003316225,1.3044567170860575,0.7818181818181819,0.03992684185504913,False,5
2021-10-12,21,30,0.0042242077,1.7211304968102628,0.8,0.03992684185504913,False,5
2021-10-12,22,30,0.00027057357,-0.09319447407383684,0.36363636363636365,0.03992684185504913,False,5
2021-10-01,1,40,0.0051230798,4.755591077962167,0.8954545454545455,0.02964390255510807,False,5
2021-10-01,2,40,1.1501111e-05,-0.2736531706394257,0.004545454545454545,0.02964390255510807,False,5
2021-10-01,3,40,0.000110634166,-0.17611689408522005,0.2909090909090909,0.02964390255510807,False,5
2021-10-01,4,40,0.00045784612,0.16550237060926723,0.6045454545454545,0.02964390255510807,False,5
2021-10-01,5,40,5.4479646e-05,-0.23136690936201526,0.1409090909090909,0.02964390255510807,False,5
2021-10-01,6,40,0.00030679512,0.0168844094391867,0.509090909090909,0.02964390255510807,False,5
2021-10-01,7,40,0.000474155,0.1815485607655361,0.6090909090909091,0.02964390255510807,False,5
2021-10-01,8,40,0.00501728,4.651495596818143,0.8954545454545455,0.02964390255510807,False,5
2021-10-01,9,40,0.0035778063,3.2352079960721887,0.85,0.02964390255510807,False,5
2021-10-01,10,40,4.2427808e-05,-0.24322462321008792,0.1,0.02964390255510807,False,5
2021-10-01,11,40,0.00010017571,-0.1864068894652423,0.2772727272727273,0.02964390255510807,False,5
2021-10-01,12,40,0.0011653401,0.8616004108097743,0.7545454545454545,0.02964390255510807,False,5
2021-10-01,13,40,5.102351e-05,-0.23476737435501716,0.12272727272727273,0.02964390255510807,False,5
2021-10-01,14,40,9.1830785e-05,-0.19461740089683807,0.2636363636363636,0.02964390255510807,False,5
2021-10-01,15,40,0.00031686167,0.02678881249504972,0.5181818181818182,0.02964390255510807,False,5
2021-10-01,16,40,0.0009270965,0.6271943534215983,0.7,0.02964390255510807,False,5
2021-10-01,17,40,0.00038000118,0.08891130599102932,0.5681818181818182,0.02964390255510807,False,5
2021-10-01,18,40,0.00011268213,-0.17410191772888833,0.2909090909090909,0.02964390255510807,False,5
2021-10-01,19,40,0.0050019426,4.63640515847692,0.8954545454545455,0.02964390255510807,False,5
2021-10-01,20,40,0.00018256182,-0.10534780609471682,0.40454545454545454,0.02964390255510807,False,5
2021-10-01,21,40,0.18224192,179.02149871746508,0.9954545454545455,0.02964390255510807,True,5
2021-10-01,22,40,0.00056763564,0.27352345837091924,0.6318181818181818,0.02964390255510807,False,5
2021-10-07,1,40,0.00013475986,-0.15237980397938897,0.3181818181818182,0.02964390255510807,False,5
2021-10-07,2,40,0.0016230089,1.311897336156443,0.7863636363636364,0.02964390255510807,False,5
2021-10-07,3,40,0.00051268825,0.2194611280156494,0.6227272727272727,0.02964390255510807,False,5
2021-10-07,4,40,0.0004500081,0.15779061003121048,0.6045454545454545,0.02964390255510807,False,5
2021-10-07,5,40,0.0012246829,0.919987377100545,0.7681818181818182,0.02964390255510807,False,5
2021-10-07,6,40,3.8859078e-05,-0.24673587002393832,0.09090909090909091,0.02964390255510807,False,5
2021-10-07,7,40,0.00048787013,0.1950427672950932,0.6090909090909091,0.02964390255510807,False,5
2021-10-07,8,40,0.00248286,2.1578985927766503,0.8090909090909091,0.02964390255510807,False,5
2021-10-07,9,40,0.0007648964,0.4676068515180839,0.6681818181818182,0.02964390255510807,False,5
2021-10-07,10,40,8.451515e-05,-0.2018151982550034,0.2409090909090909,0.02964390255510807,False,5
2021-10-07,11,40,2.0515045e-05,-0.26478442816936804,0.01818181818181818,0.02964390255510807,False,5
2021-10-07,12,40,0.00833879,7.919504876633651,0.9227272727272727,0.02964390255510807,False,5
2021-10-07,13,40,0.023625437,22.959923067376593,0.9590909090909091,0.02964390255510807,False,5
2021-10-07,14,40,0.0006726835,0.37687929636598977,0.65,0.02964390255510807,False,5
2021-10-07,15,40,0.00011826986,-0.16860419000541946,0.3,0.02964390255510807,False,5
2021-10-07,16,40,0.00016971955,-0.11798321906328706,0.39090909090909093,0.02964390255510807,False,5
2021-10-07,17,40,7.512983e-05,-0.2110493480287608,0.21818181818181817,0.02964390255510807,False,5
2021-10-07,18,40,0.0016753959,1.363440527278801,0.7909090909090909,0.02964390255510807,False,5
2021-10-07,19,40,0.00013654656,-0.15062188439998964,0.32727272727272727,0.02964390255510807,False,5
2021-10-07,20,40,0.00043539598,0.14341384285535358,0.5954545454545455,0.02964390255510807,False,5
2021-10-07,21,40,0.0040494925,3.6992965887703786,0.8772727272727273,0.02964390255510807,False,5
2021-10-07,22,40,9.3980045e-05,-0.1925027602749262,0.2681818181818182,0.02964390255510807,False,5
2021-10-08,1,40,0.0009972337,0.6962017706421288,0.7090909090909091,0.02964390255510807,False,5
2021-10-08,2,40,0.004557749,4.199366143288722,0.8909090909090909,0.02964390255510807,False,5
2021-10-08,3,40,0.0002334575,-0.055271931822483585,0.4681818181818182,0.02964390255510807,False,5
2021-10-08,4,40,0.0006844658,0.3884717924500045,0.65,0.02964390255510807,False,5
2021-10-08,5,40,0.0006370434,0.3418132241551703,0.6454545454545455,0.02964390255510807,False,5
2021-10-08,6,40,0.00032795116,0.03769968002630759,0.5227272727272727,0.02964390255510807,False,5
2021-10-08,7,40,0.0008380169,0.5395495896798849,0.6863636363636364,0.02964390255510807,False,5
2021-10-08,8,40,0.000223002,-0.0655590135869268,0.4409090909090909,0.02964390255510807,False,5
2021-10-08,9,40,0.0028174866,2.487135148753033,0.8227272727272728,0.02964390255510807,False,5
2021-10-08,10,40,6.245346e-05,-0.22352153409606015,0.1590909090909091,0.02964390255510807,False,5
2021-10-08,11,40,0.035228472,34.37606302584318,0.9727272727272728,0.02964390255510807,True,5
2021-10-08,12,40,6.343593e-05,-0.22255488664732503,0.16363636363636364,0.02964390255510807,False,5
2021-10-08,13,40,4.8995422e-05,-0.23676279655667049,0.11363636363636363,0.02964390255510807,False,5
2021-10-08,14,40,0.0027246508,2.395794631880206,0.8181818181818182,0.02964390255510807,False,5
2021-10-08,15,40,0.0010270684,0.7255558963761953,0.7272727272727273,0.02964390255510807,False,5
2021-10-08,16,40,0.00010706741,-0.17962619729555768,0.2863636363636364,0.02964390255510807,False,5
2021-10-08,17,40,0.0020413878,1.7235372976869816,0.7954545454545454,0.02964390255510807,False,5
2021-10-08,18,40,0.23922625,235.08796271293662,0.9954545454545455,0.02964390255510807,True,5
2021-10-08,19,40,0.006757732,6.36391329183123,0.9136363636363637,0.02964390255510807,False,5
2021-10-08,20,40,0.00070226646,0.4059857289820363,0.6545454545454545,0.02964390255510807,False,5
2021-10-08,21,40,1.8779683e-05,-0.266491837323407,0.01818181818181818,0.02964390255510807,False,5
2021-10-08,22,40,4.8124253e-05,-0.23761993286457006,0.11363636363636363,0.02964390255510807,False,5
2021-10-12,1,40,0.003689125,3.344733597604232,0.8545454545454545,0.02964390255510807,False,5
2021-10-12,2,40,0.0005889693,0.29451351725773883,0.6318181818181818,0.02964390255510807,False,5
2021-10-12,3,40,5.127574e-05,-0.23451920875879517,0.12272727272727273,0.02964390255510807,False,5
2021-10-12,4,40,0.0069435225,6.54671115655047,0.9136363636363637,0.02964390255510807,False,5
2021-10-12,5,40,0.0031174007,2.7822183458646963,0.8363636363636363,0.02964390255510807,False,5
2021-10-12,6,40,0.00015274998,-0.13467945332038495,0.36818181818181817,0.02964390255510807,False,5
2021-10-12,7,40,0.0008494273,0.5507761871902511,0.6909090909090909,0.02964390255510807,False,5
2021-10-12,8,40,2.0198593e-05,-0.2650957823560375,0.01818181818181818,0.02964390255510807,False,5
2021-10-12,9,40,0.004170781,3.8186314104768635,0.8818181818181818,0.02964390255510807,False,5
2021-10-12,10,40,0.00035316343,0.06250584512805964,0.55,0.02964390255510807,False,5
2021-10-12,11,40,2.0534715e-05,-0.2647650744599875,0.01818181818181818,0.02964390255510807,False,5
2021-10-12,12,40,0.012889689,12.397100046199778,0.9363636363636364,0.02964390255510807,False,5
2021-10-12,13,40,0.018839471,18.25104655353496,0.95,0.02964390255510807,False,5
2021-10-12,14,40,0.00018069474,-0.10718481566162726,0.40454545454545454,0.02964390255510807,False,5
2021-10-12,15,40,5.5643493e-05,-0.2302218083281356,0.14545454545454545,0.02964390255510807,False,5
2021-10-12,16,40,0.0046989475,4.338290541221204,0.8909090909090909,0.02964390255510807,False,5
2021-10-12,17,40,0.006286252,5.900027435234263,0.9090909090909091,0.02964390255510807,False,5
2021-10-12,18,40,0.0010788507,0.7765041658546246,0.7454545454545455,0.02964390255510807,False,5
2021-10-12,19,40,0.00056443556,0.27037492090285375,0.6272727272727273,0.02964390255510807,False,5
2021-10-12,20,40,0.4379242,430.5854037423595,1.0,0.02964390255510807,True,5
2021-10-12,21,40,0.00088102836,0.5818682309264989,0.7,0.02964390255510807,False,5
2021-10-12,22,40,0.00035828666,0.06754655757249978,0.5545454545454546,0.02964390255510807,False,5
2021-10-01,1,50,4.256767e-05,-0.1744508669595218,0.2409090909090909,0.008042782545089722,False,5
2021-10-01,2,50,5.2663374e-05,-0.15101606631484998,0.3,0.008042782545089722,False,5
2021-10-01,3,50,2.54228e-05,-0.21424864728019458,0.15,0.008042782545089722,False,5
2021-10-01,4,50,0.00023210252,0.2655096843307519,0.6409090909090909,0.008042782545089722,False,5
2021-10-01,5,50,2.3621878e-05,-0.21842906236820775,0.11818181818181818,0.008042782545089722,False,5
2021-10-01,6,50,2.8333337e-05,-0.2074925191837086,0.16363636363636364,0.008042782545089722,False,5
2021-10-01,7,50,0.00014285106,0.05833341537018688,0.5409090909090909,0.008042782545089722,False,5
2021-10-01,8,50,0.00044556422,0.7610107653372148,0.740909090909091,0.008042782545089722,False,5
2021-10-01,9,50,9.9173056e-05,-0.04305478731845261,0.45,0.008042782545089722,False,5
2021-10-01,10,50,3.02711e-05,-0.2029944604951551,0.16818181818181818,0.008042782545089722,False,5
2021-10-01,11,50,0.0001877591,0.16257685946250539,0.6,0.008042782545089722,False,5
2021-10-01,12,50,0.00022784183,0.2556194746793676,0.6363636363636364,0.008042782545089722,False,5
2021-10-01,13,50,2.0119694e-05,-0.2265585581175316,0.09545454545454546,0.008042782545089722,False,5
2021-10-01,14,50,0.00055795984,1.0219107350040222,0.7681818181818182,0.008042782545089722,False,5
2021-10-01,15,50,4.7863377e-05,-0.16215812844301047,0.2727272727272727,0.008042782545089722,False,5
2021-10-01,16,50,0.0006666239,1.274148727638169,0.7681818181818182,0.008042782545089722,False,5
2021-10-01,17,50,0.00011601621,-0.003957377590354819,0.5,0.008042782545089722,False,5
2021-10-01,18,50,8.492742e-05,-0.07612267303889958,0.42272727272727273,0.008042782545089722,False,5
2021-10-01,19,50,0.0009719733,1.98294552090085,0.8,0.008042782545089722,False,5
2021-10-01,20,50,0.00011173393,-0.013897681270329337,0.4909090909090909,0.008042782545089722,False,5
2021-10-01,21,50,0.9032726,2096.461534238858,1.0,0.008042782545089722,True,5
2021-10-01,22,50,0.0011425735,2.3789538484926416,0.8181818181818182,0.008042782545089722,False,5
2021-10-07,1,50,9.6366704e-05,-0.04956907154478016,0.45,0.008042782545089722,False,5
2021-10-07,2,50,0.00057433435,1.0599203138867173,0.7681818181818182,0.008042782545089722,False,5
2021-10-07,3,50,0.00021742102,0.23143003772605192,0.6227272727272727,0.008042782545089722,False,5
2021-10-07,4,50,0.00035112965,0.5418031470150528,0.7090909090909091,0.008042782545089722,False,5
2021-10-07,5,50,0.0010359145,2.1313700403731732,0.8136363636363636,0.008042782545089722,False,5
2021-10-07,6,50,1.4569508e-05,-0.23944201053667344,0.05,0.008042782545089722,False,5
2021-10-07,7,50,0.00021077952,0.21601333864136935,0.6181818181818182,0.008042782545089722,False,5
2021-10-07,8,50,0.0070278696,16.040283317452808,0.9681818181818181,0.008042782545089722,False,5
2021-10-07,9,50,1.4414801e-05,-0.2398011261153672,0.05,0.008042782545089722,False,5
2021-10-07,10,50,0.0029783724,6.640328757178657,0.9136363636363637,0.008042782545089722,False,5
2021-10-07,11,50,3.0851264e-05,-0.20164774435179642,0.16818181818181818,0.008042782545089722,False,5
2021-10-07,12,50,0.037732802,87.31455739416606,0.9954545454545455,0.008042782545089722,True,5
2021-10-07,13,50,0.012103492,27.82214698678623,0.9863636363636363,0.008042782545089722,True,5
2021-10-07,14,50,8.291089e-05,-0.08080357662074951,0.41363636363636364,0.008042782545089722,False,5
2021-10-07,15,50,0.0006671949,1.2754742095544729,0.7681818181818182,0.008042782545089722,False,5
2021-10-07,16,50,2.8583123e-05,-0.20691270107008491,0.16363636363636364,0.008042782545089722,False,5
2021-10-07,17,50,6.71028e-05,-0.11749833081304789,0.38181818181818183,0.008042782545089722,False,5
2021-10-07,18,50,0.0015065547,3.223850341252164,0.8318181818181818,0.008042782545089722,False,5
2021-10-07,19,50,1.7788083e-05,-0.23197084549492303,0.07272727272727272,0.008042782545089722,False,5
2021-10-07,20,50,0.0004716835,0.8216405511043211,0.7454545454545455,0.008042782545089722,False,5
2021-10-07,21,50,0.00041644508,0.6934175380287685,0.7363636363636363,0.008042782545089722,False,5
2021-10-07,22,50,8.012613e-05,-0.0872677499290639,0.39090909090909093,0.008042782545089722,False,5
2021-10-08,1,50,0.00060941384,1.1413490862783104,0.7681818181818182,0.008042782545089722,False,5
2021-10-08,2,50,0.0017948245,3.8930009029866666,0.8636363636363636,0.008042782545089722,False,5
2021-10-08,3,50,0.00029997877,0.42306840910255367,0.6681818181818182,0.008042782545089722,False,5
2021-10-08,4,50,3.862153e-05,-0.18361090463146423,0.22272727272727272,0.008042782545089722,False,5
2021-10-08,5,50,0.00023351672,0.26879241391974645,0.6409090909090909,0.008042782545089722,False,5
2021-10-08,6,50,0.00014756425,0.06927397823735779,0.55,0.008042782545089722,False,5
2021-10-08,7,50,8.4144114e-05,-0.0779409376498006,0.42272727272727273,0.008042782545089722,False,5
2021-10-08,8,50,0.00024139983,0.28709119170124014,0.6409090909090909,0.008042782545089722,False,5
2021-10-08,9,50,0.0062787742,14.301434800184435,0.95,0.008042782545089722,False,5
2021-10-08,10,50,3.5710527e-05,-0.19036810942866583,0.20909090909090908,0.008042782545089722,False,5
2021-10-08,11,50,0.00047000652,0.8177478093357514,0.7454545454545455,0.008042782545089722,False,5
2021-10-08,12,50,0.00021069794,0.21582397443079854,0.6136363636363636,0.008042782545089722,False,5
2021-10-08,13,50,3.5233836e-05,-0.1914746368653192,0.20454545454545456,0.008042782545089722,False,5
2021-10-08,14,50,0.0021398603,4.693920310817065,0.8772727272727273,0.008042782545089722,False,5
2021-10-08,15,50,0.0011933714,2.496869044043944,0.8181818181818182,0.008042782545089722,False,5
2021-10-08,16,50,5.753686e-05,-0.13970341256977276,0.33636363636363636,0.008042782545089722,False,5
2021-10-08,17,50,5.304679e-05,-0.15012605283622488,0.3090909090909091,0.008042782545089722,False,5
2021-10-08,18,50,0.0031389229,7.01300887327427,0.9181818181818182,0.008042782545089722,False,5
2021-10-08,19,50,0.000575954,1.063679899444429,0.7681818181818182,0.008042782545089722,False,5
2021-10-08,20,50,0.004226164,9.536783190377845,0.9318181818181818,0.008042782545089722,False,5
2021-10-08,21,50,2.9362707e-05,-0.20510307962139934,0.16363636363636364,0.008042782545089722,False,5
2021-10-08,22,50,1.491387e-05,-0.2386426552583062,0.05,0.008042782545089722,False,5
2021-10-12,1,50,0.00064725603,1.2291908401371336,0.7681818181818182,0.008042782545089722,False,5
2021-10-12,2,50,6.978993e-05,-0.11126079667184462,0.38636363636363635,0.008042782545089722,False,5
2021-10-12,3,50,6.1792925e-05,-0.12982396148083344,0.35454545454545455,0.008042782545089722,False,5
2021-10-12,4,50,0.0014017251,2.9805132096494567,0.8272727272727273,0.008042782545089722,False,5
2021-10-12,5,50,0.0009570554,1.9483172045008768,0.8,0.008042782545089722,False,5
2021-10-12,6,50,0.00027609523,0.36762840523200463,0.6636363636363637,0.008042782545089722,False,5
2021-10-12,7,50,9.14394e-05,-0.061006656351718994,0.4409090909090909,0.008042782545089722,False,5
2021-10-12,8,50,2.081292e-05,-0.22494939723032167,0.10454545454545454,0.008042782545089722,False,5
2021-10-12,9,50,0.0009655788,1.9681021501690068,0.8,0.008042782545089722,False,5
2021-10-12,10,50,9.658382e-05,-0.049065091162740104,0.45,0.008042782545089722,False,5
2021-10-12,11,50,2.0872629e-05,-0.2248107984029049,0.10454545454545454,0.008042782545089722,False,5
2021-10-12,12,50,0.0040042736,9.021716861317513,0.9318181818181818,0.008042782545089722,False,5
2021-10-12,13,50,0.00072067115,1.3996067394970817,0.7772727272727272,0.008042782545089722,False,5
2021-10-12,14,50,0.0001298726,0.028206974668363038,0.5227272727272727,0.008042782545089722,False,5
2021-10-12,15,50,6.294668e-05,-0.12714578878778807,0.35909090909090907,0.008042782545089722,False,5
2021-10-12,16,50,0.00012411134,0.014833557977085491,0.509090909090909,0.008042782545089722,False,5
2021-10-12,17,50,0.00074780954,1.462602125405946,0.7772727272727272,0.008042782545089722,False,5
2021-10-12,18,50,0.00026598113,0.34415089123658954,0.6545454545454545,0.008042782545089722,False,5
2021-10-12,19,50,2.1247204e-05,-0.22394130979556914,0.10454545454545454,0.008042782545089722,False,5
2021-10-12,20,50,0.31774586,737.298971653069,1.0,0.008042782545089722,True,5
2021-10-12,21,50,0.00045919386,0.7926487756178531,0.7454545454545455,0.008042782545089722,False,5
2021-10-12,22,50,0.0010682488,2.2064263659127143,0.8136363636363636,0.008042782545089722,False,5
2021-10-01,1,60,2.9896368e-05,-0.1911029319552088,0.15454545454545454,0.008233008906245232,False,5
2021-10-01,2,60,1.638908e-05,-0.2138635834311986,0.04090909090909091,0.008233008906245232,False,5
2021-10-01,3,60,1.029237e-05,-0.22413693386817743,0.01818181818181818,0.008233008906245232,False,5
2021-10-01,4,60,0.00044140057,0.5023081952104612,0.7,0.008233008906245232,False,5
2021-10-01,5,60,9.390972e-05,-0.08323629870442054,0.4318181818181818,0.008233008906245232,False,5
2021-10-01,6,60,2.1432723e-05,-0.20536471973811293,0.08636363636363636,0.008233008906245232,False,5
2021-10-01,7,60,0.00069221406,0.9249451141438683,0.759090909090909,0.008233008906245232,False,5
2021-10-01,8,60,0.00017772293,0.05799436959920118,0.5454545454545454,0.008233008906245232,False,5
2021-10-01,9,60,0.00029723637,0.2593822258637826,0.6363636363636364,0.008233008906245232,False,5
2021-10-01,10,60,2.3326073e-05,-0.2021743033458315,0.10909090909090909,0.008233008906245232,False,5
2021-10-01,11,60,7.189975e-05,-0.12032452758118005,0.38181818181818183,0.008233008906245232,False,5
2021-10-01,12,60,0.00038730475,0.4111532589899004,0.6818181818181818,0.008233008906245232,False,5
2021-10-01,13,60,1.5080013e-05,-0.21606944519603608,0.04090909090909091,0.008233008906245232,False,5
2021-10-01,14,60,0.0006945288,0.9288456072242419,0.759090909090909,0.008233008906245232,False,5
2021-10-01,15,60,5.602841e-05,-0.14706875513148063,0.34545454545454546,0.008233008906245232,False,5
2021-10-01,16,60,8.422881e-05,-0.09954926724836104,0.4090909090909091,0.008233008906245232,False,5
2021-10-01,17,60,8.818603e-05,-0.09288108610861445,0.41363636363636364,0.008233008906245232,False,5
2021-10-01,18,60,2.8584513e-05,-0.19331349254059174,0.15,0.008233008906245232,False,5
2021-10-01,19,60,7.888654e-05,-0.10855132466049987,0.4,0.008233008906245232,False,5
2021-10-01,20,60,0.00015914482,0.026689055489101318,0.5227272727272727,0.008233008906245232,False,5
2021-10-01,21,60,0.8559943,1442.1641196132125,1.0,0.008233008906245232,True,5
2021-10-01,22,60,8.2232e-05,-0.10291401509357403,0.4,0.008233008906245232,False,5
2021-10-07,1,60,0.00013556822,-0.013039046171919484,0.4727272727272727,0.008233008906245232,False,5
2021-10-07,2,60,0.00068681815,0.9158526603745689,0.759090909090909,0.008233008906245232,False,5
2021-10-07,3,60,9.20038e-05,-0.0864479011682025,0.42727272727272725,0.008233008906245232,False,5
2021-10-07,4,60,0.0004340196,0.48987079423569047,0.6954545454545454,0.008233008906245232,False,5
2021-10-07,5,60,1.777206e-05,-0.21153317380331838,0.05454545454545454,0.008233008906245232,False,5
2021-10-07,6,60,2.6118958e-05,-0.19746811119996366,0.1409090909090909,0.008233008906245232,False,5
2021-10-07,7,60,0.00024375637,0.16926496577025707,0.6,0.008233008906245232,False,5
2021-10-07,8,60,0.005643214,9.267699631712699,0.9545454545454546,0.008233008906245232,False,5
2021-10-07,9,60,6.0216586e-05,-0.14001140866272166,0.35454545454545455,0.008233008906245232,False,5
2021-10-07,10,60,0.0017524918,2.7115815305824023,0.8818181818181818,0.008233008906245232,False,5
2021-10-07,11,60,1.1263699e-05,-0.22250018110995368,0.022727272727272728,0.008233008906245232,False,5
2021-10-07,12,60,0.03467256,58.184017674553715,0.990909090909091,0.008233008906245232,True,5
2021-10-07,13,60,0.00048997503,0.5841593073650395,0.7045454545454546,0.008233008906245232,False,5
2021-10-07,14,60,6.5892724e-05,-0.1304467494820761,0.37727272727272726,0.008233008906245232,False,5
2021-10-07,15,60,0.0014711847,2.237560835818107,0.85,0.008233008906245232,False,5
2021-10-07,16,60,8.589747e-05,-0.09673746606094487,0.4090909090909091,0.008233008906245232,False,5
2021-10-07,17,60,8.0271195e-05,-0.10621809819238397,0.4,0.008233008906245232,False,5
2021-10-07,18,60,0.0012942811,1.9394669247860898,0.8363636363636363,0.008233008906245232,False,5
2021-10-07,19,60,5.7452922e-05,-0.14466835974396913,0.35,0.008233008906245232,False,5
2021-10-07,20,60,8.5269465e-05,-0.0977956907156624,0.4090909090909091,0.008233008906245232,False,5
2021-10-07,21,60,0.0005547014,0.6932273612902734,0.7227272727272728,0.008233008906245232,False,5
2021-10-07,22,60,3.0313508e-05,-0.19040002456995792,0.1590909090909091,0.008233008906245232,False,5
2021-10-08,1,60,0.0013417406,2.019439244349963,0.8409090909090909,0.008233008906245232,False,5
2021-10-08,2,60,0.0018292207,2.840874632264802,0.8863636363636364,0.008233008906245232,False,5
2021-10-08,3,60,0.00020707853,0.10746043814555238,0.5772727272727273,0.008233008906245232,False,5
2021-10-08,4,60,2.5259891e-05,-0.19891569428590777,0.1409090909090909,0.008233008906245232,False,5
2021-10-08,5,60,0.00021085411,0.11382253695022362,0.5818181818181818,0.008233008906245232,False,5
2021-10-08,6,60,0.00023628716,0.15667886996032532,0.5863636363636363,0.008233008906245232,False,5
2021-10-08,7,60,9.997397e-05,-0.07301764830100627,0.4409090909090909,0.008233008906245232,False,5
2021-10-08,8,60,0.00030576726,0.27375731866970293,0.6409090909090909,0.008233008906245232,False,5
2021-10-08,9,60,0.0041240994,6.707893327333065,0.95,0.008233008906245232,False,5
2021-10-08,10,60,2.6559928e-05,-0.19672504774950328,0.1409090909090909,0.008233008906245232,False,5
2021-10-08,11,60,0.015457442,25.80530693619935,0.9818181818181818,0.008233008906245232,True,5
2021-10-08,12,60,0.0017250198,2.665289375851805,0.8818181818181818,0.008233008906245232,False,5
2021-10-08,13,60,5.4105425e-05,-0.1503091083693764,0.3409090909090909,0.008233008906245232,False,5
2021-10-08,14,60,9.565351e-05,-0.08029790828769723,0.4318181818181818,0.008233008906245232,False,5
2021-10-08,15,60,0.0015863405,2.431605830197223,0.8590909090909091,0.008233008906245232,False,5
2021-10-08,16,60,4.1647785e-05,-0.17130103551675385,0.21363636363636362,0.008233008906245232,False,5
2021-10-08,17,60,0.00019609569,0.0889536445414594,0.5636363636363636,0.008233008906245232,False,5
2021-10-08,18,60,0.0013497851,2.032994799098372,0.8409090909090909,0.008233008906245232,False,5
2021-10-08,19,60,0.00042453964,0.4738964472824748,0.6909090909090909,0.008233008906245232,False,5
2021-10-08,20,60,0.0003579724,0.3617263503465426,0.6727272727272727,0.008233008906245232,False,5
2021-10-08,21,60,2.7608972e-05,-0.1949573410389086,0.1409090909090909,0.008233008906245232,False,5
2021-10-08,22,60,9.30704e-06,-0.22579727728023563,0.013636363636363636,0.008233008906245232,False,5
2021-10-12,1,60,0.0034232421,5.526903627297892,0.9363636363636364,0.008233008906245232,False,5
2021-10-12,2,60,0.00032055244,0.298671305043154,0.6454545454545455,0.008233008906245232,False,5
2021-10-12,3,60,0.0003221575,0.30137591304588907,0.65,0.008233008906245232,False,5
2021-10-12,4,60,0.0041204253,6.701702286439028,0.95,0.008233008906245232,False,5
2021-10-12,5,60,0.00017950966,0.06100512123930181,0.55,0.008233008906245232,False,5
2021-10-12,6,60,0.00015149498,0.01379858154776237,0.5136363636363637,0.008233008906245232,False,5
2021-10-12,7,60,8.798377e-05,-0.09322191458178727,0.41363636363636364,0.008233008906245232,False,5
2021-10-12,8,60,1.5400816e-05,-0.2155288724055204,0.04090909090909091,0.008233008906245232,False,5
2021-10-12,9,60,0.00071980665,0.9714404001433431,0.7681818181818182,0.008233008906245232,False,5
2021-10-12,10,60,2.1216043e-05,-0.205729839243786,0.08181818181818182,0.008233008906245232,False,5
2021-10-12,11,60,3.0772924e-05,-0.18962587779324078,0.1590909090909091,0.008233008906245232,False,5
2021-10-12,12,60,0.0010022436,1.4473648988327539,0.8045454545454546,0.008233008906245232,False,5
2021-10-12,13,60,0.00020732627,0.10787790674195998,0.5772727272727273,0.008233008906245232,False,5
2021-10-12,14,60,7.5410775e-05,-0.11440821903099868,0.38636363636363635,0.008233008906245232,False,5
2021-10-12,15,60,1.2642174e-05,-0.2201773622381601,0.02727272727272727,0.008233008906245232,False,5
2021-10-12,16,60,0.00012227483,-0.03543927083255269,0.4590909090909091,0.008233008906245232,False,5
2021-10-12,17,60,0.0057496224,9.447004416845337,0.9545454545454546,0.008233008906245232,False,5
2021-10-12,18,60,0.00088500296,1.2498068418474628,0.7909090909090909,0.008233008906245232,False,5
2021-10-12,19,60,4.637266e-05,-0.16333931475104596,0.2545454545454545,0.008233008906245232,False,5
2021-10-12,20,60,0.3085488,519.6831698041102,1.0,0.008233008906245232,True,5
2021-10-12,21,60,0.0015513455,2.372636950350831,0.8590909090909091,0.008233008906245232,False,5
2021-10-12,22,60,0.0048248516,7.888706084437744,0.9545454545454546,0.008233008906245232,False,5
2021-10-01,1,65,4.6096437e-05,-0.1744978966561634,0.3181818181818182,0.008865823969244957,False,5
2021-10-01,2,65,3.279258e-05,-0.20373861844254992,0.20909090909090908,0.008865823969244957,False,5
2021-10-01,3,65,2.4767245e-05,-0.22137761096299502,0.10454545454545454,0.008865823969244957,False,5
2021-10-01,4,65,0.00018773583,0.13681321496819965,0.5863636363636363,0.008865823969244957,False,5
2021-10-01,5,65,6.85116e-05,-0.12523130369440996,0.37727272727272726,0.008865823969244957,False,5
2021-10-01,6,65,3.435471e-05,-0.20030519228156013,0.2318181818181818,0.008865823969244957,False,5
2021-10-01,7,65,0.0002501505,0.27399526767776594,0.65,0.008865823969244957,False,5
2021-10-01,8,65,6.009514e-05,-0.14372996209390212,0.36363636363636365,0.008865823969244957,False,5
2021-10-01,9,65,0.00026453706,0.3056156517632474,0.6681818181818182,0.008865823969244957,False,5
2021-10-01,10,65,5.9287704e-05,-0.1455046339059331,0.36363636363636365,0.008865823969244957,False,5
2021-10-01,11,65,0.00013354512,0.017706738309634495,0.5045454545454545,0.008865823969244957,False,5
2021-10-01,12,65,0.00020641125,0.17786016675011318,0.6090909090909091,0.008865823969244957,False,5
2021-10-01,13,65,0.0011156459,2.176279053193486,0.8454545454545455,0.008865823969244957,False,5
2021-10-01,14,65,0.00031434715,0.4150939345441824,0.7090909090909091,0.008865823969244957,False,5
2021-10-01,15,65,4.600461e-05,-0.1746997227364148,0.3181818181818182,0.008865823969244957,False,5
2021-10-01,16,65,7.2425006e-05,-0.1166299832580145,0.39090909090909093,0.008865823969244957,False,5
2021-10-01,17,65,0.0002883889,0.3580399301317626,0.6863636363636364,0.008865823969244957,False,5
2021-10-01,18,65,3.84126e-05,-0.1913863042130081,0.2590909090909091,0.008865823969244957,False,5
2021-10-01,19,65,0.00015706067,0.06939186993838356,0.5454545454545454,0.008865823969244957,False,5
2021-10-01,20,65,1.9519071e-05,-0.23291264191078676,0.07272727272727272,0.008865823969244957,False,5
2021-10-01,21,65,0.89096487,1957.9877460520966,1.0,0.008865823969244957,True,5
2021-10-01,22,65,6.865568e-05,-0.12491463161001252,0.38181818181818183,0.008865823969244957,False,5
2021-10-07,1,65,5.451275e-05,-0.15599956609111879,0.35454545454545455,0.008865823969244957,False,5
2021-10-07,2,65,0.00043458535,0.6793670717811554,0.7318181818181818,0.008865823969244957,False,5
2021-10-07,3,65,0.00045544657,0.7252182215007608,0.7363636363636363,0.008865823969244957,False,5
2021-10-07,4,65,0.00017342388,0.10535678009033574,0.5681818181818182,0.008865823969244957,False,5
2021-10-07,5,65,1.6882537e-05,-0.23870751556912778,0.045454545454545456,0.008865823969244957,False,5
2021-10-07,6,65,2.721137e-05,-0.2160056357460159,0.11818181818181818,0.008865823969244957,False,5
2021-10-07,7,65,3.4061926e-05,-0.20094870731419082,0.22272727272727272,0.008865823969244957,False,5
2021-10-07,8,65,0.0024064563,5.0133684690835345,0.9,0.008865823969244957,False,5
2021-10-07,9,65,1.4150389e-05,-0.24471254110329332,0.02727272727272727,0.008865823969244957,False,5
2021-10-07,10,65,0.00074713497,1.3663240387563165,0.8090909090909091,0.008865823969244957,False,5
2021-10-07,11,65,1.6597185e-05,-0.23933469485111653,0.04090909090909091,0.008865823969244957,False,5
2021-10-07,12,65,0.015493781,33.77817468312312,0.9818181818181818,0.008865823969244957,True,5
2021-10-07,13,65,7.2998635e-05,-0.11536919594048041,0.39090909090909093,0.008865823969244957,False,5
2021-10-07,14,65,5.5161294e-05,-0.15457412592129927,0.35454545454545455,0.008865823969244957,False,5
2021-10-07,15,65,0.00065008126,1.1530084005938008,0.7954545454545454,0.008865823969244957,False,5
2021-10-07,16,65,0.00026382954,0.30406059704721833,0.6681818181818182,0.008865823969244957,False,5
2021-10-07,17,65,5.134841e-05,-0.16295451792390264,0.34545454545454546,0.008865823969244957,False,5
2021-10-07,18,65,0.0006416487,1.1344744000416718,0.7909090909090909,0.008865823969244957,False,5
2021-10-07,19,65,7.183725e-05,-0.11792182689248122,0.39090909090909093,0.008865823969244957,False,5
2021-10-07,20,65,0.00016847692,0.09448380681136594,0.5545454545454546,0.008865823969244957,False,5
2021-10-07,21,65,0.00064621714,1.1445154094524115,0.7954545454545454,0.008865823969244957,False,5
2021-10-07,22,65,0.0001234971,-0.004377949188195352,0.5,0.008865823969244957,False,5
2021-10-08,1,65,0.0009602331,1.8346952609095837,0.8318181818181818,0.008865823969244957,False,5
2021-10-08,2,65,0.00091620814,1.7379322210835395,0.8272727272727273,0.008865823969244957,False,5
2021-10-08,3,65,0.00047420766,0.766453462199031,0.7454545454545455,0.008865823969244957,False,5
2021-10-08,4,65,2.1199116e-05,-0.22922005062507494,0.07727272727272727,0.008865823969244957,False,5
2021-10-08,5,65,0.0002064571,0.17796094785686367,0.6136363636363636,0.008865823969244957,False,5
2021-10-08,6,65,0.00016825715,0.0940007547468619,0.5545454545454546,0.008865823969244957,False,5
2021-10-08,7,65,0.00030846742,0.4021707965737798,0.7090909090909091,0.008865823969244957,False,5
2021-10-08,8,65,0.00029584483,0.37442743064065565,0.7,0.008865823969244957,False,5
2021-10-08,9,65,0.00049972266,0.8225332385849135,0.75,0.008865823969244957,False,5
2021-10-08,10,65,3.0178664e-05,-0.2094837812042972,0.17727272727272728,0.008865823969244957,False,5
2021-10-08,11,65,0.0015717781,3.178818158975535,0.8818181818181818,0.008865823969244957,False,5
2021-10-08,12,65,0.0005547746,0.9435326153516388,0.759090909090909,0.008865823969244957,False,5
2021-10-08,13,65,2.2502334e-05,-0.22635568909327616,0.08636363636363636,0.008865823969244957,False,5
2021-10-08,14,65,0.00010498284,-0.04507067984752516,0.4636363636363636,0.008865823969244957,False,5
2021-10-08,15,65,0.0018184668,3.721018594262121,0.8818181818181818,0.008865823969244957,False,5
2021-10-08,16,65,0.00012751248,0.00444751405877049,0.5,0.008865823969244957,False,5
2021-10-08,17,65,0.00063676754,1.123745993758104,0.7909090909090909,0.008865823969244957,False,5
2021-10-08,18,65,0.0019418122,3.9921211147425084,0.8863636363636364,0.008865823969244957,False,5
2021-10-08,19,65,0.00016736492,0.09203972904131089,0.5545454545454546,0.008865823969244957,False,5
2021-10-08,20,65,0.00041907805,0.6452833556487976,0.7272727272727273,0.008865823969244957,False,5
2021-10-08,21,65,2.516931e-05,-0.22049390522378884,0.10454545454545454,0.008865823969244957,False,5
2021-10-08,22,65,1.1705465e-05,-0.2500862714339611,0.013636363636363636,0.008865823969244957,False,5
2021-10-12,1,65,0.0027232661,5.709689091525049,0.9090909090909091,0.008865823969244957,False,5
2021-10-12,2,65,0.00016919394,0.09605974698049181,0.5590909090909091,0.008865823969244957,False,5
2021-10-12,3,65,0.0003274229,0.4438332775208513,0.7090909090909091,0.008865823969244957,False,5
2021-10-12,4,65,0.00041163652,0.6289275191499595,0.7272727272727273,0.008865823969244957,False,5
2021-10-12,5,65,0.00011277856,-0.027936372467140563,0.4681818181818182,0.008865823969244957,False,5
2021-10-12,6,65,0.0003198866,0.4272691622003188,0.7090909090909091,0.008865823969244957,False,5
2021-10-12,7,65,0.00010332702,-0.048710042013303784,0.4590909090909091,0.008865823969244957,False,5
2021-10-12,8,65,5.0977407e-05,-0.16376994614243742,0.34545454545454546,0.008865823969244957,False,5
2021-10-12,9,65,0.0012667538,2.50840112753141,0.8636363636363636,0.008865823969244957,False,5
2021-10-12,10,65,7.5400705e-05,-0.11008965404578273,0.40454545454545454,0.008865823969244957,False,5
2021-10-12,11,65,5.766056e-05,-0.14908095590623882,0.36363636363636365,0.008865823969244957,False,5
2021-10-12,12,65,0.0007070111,1.278135229046954,0.8090909090909091,0.008865823969244957,False,5
2021-10-12,13,65,0.0002617098,0.2994015737980509,0.6681818181818182,0.008865823969244957,False,5
2021-10-12,14,65,5.9567654e-05,-0.14488932862771495,0.36363636363636365,0.008865823969244957,False,5
2021-10-12,15,65,2.6124462e-05,-0.21839456536522533,0.10909090909090909,0.008865823969244957,False,5
2021-10-12,16,65,0.00020525079,0.17530958276441896,0.6090909090909091,0.008865823969244957,False,5
2021-10-12,17,65,0.002156567,4.464133634084391,0.8954545454545455,0.008865823969244957,False,5
2021-10-12,18,65,0.0010541219,2.041054667885374,0.8363636363636363,0.008865823969244957,False,5
2021-10-12,19,65,3.9332193e-05,-0.18936511688835278,0.2636363636363636,0.008865823969244957,False,5
2021-10-12,20,65,0.61371213,1348.610265279357,1.0,0.008865823969244957,True,5
2021-10-12,21,65,0.0012095021,2.38256694428394,0.8590909090909091,0.008865823969244957,False,5
2021-10-12,22,65,0.00074451376,1.3605628520864506,0.8090909090909091,0.008865823969244957,False,5
2021-10-01,1,70,2.7289929e-05,-0.19585526094924174,0.1318181818181818,0.0052445740438997746,False,5
2021-10-01,2,70,6.225337e-05,-0.12861651897941542,0.35,0.0052445740438997746,False,5
2021-10-01,3,70,4.0101764e-05,-0.17121661931059676,0.2681818181818182,0.0052445740438997746,False,5
2021-10-01,4,70,0.00017908328,0.09606090569426906,0.5909090909090909,0.0052445740438997746,False,5
2021-10-01,5,70,0.00015813345,0.05577196893491067,0.5545454545454546,0.0052445740438997746,False,5
2021-10-01,6,70,3.6507216e-05,-0.17812935214011794,0.25,0.0052445740438997746,False,5
2021-10-01,7,70,0.00015443788,0.04866495012872425,0.5454545454545454,0.0052445740438997746,False,5
2021-10-01,8,70,3.5703615e-05,-0.1796747687032269,0.23636363636363636,0.0052445740438997746,False,5
2021-10-01,9,70,0.0002631683,0.2577661385295884,0.6818181818181818,0.0052445740438997746,False,5
2021-10-01,10,70,6.187701e-05,-0.1293403094522251,0.35,0.0052445740438997746,False,5
2021-10-01,11,70,4.698804e-05,-0.15797351484750818,0.3090909090909091,0.0052445740438997746,False,5
2021-10-01,12,70,0.0002030433,0.14213879497029916,0.6136363636363636,0.0052445740438997746,False,5
2021-10-01,13,70,0.001003478,1.6814672457368247,0.8318181818181818,0.0052445740438997746,False,5
2021-10-01,14,70,0.0001858614,0.10909601851888874,0.6045454545454545,0.0052445740438997746,False,5
2021-10-01,15,70,3.7896007e-05,-0.17545854612571393,0.2545454545454545,0.0052445740438997746,False,5
2021-10-01,16,70,6.164631e-05,-0.12978396991042637,0.35,0.0052445740438997746,False,5
2021-10-01,17,70,0.00018711857,0.11151370005955316,0.6045454545454545,0.0052445740438997746,False,5
2021-10-01,18,70,4.2064377e-05,-0.1674422871389949,0.2909090909090909,0.0052445740438997746,False,5
2021-10-01,19,70,0.0006350989,0.9730317036899164,0.7681818181818182,0.0052445740438997746,False,5
2021-10-01,20,70,7.14986e-05,-0.11083686844433718,0.36363636363636365,0.0052445740438997746,False,5
2021-10-01,21,70,0.9050087,1740.18803980495,1.0,0.0052445740438997746,True,5
2021-10-01,22,70,3.6911722e-05,-0.1773514386455048,0.25,0.0052445740438997746,False,5
2021-10-07,1,70,7.5884716e-05,-0.10240186266030653,0.39090909090909093,0.0052445740438997746,False,5
2021-10-07,2,70,0.00049989135,0.7130119457785689,0.7363636363636363,0.0052445740438997746,False,5
2021-10-07,3,70,8.946716e-05,-0.07628124998895904,0.4318181818181818,0.0052445740438997746,False,5
2021-10-07,4,70,0.0003276152,0.38170500398784735,0.6909090909090909,0.0052445740438997746,False,5
2021-10-07,5,70,2.2539683e-05,-0.20499053230163353,0.1,0.0052445740438997746,False,5
2021-10-07,6,70,2.799551e-05,-0.1944983479587752,0.1409090909090909,0.0052445740438997746,False,5
2021-10-07,7,70,5.0703868e-05,-0.15082754789468528,0.32272727272727275,0.0052445740438997746,False,5
2021-10-07,8,70,0.0022401987,4.059824241293584,0.8909090909090909,0.0052445740438997746,False,5
2021-10-07,9,70,1.36908575e-05,-0.2220078482509405,0.04090909090909091,0.0052445740438997746,False,5
2021-10-07,10,70,0.00068296684,1.0650872958831057,0.7772727272727272,0.0052445740438997746,False,5
2021-10-07,11,70,1.0748692e-05,-0.22766597256479817,0.013636363636363636,0.0052445740438997746,False,5
2021-10-07,12,70,0.022124639,42.299902946913534,0.9863636363636363,0.0052445740438997746,True,5
2021-10-07,13,70,8.858106e-05,-0.07798532760279954,0.4318181818181818,0.0052445740438997746,False,5
2021-10-07,14,70,4.0311188e-05,-0.17081387294643718,0.2727272727272727,0.0052445740438997746,False,5
2021-10-07,15,70,0.00079443166,1.2794470367839708,0.7909090909090909,0.0052445740438997746,False,5
2021-10-07,16,70,0.00023021638,0.19439577587725235,0.6545454545454545,0.0052445740438997746,False,5
2021-10-07,17,70,5.29176e-05,-0.14657028529055657,0.33636363636363636,0.0052445740438997746,False,5
2021-10-07,18,70,0.0006712561,1.0425661859893778,0.7727272727272727,0.0052445740438997746,False,5
2021-10-07,19,70,5.9963077e-05,-0.1330210177513122,0.35,0.0052445740438997746,False,5
2021-10-07,20,70,0.00022249419,0.17954510712578592,0.6409090909090909,0.0052445740438997746,False,5
2021-10-07,21,70,0.002287231,4.150272709962405,0.8954545454545455,0.0052445740438997746,False,5
2021-10-07,22,70,0.00014774222,0.035788428392294985,0.5363636363636364,0.0052445740438997746,False,5
2021-10-08,1,70,0.00048182812,0.6782742568062035,0.7363636363636363,0.0052445740438997746,False,5
2021-10-08,2,70,0.0012354308,2.127539452655266,0.8545454545454545,0.0052445740438997746,False,5
2021-10-08,3,70,0.00030518652,0.3385720339622941,0.6863636363636364,0.0052445740438997746,False,5
2021-10-08,4,70,2.4669938e-05,-0.2008938057443381,0.12727272727272726,0.0052445740438997746,False,5
2021-10-08,5,70,0.00020149117,0.13915388513132324,0.6136363636363636,0.0052445740438997746,False,5
2021-10-08,6,70,0.00018540809,0.10822425727162929,0.6045454545454545,0.0052445740438997746,False,5
2021-10-08,7,70,0.00025992683,0.25153242014656585,0.6818181818181818,0.0052445740438997746,False,5
2021-10-08,8,70,0.00020047495,0.13719957949294515,0.6090909090909091,0.0052445740438997746,False,5
2021-10-08,9,70,0.0002473347,0.22731631377683365,0.6636363636363637,0.0052445740438997746,False,5
2021-10-08,10,70,9.453261e-06,-0.2301572372080761,0.004545454545454545,0.0052445740438997746,False,5
2021-10-08,11,70,0.0014101826,2.463607261413541,0.8772727272727273,0.0052445740438997746,False,5
2021-10-08,12,70,0.00032351204,0.37381412487105337,0.6909090909090909,0.0052445740438997746,False,5
2021-10-08,13,70,1.4263043e-05,-0.22090746865902913,0.04090909090909091,0.0052445740438997746,False,5
2021-10-08,14,70,5.1314484e-05,-0.1496532616234078,0.32727272727272727,0.0052445740438997746,False,5
2021-10-08,15,70,0.0016831725,2.988598557985974,0.8818181818181818,0.0052445740438997746,False,5
2021-10-08,16,70,3.384379e-05,-0.18325142871117375,0.22272727272727272,0.0052445740438997746,False,5
2021-10-08,17,70,0.00024304693,0.21907041674142602,0.6590909090909091,0.0052445740438997746,False,5
2021-10-08,18,70,0.000629123,0.96153937683686,0.7681818181818182,0.0052445740438997746,False,5
2021-10-08,19,70,0.00033971138,0.40496732502712157,0.6909090909090909,0.0052445740438997746,False,5
2021-10-08,20,70,0.0002552521,0.2425423455538688,0.6772727272727272,0.0052445740438997746,False,5
2021-10-08,21,70,7.13087e-05,-0.11120207290893658,0.36363636363636365,0.0052445740438997746,False,5
2021-10-08,22,70,7.4114846e-06,-0.23408380874366722,0.004545454545454545,0.0052445740438997746,False,5
2021-10-12,1,70,0.007799587,14.75117156560296,0.9772727272727273,0.0052445740438997746,True,5
2021-10-12,2,70,0.00019285023,0.12253635438162329,0.6090909090909091,0.0052445740438997746,False,5
2021-10-12,3,70,0.0002957529,0.3204300754118185,0.6818181818181818,0.0052445740438997746,False,5
2021-10-12,4,70,0.00027793978,0.2861733929020994,0.6818181818181818,0.0052445740438997746,False,5
2021-10-12,5,70,0.00038744882,0.4967719475928375,0.7181818181818181,0.0052445740438997746,False,5
2021-10-12,6,70,0.00037253203,0.4680852348461127,0.7045454545454546,0.0052445740438997746,False,5
2021-10-12,7,70,6.6143664e-05,-0.12113503266818651,0.35,0.0052445740438997746,False,5
2021-10-12,8,70,0.000110366855,-0.036088721611251595,0.4727272727272727,0.0052445740438997746,False,5
2021-10-12,9,70,0.0023118982,4.197710671037632,0.9,0.0052445740438997746,False,5
2021-10-12,10,70,4.6590838e-05,-0.15873737986386627,0.30454545454545456,0.0052445740438997746,False,5
2021-10-12,11,70,7.504555e-05,-0.10401567460360563,0.38636363636363635,0.0052445740438997746,False,5
2021-10-12,12,70,0.0005860355,0.878677086425787,0.7545454545454545,0.0052445740438997746,False,5
2021-10-12,13,70,0.00012198834,-0.013739257815885395,0.4863636363636364,0.0052445740438997746,False,5
2021-10-12,14,70,0.0002713509,0.27350222521633916,0.6818181818181818,0.0052445740438997746,False,5
2021-10-12,15,70,4.2030697e-05,-0.16750705845955546,0.2909090909090909,0.0052445740438997746,False,5
2021-10-12,16,70,0.00014545354,0.031387028960969406,0.5272727272727272,0.0052445740438997746,False,5
2021-10-12,17,70,0.006937974,13.094189935936736,0.9727272727272728,0.0052445740438997746,True,5
2021-10-12,18,70,0.00029698457,0.32279872720367236,0.6818181818181818,0.0052445740438997746,False,5
2021-10-12,19,70,4.1407202e-05,-0.16870611147038625,0.2818181818181818,0.0052445740438997746,False,5
2021-10-12,20,70,0.30128312,579.1539593335943,1.0,0.0052445740438997746,True,5
2021-10-12,21,70,0.00078701583,1.2651855365837084,0.7909090909090909,0.0052445740438997746,False,5
2021-10-12,22,70,0.0011343268,1.9331047076426147,0.8545454545454545,0.0052445740438997746,False,5
2021-10-01,1,75,3.1232754e-05,-0.12523783940109853,0.2318181818181818,0.005032201763242483,False,5
2021-10-01,2,75,5.0508606e-05,-0.08405988154256978,0.34545454545454546,0.005032201763242483,False,5
2021-10-01,3,75,5.3497348e-05,-0.07767519530815996,0.36363636363636365,0.005032201763242483,False,5
2021-10-01,4,75,0.00016238423,0.15493393299076189,0.5863636363636363,0.005032201763242483,False,5
2021-10-01,5,75,4.3666318e-05,-0.0986766916533017,0.3181818181818182,0.005032201763242483,False,5
2021-10-01,6,75,3.1278596e-05,-0.12513990925871968,0.2318181818181818,0.005032201763242483,False,5
2021-10-01,7,75,0.000104533916,0.031351455724164,0.5363636363636364,0.005032201763242483,False,5
2021-10-01,8,75,4.0058687e-05,-0.10638347755371834,0.2863636363636364,0.005032201763242483,False,5
2021-10-01,9,75,0.0002489582,0.33987724121307544,0.6454545454545455,0.005032201763242483,False,5
2021-10-01,10,75,3.0809926e-05,-0.12614110332682882,0.22727272727272727,0.005032201763242483,False,5
2021-10-01,11,75,7.53205e-05,-0.03105557473212777,0.45,0.005032201763242483,False,5
2021-10-01,12,75,0.00014983097,0.12811709905264168,0.5772727272727273,0.005032201763242483,False,5
2021-10-01,13,75,0.00077894033,1.47204928815284,0.8045454545454546,0.005032201763242483,False,5
2021-10-01,14,75,0.00016041727,0.15073203743165778,0.5863636363636363,0.005032201763242483,False,5
2021-10-01,15,75,2.31525e-05,-0.1424992490821055,0.1590909090909091,0.005032201763242483,False,5
2021-10-01,16,75,5.1994244e-05,-0.08088619419131841,0.35454545454545455,0.005032201763242483,False,5
2021-10-01,17,75,0.002369272,4.8693886607888075,0.9272727272727272,0.005032201763242483,False,5
2021-10-01,18,75,4.2485462e-05,-0.10119928849838553,0.3181818181818182,0.005032201763242483,False,5
2021-10-01,19,75,0.0005465645,0.9756374562246445,0.7545454545454545,0.005032201763242483,False,5
2021-10-01,20,75,6.540586e-05,-0.052235686144509706,0.42272727272727273,0.005032201763242483,False,5
2021-10-01,21,75,0.9277383,1981.6850511248326,1.0,0.005032201763242483,True,5
2021-10-01,22,75,0.00013067157,0.08718791064554914,0.5590909090909091,0.005032201763242483,False,5
2021-10-07,1,75,8.575947e-05,-0.008755371287327956,0.4954545454545455,0.005032201763242483,False,5
2021-10-07,2,75,0.00020147984,0.23845176758146283,0.6181818181818182,0.005032201763242483,False,5
2021-10-07,3,75,7.73731e-05,-0.026670719772032992,0.4636363636363636,0.005032201763242483,False,5
2021-10-07,4,75,0.00018599542,0.20537324878687346,0.6136363636363636,0.005032201763242483,False,5
2021-10-07,5,75,1.4297634e-05,-0.1614154166544126,0.05454545454545454,0.005032201763242483,False,5
2021-10-07,6,75,1.3243256e-05,-0.16366782741526437,0.05,0.005032201763242483,False,5
2021-10-07,7,75,8.0712314e-05,-0.01953733929697928,0.4772727272727273,0.005032201763242483,False,5
2021-10-07,8,75,0.00011449603,0.052632986734835296,0.5409090909090909,0.005032201763242483,False,5
2021-10-07,9,75,2.0200634e-05,-0.14880515832356053,0.10909090909090909,0.005032201763242483,False,5
2021-10-07,10,75,0.00057021057,1.026151224109002,0.7636363636363637,0.005032201763242483,False,5
2021-10-07,11,75,1.035306e-05,-0.16984199609576903,0.03636363636363636,0.005032201763242483,False,5
2021-10-07,12,75,0.017580284,37.363847703038736,0.9863636363636363,0.005032201763242483,True,5
2021-10-07,13,75,3.539484e-05,-0.11634659693852974,0.25,0.005032201763242483,False,5
2021-10-07,14,75,4.0311417e-05,-0.10584358333968291,0.2909090909090909,0.005032201763242483,False,5
2021-10-07,15,75,0.000812427,1.5435850927653494,0.8136363636363636,0.005032201763242483,False,5
2021-10-07,16,75,0.00018569612,0.204733862335497,0.6136363636363636,0.005032201763242483,False,5
2021-10-07,17,75,9.086164e-05,0.0021441191104713967,0.5,0.005032201763242483,False,5
2021-10-07,18,75,0.00056585815,1.016853386202502,0.7636363636363637,0.005032201763242483,False,5
2021-10-07,19,75,8.1301645e-05,-0.018278384016880603,0.4772727272727273,0.005032201763242483,False,5
2021-10-07,20,75,4.123449e-05,-0.10387167548426852,0.30454545454545456,0.005032201763242483,False,5
2021-10-07,21,75,0.0020301754,4.144994897846188,0.9227272727272727,0.005032201763242483,False,5
2021-10-07,22,75,0.00018177288,0.1963528575975328,0.6090909090909091,0.005032201763242483,False,5
2021-10-08,1,75,0.00048271724,0.8392439661668029,0.7318181818181818,0.005032201763242483,False,5
2021-10-08,2,75,0.0010144047,1.9750590361635882,0.85,0.005032201763242483,False,5
2021-10-08,3,75,0.00041162217,0.6873674260545871,0.7227272727272728,0.005032201763242483,False,5
2021-10-08,4,75,2.8295397e-05,-0.13151275543504568,0.2,0.005032201763242483,False,5
2021-10-08,5,75,0.00018696947,0.20745405253586874,0.6181818181818182,0.005032201763242483,False,5
2021-10-08,6,75,0.00014624375,0.12045391192206438,0.5727272727272728,0.005032201763242483,False,5
2021-10-08,7,75,9.8972305e-05,0.019470487849892297,0.5318181818181819,0.005032201763242483,False,5
2021-10-08,8,75,7.195009e-05,-0.03825560459223356,0.4409090909090909,0.005032201763242483,False,5
2021-10-08,9,75,6.916984e-05,-0.04419490724362688,0.4318181818181818,0.005032201763242483,False,5
2021-10-08,10,75,1.7449343e-05,-0.15468259113418897,0.09090909090909091,0.005032201763242483,False,5
2021-10-08,11,75,0.00046529292,0.8020213415550924,0.7318181818181818,0.005032201763242483,False,5
2021-10-08,12,75,0.004229113,8.84246593857278,0.9590909090909091,0.005032201763242483,False,5
2021-10-08,13,75,1.3916802e-05,-0.16222896697954878,0.05454545454545454,0.005032201763242483,False,5
2021-10-08,14,75,0.00010706781,0.036764480034027866,0.5363636363636364,0.005032201763242483,False,5
2021-10-08,15,75,0.007809173,16.490353553596325,0.9818181818181818,0.005032201763242483,True,5
2021-10-08,16,75,2.6631807e-05,-0.13506659141850583,0.17272727272727273,0.005032201763242483,False,5
2021-10-08,17,75,0.00075322395,1.4171127864484594,0.8045454545454546,0.005032201763242483,False,5
2021-10-08,18,75,0.0015658917,3.1531707260738426,0.9,0.005032201763242483,False,5
2021-10-08,19,75,0.000324615,0.5014987047988709,0.6727272727272727,0.005032201763242483,False,5
2021-10-08,20,75,0.00025055796,0.3432947008662075,0.6454545454545455,0.005032201763242483,False,5
2021-10-08,21,75,2.0510468e-05,-0.14814327692756735,0.11818181818181818,0.005032201763242483,False,5
2021-10-08,22,75,1.0528759e-05,-0.16946666003721855,0.04090909090909091,0.005032201763242483,False,5
2021-10-12,1,75,0.012627886,26.78430829991122,0.9818181818181818,0.005032201763242483,True,5
2021-10-12,2,75,0.00017166777,0.17476585541978396,0.6,0.005032201763242483,False,5
2021-10-12,3,75,0.00011020142,0.04345863981812971,0.5363636363636364,0.005032201763242483,False,5
2021-10-12,4,75,7.683203e-05,-0.027826576784629232,0.4590909090909091,0.005032201763242483,False,5
2021-10-12,5,75,0.00021208728,0.26111187459689716,0.6181818181818182,0.005032201763242483,False,5
2021-10-12,6,75,0.00018714693,0.20783315199981933,0.6181818181818182,0.005032201763242483,False,5
2021-10-12,7,75,9.676294e-05,0.014750738381790973,0.5272727272727272,0.005032201763242483,False,5
2021-10-12,8,75,8.2050115e-05,-0.016679467134669283,0.4772727272727273,0.005032201763242483,False,5
2021-10-12,9,75,0.00048735188,0.8491446950125286,0.740909090909091,0.005032201763242483,False,5
2021-10-12,10,75,4.812063e-05,-0.08916118630550748,0.33636363636363636,0.005032201763242483,False,5
2021-10-12,11,75,1.022271e-05,-0.17012045506600715,0.03636363636363636,0.005032201763242483,False,5
2021-10-12,12,75,0.00057907886,1.04509606311832,0.7681818181818182,0.005032201763242483,False,5
2021-10-12,13,75,0.0001684276,0.1678440805249772,0.5954545454545455,0.005032201763242483,False,5
2021-10-12,14,75,0.0006545204,1.206257757858537,0.7909090909090909,0.005032201763242483,False,5
2021-10-12,15,75,1.8982792e-05,-0.15140676919590934,0.10454545454545454,0.005032201763242483,False,5
2021-10-12,16,75,0.0002416073,0.3241738813677201,0.6363636363636364,0.005032201763242483,False,5
2021-10-12,17,75,0.009091178,19.22903149756795,0.9818181818181818,0.005032201763242483,True,5
2021-10-12,18,75,0.0003386445,0.5314691675454698,0.6818181818181818,0.005032201763242483,False,5
2021-10-12,19,75,7.889685e-05,-0.023415624735564668,0.4681818181818182,0.005032201763242483,False,5
2021-10-12,20,75,0.34798884,743.1977265471983,1.0,0.005032201763242483,True,5
2021-10-12,21,75,0.0011794161,2.327563903327997,0.8818181818181818,0.005032201763242483,False,5
2021-10-12,22,75,0.0013164982,2.6204048875922976,0.8863636363636364,0.005032201763242483,False,5
2021-10-01,1,80,4.7605998e-05,-0.10938361368700694,0.32727272727272727,0.005374046973884106,False,5
2021-10-01,2,80,6.204588e-05,-0.08318218298619615,0.37727272727272726,0.005374046973884106,False,5
2021-10-01,3,80,6.294986e-05,-0.081541895748258,0.38181818181818183,0.005374046973884106,False,5
2021-10-01,4,80,0.00022314343,0.20913224625576907,0.6181818181818182,0.005374046973884106,False,5
2021-10-01,5,80,6.333227e-05,-0.08084800626924483,0.39090909090909093,0.005374046973884106,False,5
2021-10-01,6,80,4.2059e-05,-0.11944874079854921,0.30454545454545456,0.005374046973884106,False,5
2021-10-01,7,80,0.00019040407,0.14972607576423078,0.6,0.005374046973884106,False,5
2021-10-01,8,80,2.9700373e-05,-0.1418736933905768,0.20909090909090908,0.005374046973884106,False,5
2021-10-01,9,80,0.00025113745,0.2599278923237283,0.6318181818181818,0.005374046973884106,False,5
2021-10-01,10,80,2.9907489e-05,-0.1414978783969085,0.21363636363636362,0.005374046973884106,False,5
2021-10-01,11,80,0.00015468444,0.08491216703756736,0.5681818181818182,0.005374046973884106,False,5
2021-10-01,12,80,9.215483e-05,-0.028548955000685394,0.4727272727272727,0.005374046973884106,False,5
2021-10-01,13,80,0.0007200828,1.1108377031333418,0.8090909090909091,0.005374046973884106,False,5
2021-10-01,14,80,0.00024842875,0.25501291886113425,0.6318181818181818,0.005374046973884106,False,5
2021-10-01,15,80,8.985013e-06,-0.179462090988938,0.00909090909090909,0.005374046973884106,False,5
2021-10-01,16,80,2.793686e-05,-0.145073621268741,0.18636363636363637,0.005374046973884106,False,5
2021-10-01,17,80,0.00040807755,0.5446985607897751,0.7045454545454546,0.005374046973884106,False,5
2021-10-01,18,80,4.3085645e-05,-0.11758587502400993,0.3090909090909091,0.005374046973884106,False,5
2021-10-01,19,80,0.00010242997,-0.009904520438681912,0.4954545454545455,0.005374046973884106,False,5
2021-10-01,20,80,3.090026e-05,-0.13969647619536563,0.21363636363636362,0.005374046973884106,False,5
2021-10-01,21,80,0.94296,1710.8222926359297,1.0,0.005374046973884106,True,5
2021-10-01,22,80,0.00017750615,0.12632257437340288,0.5954545454545455,0.005374046973884106,False,5
2021-10-07,1,80,5.532856e-05,-0.09537088281588425,0.36363636363636365,0.005374046973884106,False,5
2021-10-07,2,80,0.0002204083,0.20416929542785034,0.6181818181818182,0.005374046973884106,False,5
2021-10-07,3,80,5.8340203e-05,-0.08990620281503395,0.37272727272727274,0.005374046973884106,False,5
2021-10-07,4,80,0.00019248684,0.15350530326385847,0.6,0.005374046973884106,False,5
2021-10-07,5,80,1.5910759e-05,-0.16689519974132225,0.06363636363636363,0.005374046973884106,False,5
2021-10-07,6,80,1.5629172e-05,-0.16740614415943725,0.05909090909090909,0.005374046973884106,False,5
2021-10-07,7,80,5.3582666e-05,-0.09853884118658184,0.36363636363636365,0.005374046973884106,False,5
2021-10-07,8,80,0.000112572154,0.008498654251570618,0.5045454545454545,0.005374046973884106,False,5
2021-10-07,9,80,1.7747096e-05,-0.16356313277257103,0.09090909090909091,0.005374046973884106,False,5
2021-10-07,10,80,0.00018960929,0.14828392950009356,0.6,0.005374046973884106,False,5
2021-10-07,11,80,1.0915729e-05,-0.1759587712967035,0.022727272727272728,0.005374046973884106,False,5
2021-10-07,12,80,0.011222734,20.16808895025975,0.9863636363636363,0.005374046973884106,True,5
2021-10-07,13,80,0.00011919088,0.020508455542779948,0.5181818181818182,0.005374046973884106,False,5
2021-10-07,14,80,3.498283e-05,-0.13228858087529638,0.2545454545454545,0.005374046973884106,False,5
2021-10-07,15,80,0.00061501213,0.9201851062207267,0.7681818181818182,0.005374046973884106,False,5
2021-10-07,16,80,0.0001524078,0.08078114953341542,0.5590909090909091,0.005374046973884106,False,5
2021-10-07,17,80,0.0005832774,0.8626018115643858,0.7454545454545455,0.005374046973884106,False,5
2021-10-07,18,80,0.00038050342,0.49466479633936006,0.6818181818181818,0.005374046973884106,False,5
2021-10-07,19,80,6.4683e-05,-0.07839708110937497,0.39090909090909093,0.005374046973884106,False,5
2021-10-07,20,80,4.5672394e-05,-0.11289217306467436,0.3181818181818182,0.005374046973884106,False,5
2021-10-07,21,80,0.0017604512,2.998605129725972,0.8909090909090909,0.005374046973884106,False,5
2021-10-07,22,80,9.272755e-05,-0.027509744672076203,0.4727272727272727,0.005374046973884106,False,5
2021-10-08,1,80,0.00051124254,0.7318933019767673,0.7318181818181818,0.005374046973884106,False,5
2021-10-08,2,80,0.0011289734,1.8527772132440758,0.8454545454545455,0.005374046973884106,False,5
2021-10-08,3,80,0.0005246088,0.756146665492163,0.7318181818181818,0.005374046973884106,False,5
2021-10-08,4,80,2.863313e-05,-0.14381022501656635,0.19545454545454546,0.005374046973884106,False,5
2021-10-08,5,80,0.00019190008,0.15244061238624637,0.6,0.005374046973884106,False,5
2021-10-08,6,80,0.00014467051,0.06674171029408915,0.55,0.005374046973884106,False,5
2021-10-08,7,80,0.00013856687,0.05566654346172108,0.5409090909090909,0.005374046973884106,False,5
2021-10-08,8,80,8.433336e-05,-0.042741145510459204,0.4636363636363636,0.005374046973884106,False,5
2021-10-08,9,80,7.4516e-05,-0.060554927377324534,0.41363636363636364,0.005374046973884106,False,5
2021-10-08,10,80,1.2056998e-05,-0.17388791889063326,0.03636363636363636,0.005374046973884106,False,5
2021-10-08,11,80,0.0002830472,0.31782873007054496,0.6363636363636364,0.005374046973884106,False,5
2021-10-08,12,80,0.0014347204,2.4075605330502468,0.8681818181818182,0.005374046973884106,False,5
2021-10-08,13,80,0.0002806326,0.31344739587774256,0.6363636363636364,0.005374046973884106,False,5
2021-10-08,14,80,0.000107154534,-0.0013317151490414,0.5,0.005374046973884106,False,5
2021-10-08,15,80,0.0026393447,4.59337317559331,0.9181818181818182,0.005374046973884106,False,5
2021-10-08,16,80,3.5187764e-05,-0.13191672328813772,0.2590909090909091,0.005374046973884106,False,5
2021-10-08,17,80,0.00085984677,1.3644419899135742,0.8227272727272728,0.005374046973884106,False,5
2021-10-08,18,80,0.001100635,1.8013566732147661,0.8454545454545455,0.005374046973884106,False,5
2021-10-08,19,80,0.00018445344,0.13892855449949554,0.6,0.005374046973884106,False,5
2021-10-08,20,80,0.00025091175,0.2595183552097021,0.6318181818181818,0.005374046973884106,False,5
2021-10-08,21,80,4.6131794e-05,-0.11205858284510453,0.32272727272727275,0.005374046973884106,False,5
2021-10-08,22,80,1.18332155e-05,-0.17429397553329629,0.03636363636363636,0.005374046973884106,False,5
2021-10-12,1,80,0.004169902,7.370596912242317,0.9545454545454546,0.005374046973884106,False,5
2021-10-12,2,80,0.00020145813,0.16978386224976247,0.6045454545454545,0.005374046973884106,False,5
2021-10-12,3,80,7.223629e-05,-0.06469150307377193,0.40454545454545454,0.005374046973884106,False,5
2021-10-12,4,80,0.00010754136,-0.0006298118393314675,0.5,0.005374046973884106,False,5
2021-10-12,5,80,0.004270807,7.553691001346249,0.9545454545454546,0.005374046973884106,False,5
2021-10-12,6,80,0.0009968688,1.613070994864453,0.8363636363636363,0.005374046973884106,False,5
2021-10-12,7,80,0.00022950585,0.22067696811706863,0.6227272727272727,0.005374046973884106,False,5
2021-10-12,8,80,7.766302e-05,-0.05484460432220051,0.4318181818181818,0.005374046973884106,False,5
2021-10-12,9,80,0.00062286307,0.9344307662763356,0.7681818181818182,0.005374046973884106,False,5
2021-10-12,10,80,5.0456805e-05,-0.10421077178756054,0.35,0.005374046973884106,False,5
2021-10-12,11,80,1.1969e-05,-0.17404759149673615,0.03636363636363636,0.005374046973884106,False,5
2021-10-12,12,80,0.0004808733,0.6767877728720698,0.7272727272727273,0.005374046973884106,False,5
2021-10-12,13,80,0.00014572384,0.06865298911173398,0.55,0.005374046973884106,False,5
2021-10-12,14,80,7.789651e-05,-0.054420927483831254,0.4318181818181818,0.005374046973884106,False,5
2021-10-12,15,80,1.4157758e-05,-0.17007605021362676,0.045454545454545456,0.005374046973884106,False,5
2021-10-12,16,80,0.00023320765,0.2273939576908059,0.6227272727272727,0.005374046973884106,False,5
2021-10-12,17,80,0.036087144,65.28501175175627,0.9954545454545455,0.005374046973884106,True,5
2021-10-12,18,80,0.00018849815,0.1462677447537559,0.6,0.005374046973884106,False,5
2021-10-12,19,80,0.00012471506,0.030532186663960226,0.5272727272727272,0.005374046973884106,False,5
2021-10-12,20,80,0.2624776,476.07460993879675,1.0,0.005374046973884106,True,5
2021-10-12,21,80,0.0006761682,1.031153874102855,0.8,0.005374046973884106,False,5
2021-10-12,22,80,0.000977873,1.5786027036938564,0.8363636363636363,0.005374046973884106,False,5
2021-10-01,1,100,0.00014723859,-0.034979693955946564,0.4590909090909091,0.011984849348664284,False,5
2021-10-01,2,100,3.3448778e-05,-0.1989474831401592,0.17727272727272728,0.011984849348664284,False,5
2021-10-01,3,100,1.937316e-05,-0.21923003680177985,0.06818181818181818,0.011984849348664284,False,5
2021-10-01,4,100,1.2138587e-05,-0.2296548430812077,0.013636363636363636,0.011984849348664284,False,5
2021-10-01,5,100,3.0768966e-05,-0.20280901313595448,0.1409090909090909,0.011984849348664284,False,5
2021-10-01,6,100,1.533662e-05,-0.22504657182487808,0.03636363636363636,0.011984849348664284,False,5
2021-10-01,7,100,0.00047634216,0.43924890727674754,0.6636363636363637,0.011984849348664284,False,5
2021-10-01,8,100,5.334767e-05,-0.17027376153979587,0.2909090909090909,0.011984849348664284,False,5
2021-10-01,9,100,0.0001281137,-0.06253811209262174,0.42272727272727273,0.011984849348664284,False,5
2021-10-01,10,100,0.00015041874,-0.0303971960786332,0.4681818181818182,0.011984849348664284,False,5
2021-10-01,11,100,4.3056894e-05,-0.18510246847296247,0.2409090909090909,0.011984849348664284,False,5
2021-10-01,12,100,0.00053411856,0.5225030077176841,0.6772727272727272,0.011984849348664284,False,5
2021-10-01,13,100,0.0021594544,2.8645643321665224,0.8727272727272727,0.011984849348664284,False,5
2021-10-01,14,100,0.00013706941,-0.04963319014023489,0.4409090909090909,0.011984849348664284,False,5
2021-10-01,15,100,1.1320418e-05,-0.230833801522634,0.004545454545454545,0.011984849348664284,False,5
2021-10-01,16,100,1.3877546e-05,-0.22714905494198462,0.022727272727272728,0.011984849348664284,False,5
2021-10-01,17,100,0.00014699479,-0.03533100663125478,0.4590909090909091,0.011984849348664284,False,5
2021-10-01,18,100,7.6873876e-05,-0.13637318923893985,0.32727272727272727,0.011984849348664284,False,5
2021-10-01,19,100,0.000110611596,-0.08775812227149447,0.37727272727272726,0.011984849348664284,False,5
2021-10-01,20,100,1.3392781e-05,-0.2278475874286395,0.022727272727272728,0.011984849348664284,False,5
2021-10-01,21,100,0.843916,1215.8110870817316,1.0,0.011984849348664284,True,5
2021-10-01,22,100,0.00012963169,-0.0603507220342803,0.42727272727272725,0.011984849348664284,False,5
2021-10-07,1,100,7.957506e-05,-0.13248086119540317,0.32727272727272727,0.011984849348664284,False,5
2021-10-07,2,100,7.851632e-05,-0.1340064732883198,0.32727272727272727,0.011984849348664284,False,5
2021-10-07,3,100,0.00028998443,0.17071287093060578,0.5727272727272728,0.011984849348664284,False,5
2021-10-07,4,100,0.00028281225,0.16037797922392008,0.5727272727272728,0.011984849348664284,False,5
2021-10-07,5,100,0.0002845285,0.16285104935200004,0.5727272727272728,0.011984849348664284,False,5
2021-10-07,6,100,0.00054824405,0.5428574191221839,0.6818181818181818,0.011984849348664284,False,5
2021-10-07,7,100,2.6809315e-05,-0.20851475382049717,0.1318181818181818,0.011984849348664284,False,5
2021-10-07,8,100,0.00017489052,0.004865923792068262,0.509090909090909,0.011984849348664284,False,5
2021-10-07,9,100,2.0542471e-05,-0.21754509264706728,0.07727272727272727,0.011984849348664284,False,5
2021-10-07,10,100,0.00038195803,0.30324414132210786,0.6272727272727273,0.011984849348664284,False,5
2021-10-07,11,100,3.5273908e-05,-0.19631752382521903,0.18181818181818182,0.011984849348664284,False,5
2021-10-07,12,100,0.0008862515,1.029916272112877,0.7863636363636364,0.011984849348664284,False,5
2021-10-07,13,100,2.5713247e-05,-0.2100941563419881,0.12727272727272726,0.011984849348664284,False,5
2021-10-07,14,100,7.128898e-05,-0.14442085803261406,0.32272727272727275,0.011984849348664284,False,5
2021-10-07,15,100,0.0010207599,1.223738960108872,0.8,0.011984849348664284,False,5
2021-10-07,16,100,0.00028176824,0.15887358764117487,0.5727272727272728,0.011984849348664284,False,5
2021-10-07,17,100,0.00021072064,0.0564960750745164,0.5181818181818182,0.011984849348664284,False,5
2021-10-07,18,100,0.001088372,1.3211659289538211,0.8045454545454546,0.011984849348664284,False,5
2021-10-07,19,100,0.00014143536,-0.04334197987868395,0.4409090909090909,0.011984849348664284,False,5
2021-10-07,20,100,0.00060652127,0.6268331846600171,0.7090909090909091,0.011984849348664284,False,5
2021-10-07,21,100,0.0002781662,0.15368315989144085,0.5727272727272728,0.011984849348664284,False,5
2021-10-07,22,100,0.0004725388,0.43376839599172556,0.6636363636363637,0.011984849348664284,False,5
2021-10-08,1,100,0.00091515196,1.0715609781333102,0.7863636363636364,0.011984849348664284,False,5
2021-10-08,2,100,0.008517442,12.026238615635984,0.9636363636363636,0.011984849348664284,False,5
2021-10-08,3,100,0.00051354466,0.4928566129996662,0.6681818181818182,0.011984849348664284,False,5
2021-10-08,4,100,2.3939941e-05,-0.2126494375992092,0.11818181818181818,0.011984849348664284,False,5
2021-10-08,5,100,0.00013762013,-0.048839622741581455,0.4409090909090909,0.011984849348664284,False,5
2021-10-08,6,100,3.540227e-05,-0.19613255730326046,0.18181818181818182,0.011984849348664284,False,5
2021-10-08,7,100,0.00014806475,-0.033789227529106784,0.4590909090909091,0.011984849348664284,False,5
2021-10-08,8,100,2.9501844e-05,-0.20463489964157336,0.1409090909090909,0.011984849348664284,False,5
2021-10-08,9,100,8.825805e-05,-0.11996892757441713,0.34545454545454546,0.011984849348664284,False,5
2021-10-08,10,100,0.00053162547,0.5189105347091784,0.6772727272727272,0.011984849348664284,False,5
2021-10-08,11,100,0.00021337587,0.06032218338374345,0.5227272727272727,0.011984849348664284,False,5
2021-10-08,12,100,0.00014466513,-0.03868797810840168,0.45,0.011984849348664284,False,5
2021-10-08,13,100,0.00036746552,0.282360852736241,0.6181818181818182,0.011984849348664284,False,5
2021-10-08,14,100,0.00027481758,0.1488578842801703,0.5681818181818182,0.011984849348664284,False,5
2021-10-08,15,100,0.0014764301,1.8803463343478157,0.8409090909090909,0.011984849348664284,False,5
2021-10-08,16,100,3.2741085e-05,-0.19996724712808794,0.16818181818181818,0.011984849348664284,False,5
2021-10-08,17,100,0.00042274757,0.3620206768446849,0.6409090909090909,0.011984849348664284,False,5
2021-10-08,18,100,0.001845071,2.411547035765359,0.8545454545454545,0.011984849348664284,False,5
2021-10-08,19,100,0.0002676499,0.13852949292739083,0.5681818181818182,0.011984849348664284,False,5
2021-10-08,20,100,0.00015993281,-0.0166876980637194,0.4772727272727273,0.011984849348664284,False,5
2021-10-08,21,100,0.0005939309,0.6086908227209354,0.7,0.011984849348664284,False,5
2021-10-08,22,100,3.004241e-05,-0.20385595803920903,0.1409090909090909,0.011984849348664284,False,5
2021-10-12,1,100,0.00068081287,0.733885206565088,0.7318181818181818,0.011984849348664284,False,5
2021-10-12,2,100,0.0007032617,0.7662333161176178,0.7454545454545455,0.011984849348664284,False,5
2021-10-12,3,100,0.00027075293,0.14300085572179067,0.5681818181818182,0.011984849348664284,False,5
2021-10-12,4,100,6.378028e-05,-0.15524067614070708,0.30454545454545456,0.011984849348664284,False,5
2021-10-12,5,100,0.0029049346,3.9387794362530855,0.9,0.011984849348664284,False,5
2021-10-12,6,100,0.0010930342,1.3278840237470615,0.8045454545454546,0.011984849348664284,False,5
2021-10-12,7,100,0.00018847101,0.024435008569157066,0.5136363636363637,0.011984849348664284,False,5
2021-10-12,8,100,3.2665674e-05,-0.20007591312496129,0.16818181818181818,0.011984849348664284,False,5
2021-10-12,9,100,0.0012223538,1.5142297949912356,0.8227272727272728,0.011984849348664284,False,5
2021-10-12,10,100,4.3787535e-05,-0.18404963655564605,0.25,0.011984849348664284,False,5
2021-10-12,11,100,1.01931155e-05,-0.23245821113159448,0.0,0.011984849348664284,False,5
2021-10-12,12,100,0.004793097,6.6595658897483,0.9409090909090909,0.011984849348664284,False,5
2021-10-12,13,100,0.0007108492,0.7771666597613512,0.7454545454545455,0.011984849348664284,False,5
2021-10-12,14,100,0.0056774537,7.933898289051546,0.95,0.011984849348664284,False,5
2021-10-12,15,100,1.876001e-05,-0.22011356595316345,0.05909090909090909,0.011984849348664284,False,5
2021-10-12,16,100,0.00015742426,-0.020302440026575018,0.4681818181818182,0.011984849348664284,False,5
2021-10-12,17,100,0.007929977,11.179718411431246,0.9590909090909091,0.011984849348664284,False,5
2021-10-12,18,100,0.00041550247,0.3515806890935534,0.6409090909090909,0.011984849348664284,False,5
2021-10-12,19,100,0.0007772286,0.8728174802925062,0.7545454545454545,0.011984849348664284,False,5
2021-10-12,20,100,0.09948542,143.10842931322117,1.0,0.011984849348664284,True,5
2021-10-12,21,100,0.00074323243,0.8238299744995572,0.75,0.011984849348664284,False,5
2021-10-12,22,100,0.0012814861,1.5994377760030938,0.8318181818181818,0.011984849348664284,False,5
2021-10-06,1,20,5.337581e-05,-0.17117189460552026,0.07272727272727272,0.12601955235004425,False,6
2021-10-06,2,20,0.0008075413,-0.050717209137861624,0.45,0.12601955235004425,False,6
2021-10-06,3,20,0.0015313968,0.06489638158676103,0.5318181818181819,0.12601955235004425,False,6
2021-10-06,4,20,0.0076169125,1.0368698887908243,0.7863636363636364,0.12601955235004425,False,6
2021-10-06,5,20,0.00075713854,-0.058767497667901104,0.4409090909090909,0.12601955235004425,False,6
2021-10-06,6,20,0.0006644255,-0.07357554821116563,0.39545454545454545,0.12601955235004425,False,6
2021-10-06,7,20,0.011538843,1.663277318923592,0.8363636363636363,0.12601955235004425,False,6
2021-10-06,8,20,0.009742994,1.3764458378648259,0.8136363636363636,0.12601955235004425,False,6
2021-10-06,9,20,0.0026354215,0.24123028874516925,0.6045454545454545,0.12601955235004425,False,6
2021-10-06,10,20,0.004905969,0.6038802365985092,0.7,0.12601955235004425,False,6
2021-10-06,11,20,0.0042530843,0.4996020517357008,0.6909090909090909,0.12601955235004425,False,6
2021-10-06,12,20,0.00013698566,-0.1578177986836493,0.16363636363636364,0.12601955235004425,False,6
2021-10-06,13,20,0.00023204698,-0.14263468414415492,0.22272727272727272,0.12601955235004425,False,6
2021-10-06,14,20,0.03579614,5.53763256292172,0.9318181818181818,0.12601955235004425,False,6
2021-10-06,15,20,0.024449171,3.7253042931305256,0.8954545454545455,0.12601955235004425,False,6
2021-10-06,16,20,8.178593e-05,-0.16663425348482128,0.1,0.12601955235004425,False,6
2021-10-06,17,20,0.00053391315,-0.09442087122597954,0.35454545454545455,0.12601955235004425,False,6
2021-10-06,18,20,1.9546453e-05,-0.1765750914461953,0.022727272727272728,0.12601955235004425,False,6
2021-10-06,19,20,0.0015813163,0.07286949672283614,0.5363636363636364,0.12601955235004425,False,6
2021-10-06,20,20,4.9849885e-05,-0.1717350524799997,0.05909090909090909,0.12601955235004425,False,6
2021-10-06,21,20,0.20132421,31.975638197518464,0.9772727272727273,0.12601955235004425,True,6
2021-10-06,22,20,0.00010151951,-0.16348242318544232,0.12727272727272726,0.12601955235004425,False,6
2021-10-13,1,20,0.002699734,0.251502224599083,0.6045454545454545,0.12601955235004425,False,6
2021-10-13,2,20,0.00025912464,-0.13830986195184986,0.2318181818181818,0.12601955235004425,False,6
2021-10-13,3,20,0.00043112467,-0.11083816042019737,0.31363636363636366,0.12601955235004425,False,6
2021-10-13,4,20,0.009612884,1.355664858550726,0.8090909090909091,0.12601955235004425,False,6
2021-10-13,5,20,0.015707085,2.329025497314006,0.8545454545454545,0.12601955235004425,False,6
2021-10-13,6,20,0.005316465,0.669444357234553,0.7272727272727273,0.12601955235004425,False,6
2021-10-13,7,20,0.04460557,6.944667773559298,0.9454545454545454,0.12601955235004425,False,6
2021-10-13,8,20,6.082267e-05,-0.16998248849137004,0.07272727272727272,0.12601955235004425,False,6
2021-10-13,9,20,0.007175968,0.966442607850097,0.7772727272727272,0.12601955235004425,False,6
2021-10-13,10,20,0.0009470965,-0.028427569460075467,0.4636363636363636,0.12601955235004425,False,6
2021-10-13,11,20,0.00057269284,-0.08822701141862223,0.37272727272727274,0.12601955235004425,False,6
2021-10-13,12,20,3.119974e-05,-0.17471383822428047,0.031818181818181815,0.12601955235004425,False,6
2021-10-13,13,20,0.00018259193,-0.15053360321181888,0.20454545454545456,0.12601955235004425,False,6
2021-10-13,14,20,0.00018554958,-0.15006121018759086,0.20909090909090908,0.12601955235004425,False,6
2021-10-13,15,20,0.0006362861,-0.07806994780369457,0.39090909090909093,0.12601955235004425,False,6
2021-10-13,16,20,0.0029257636,0.28760349390478473,0.6272727272727273,0.12601955235004425,False,6
2021-10-13,17,20,0.00032130725,-0.12837810820353177,0.2727272727272727,0.12601955235004425,False,6
2021-10-13,18,20,0.008884857,1.239384997683729,0.7909090909090909,0.12601955235004425,False,6
2021-10-13,19,20,2.5519257e-05,-0.17562112008112232,0.02727272727272727,0.12601955235004425,False,6
2021-10-13,20,20,0.00011279727,-0.16168114819841775,0.13636363636363635,0.12601955235004425,False,6
2021-10-13,21,20,7.914401e-05,-0.16705621907433818,0.09545454545454546,0.12601955235004425,False,6
2021-10-13,22,20,3.9366678e-05,-0.17340942158006653,0.05,0.12601955235004425,False,6
2021-10-14,1,20,0.012504359,1.8174887442916348,0.8409090909090909,0.12601955235004425,False,6
2021-10-14,2,20,8.185319e-05,-0.16662351094094394,0.1,0.12601955235004425,False,6
2021-10-14,3,20,3.275486e-05,-0.17446545582779843,0.031818181818181815,0.12601955235004425,False,6
2021-10-14,4,20,0.0027471518,0.2590757598685652,0.6045454545454545,0.12601955235004425,False,6
2021-10-14,5,20,0.0017661578,0.10239221995501296,0.5545454545454546,0.12601955235004425,False,6
2021-10-14,6,20,0.007875056,1.0781003578954496,0.7863636363636364,0.12601955235004425,False,6
2021-10-14,7,20,1.9698722e-05,-0.17655077110082218,0.022727272727272728,0.12601955235004425,False,6
2021-10-14,8,20,0.0025861938,0.23336769490863013,0.6,0.12601955235004425,False,6
2021-10-14,9,20,0.0003281172,-0.1272904291222806,0.2772727272727273,0.12601955235004425,False,6
2021-10-14,10,20,8.071394e-05,-0.1668054717842181,0.1,0.12601955235004425,False,6
2021-10-14,11,20,3.791014e-05,-0.17364205854956952,0.045454545454545456,0.12601955235004425,False,6
2021-10-14,12,20,0.00016745942,-0.1529505547247916,0.2,0.12601955235004425,False,6
2021-10-14,13,20,0.0004829786,-0.10255609604408773,0.3409090909090909,0.12601955235004425,False,6
2021-10-14,14,20,0.00067016145,-0.07265940584742277,0.39545454545454545,0.12601955235004425,False,6
2021-10-14,15,20,0.00020587996,-0.14681405898611377,0.21363636363636362,0.12601955235004425,False,6
2021-10-14,16,20,0.0026543012,0.24424575009670846,0.6045454545454545,0.12601955235004425,False,6
2021-10-14,17,20,0.01936832,2.913795031909539,0.8727272727272727,0.12601955235004425,False,6
2021-10-14,18,20,0.00658969,0.8728028046304446,0.7545454545454545,0.12601955235004425,False,6
2021-10-14,19,20,0.00014751291,-0.15613639533238283,0.18636363636363637,0.12601955235004425,False,6
2021-10-14,20,20,0.008415241,1.1643782228154582,0.7863636363636364,0.12601955235004425,False,6
2021-10-14,21,20,7.6238604e-05,-0.16752026814951393,0.09090909090909091,0.12601955235004425,False,6
2021-10-14,22,20,0.0019084321,0.12511615404620124,0.5545454545454546,0.12601955235004425,False,6
2021-10-15,1,20,0.0005097791,-0.0982755432661556,0.3409090909090909,0.12601955235004425,False,6
2021-10-15,2,20,3.9616632e-05,-0.17336949903775906,0.05,0.12601955235004425,False,6
2021-10-15,3,20,1.9168161e-05,-0.1766355118639009,0.022727272727272728,0.12601955235004425,False,6
2021-10-15,4,20,0.0048076874,0.588182790812865,0.6954545454545454,0.12601955235004425,False,6
2021-10-15,5,20,0.00029518444,-0.1325504220657634,0.2545454545454545,0.12601955235004425,False,6
2021-10-15,6,20,0.00019241749,-0.14896427373890925,0.20909090909090908,0.12601955235004425,False,6
2021-10-15,7,20,0.00045012587,-0.10780330577871604,0.32272727272727275,0.12601955235004425,False,6
2021-10-15,8,20,0.00014250576,-0.15693613379629684,0.18181818181818182,0.12601955235004425,False,6
2021-10-15,9,20,0.06303786,9.888657098064513,0.9545454545454546,0.12601955235004425,False,6
2021-10-15,10,20,2.6587044e-05,-0.17545057406230027,0.02727272727272727,0.12601955235004425,False,6
2021-10-15,11,20,0.00049865706,-0.10005194445296917,0.3409090909090909,0.12601955235004425,False,6
2021-10-15,12,20,4.3395572e-05,-0.17276592995376094,0.05454545454545454,0.12601955235004425,False,6
2021-10-15,13,20,0.002664746,0.24591398209441526,0.6045454545454545,0.12601955235004425,False,6
2021-10-15,14,20,0.010010692,1.4192024082784545,0.8181818181818182,0.12601955235004425,False,6
2021-10-15,15,20,0.004642595,0.561814387119464,0.6954545454545454,0.12601955235004425,False,6
2021-10-15,16,20,0.00023603835,-0.1419971855185823,0.22272727272727272,0.12601955235004425,False,6
2021-10-15,17,20,0.0031155255,0.3179121009266971,0.65,0.12601955235004425,False,6
2021-10-15,18,20,0.0013594448,0.0374323592773004,0.5227272727272727,0.12601955235004425,False,6
2021-10-15,19,20,0.008108686,1.1154155021202137,0.7863636363636364,0.12601955235004425,False,6
2021-10-15,20,20,0.00082709815,-0.04759360648785316,0.45454545454545453,0.12601955235004425,False,6
2021-10-15,21,20,0.00034234746,-0.12501758388483428,0.2818181818181818,0.12601955235004425,False,6
2021-10-15,22,20,0.00049389113,-0.10081315432539581,0.3409090909090909,0.12601955235004425,False,6
2021-10-06,1,30,6.337631e-05,-0.16921986163558014,0.16818181818181818,0.0456438846886158,False,6
2021-10-06,2,30,5.4610417e-05,-0.17329348742713296,0.15454545454545454,0.0456438846886158,False,6
2021-10-06,3,30,0.005462973,2.340043002173811,0.8181818181818182,0.0456438846886158,False,6
2021-10-06,4,30,0.00016513614,-0.12193074516120726,0.33181818181818185,0.0456438846886158,False,6
2021-10-06,5,30,0.00023050891,-0.09155116447694966,0.39545454545454545,0.0456438846886158,False,6
2021-10-06,6,30,5.555972e-05,-0.17285233298179226,0.15454545454545454,0.0456438846886158,False,6
2021-10-06,7,30,0.02837691,12.98844838176168,0.9454545454545454,0.0456438846886158,False,6
2021-10-06,8,30,0.050499056,23.26889713823152,0.9727272727272728,0.0456438846886158,True,6
2021-10-06,9,30,0.0012299313,0.37289341157256833,0.65,0.0456438846886158,False,6
2021-10-06,10,30,0.00076995674,0.15913726371040232,0.5954545454545455,0.0456438846886158,False,6
2021-10-06,11,30,0.0008985389,0.2188910765273791,0.6181818181818182,0.0456438846886158,False,6
2021-10-06,12,30,0.0029835268,1.187812098092997,0.7863636363636364,0.0456438846886158,False,6
2021-10-06,13,30,5.7619058e-05,-0.17189533267039767,0.15454545454545454,0.0456438846886158,False,6
2021-10-06,14,30,0.00067378004,0.11444270200153565,0.5772727272727273,0.0456438846886158,False,6
2021-10-06,15,30,0.005991443,2.5856299623704353,0.8363636363636363,0.0456438846886158,False,6
2021-10-06,16,30,6.657061e-05,-0.1677354296657789,0.18636363636363637,0.0456438846886158,False,6
2021-10-06,17,30,0.00022747651,-0.09296036064764325,0.39545454545454545,0.0456438846886158,False,6
2021-10-06,18,30,2.4864441e-05,-0.18711682967277465,0.06818181818181818,0.0456438846886158,False,6
2021-10-06,19,30,3.5078574e-05,-0.1823701890411456,0.10909090909090909,0.0456438846886158,False,6
2021-10-06,20,30,1.156252e-05,-0.19329840568305345,0.013636363636363636,0.0456438846886158,False,6
2021-10-06,21,30,0.020792749,9.46398949938033,0.9272727272727272,0.0456438846886158,False,6
2021-10-06,22,30,0.00029537643,-0.06140638332357312,0.43636363636363634,0.0456438846886158,False,6
2021-10-13,1,30,0.00065939117,0.10775600412598248,0.5772727272727273,0.0456438846886158,False,6
2021-10-13,2,30,9.8534045e-05,-0.15288160532387193,0.2636363636363636,0.0456438846886158,False,6
2021-10-13,3,30,0.0004684962,0.019044628428187015,0.5136363636363637,0.0456438846886158,False,6
2021-10-13,4,30,6.817524e-05,-0.16698973608349466,0.19090909090909092,0.0456438846886158,False,6
2021-10-13,5,30,0.00041238376,-0.0070315565166295,0.5,0.0456438846886158,False,6
2021-10-13,6,30,0.025914136,11.843964989842018,0.9409090909090909,0.0456438846886158,False,6
2021-10-13,7,30,0.00015253255,-0.1277877968385918,0.32272727272727275,0.0456438846886158,False,6
2021-10-13,8,30,3.3748005e-05,-0.18298852174773936,0.10454545454545454,0.0456438846886158,False,6
2021-10-13,9,30,0.0047959867,2.030085819225156,0.8181818181818182,0.0456438846886158,False,6
2021-10-13,10,30,0.00067388057,0.11448941710649595,0.5772727272727273,0.0456438846886158,False,6
2021-10-13,11,30,0.00010726903,-0.14882234469759298,0.2863636363636364,0.0456438846886158,False,6
2021-10-13,12,30,2.7025762e-05,-0.18611243547404277,0.07272727272727272,0.0456438846886158,False,6
2021-10-13,13,30,0.00012723399,-0.13954436847059748,0.30454545454545456,0.0456438846886158,False,6
2021-10-13,14,30,0.0026984364,1.055326870231839,0.7863636363636364,0.0456438846886158,False,6
2021-10-13,15,30,0.0011826628,0.3509271414945787,0.6454545454545455,0.0456438846886158,False,6
2021-10-13,16,30,0.00026176046,-0.0770281632809909,0.42272727272727273,0.0456438846886158,False,6
2021-10-13,17,30,0.0007530001,0.1512572883940741,0.5954545454545455,0.0456438846886158,False,6
2021-10-13,18,30,0.0007668487,0.157692909486627,0.5954545454545455,0.0456438846886158,False,6
2021-10-13,19,30,6.791051e-05,-0.1671127622194226,0.19090909090909092,0.0456438846886158,False,6
2021-10-13,20,30,5.1551087e-05,-0.17471519753843587,0.15454545454545454,0.0456438846886158,False,6
2021-10-13,21,30,7.239676e-05,-0.16502794174265295,0.21363636363636362,0.0456438846886158,False,6
2021-10-13,22,30,3.7889033e-05,-0.18106413228881885,0.10909090909090909,0.0456438846886158,False,6
2021-10-14,1,30,0.0011268879,0.32500780515202754,0.6409090909090909,0.0456438846886158,False,6
2021-10-14,2,30,0.0005701184,0.06626979903798194,0.5636363636363636,0.0456438846886158,False,6
2021-10-14,3,30,2.1493923e-05,-0.1886831533973954,0.045454545454545456,0.0456438846886158,False,6
2021-10-14,4,30,0.002780835,1.093618541176469,0.7863636363636364,0.0456438846886158,False,6
2021-10-14,5,30,0.00024133193,-0.08652156795922666,0.4090909090909091,0.0456438846886158,False,6
2021-10-14,6,30,0.003872809,1.6010731219710392,0.8090909090909091,0.0456438846886158,False,6
2021-10-14,7,30,1.9784873e-05,-0.1894773710439012,0.045454545454545456,0.0456438846886158,False,6
2021-10-14,8,30,0.0012364697,0.37593192213434606,0.65,0.0456438846886158,False,6
2021-10-14,9,30,0.0004725217,0.020915328990602593,0.5136363636363637,0.0456438846886158,False,6
2021-10-14,10,30,0.0016233943,0.5557408226636155,0.7,0.0456438846886158,False,6
2021-10-14,11,30,1.0465811e-05,-0.19380806051283184,0.013636363636363636,0.0456438846886158,False,6
2021-10-14,12,30,0.00012304937,-0.1414890165826281,0.3,0.0456438846886158,False,6
2021-10-14,13,30,0.00010565078,-0.14957436456544326,0.2818181818181818,0.0456438846886158,False,6
2021-10-14,14,30,0.00014638898,-0.13064279440046975,0.32272727272727275,0.0456438846886158,False,6
2021-10-14,15,30,0.00017605486,-0.11685667191428278,0.3409090909090909,0.0456438846886158,False,6
2021-10-14,16,30,0.0024746775,0.9513432122683685,0.7727272727272727,0.0456438846886158,False,6
2021-10-14,17,30,0.0041435217,1.7268768184795433,0.8090909090909091,0.0456438846886158,False,6
2021-10-14,18,30,0.0005997073,0.08002013456188604,0.5636363636363636,0.0456438846886158,False,6
2021-10-14,19,30,0.00035741023,-0.03257847041268768,0.4818181818181818,0.0456438846886158,False,6
2021-10-14,20,30,0.00065559725,0.10599292142406751,0.5772727272727273,0.0456438846886158,False,6
2021-10-14,21,30,3.2540127e-05,-0.18354983842528033,0.09545454545454546,0.0456438846886158,False,6
2021-10-14,22,30,0.0007448611,0.14747498788377683,0.5954545454545455,0.0456438846886158,False,6
2021-10-15,1,30,5.9259382e-05,-0.1711330524532421,0.1590909090909091,0.0456438846886158,False,6
2021-10-15,2,30,6.196038e-05,-0.1698778629590959,0.16363636363636364,0.0456438846886158,False,6
2021-10-15,3,30,2.731641e-05,-0.18597736792471442,0.07272727272727272,0.0456438846886158,False,6
2021-10-15,4,30,0.0033320845,1.3497914092457057,0.7954545454545454,0.0456438846886158,False,6
2021-10-15,5,30,0.000112646034,-0.1463235802421277,0.2909090909090909,0.0456438846886158,False,6
2021-10-15,6,30,0.000530832,0.048012876002960135,0.55,0.0456438846886158,False,6
2021-10-15,7,30,0.00026218308,-0.07683176778616506,0.42272727272727273,0.0456438846886158,False,6
2021-10-15,8,30,0.000115747476,-0.1448822995584804,0.2909090909090909,0.0456438846886158,False,6
2021-10-15,9,30,0.0006521561,0.1043937608623143,0.5727272727272728,0.0456438846886158,False,6
2021-10-15,10,30,1.704569e-05,-0.19075030524496916,0.04090909090909091,0.0456438846886158,False,6
2021-10-15,11,30,0.00043190294,0.002039261753243654,0.5,0.0456438846886158,False,6
2021-10-15,12,30,1.06455145e-05,-0.19372454999306593,0.013636363636363636,0.0456438846886158,False,6
2021-10-15,13,30,0.00023948858,-0.08737819639086254,0.40454545454545454,0.0456438846886158,False,6
2021-10-15,14,30,0.0009568353,0.24598215862364778,0.6181818181818182,0.0456438846886158,False,6
2021-10-15,15,30,0.0005918412,0.0763646437864202,0.5636363636363636,0.0456438846886158,False,6
2021-10-15,16,30,0.00024630892,-0.08420869689117502,0.4090909090909091,0.0456438846886158,False,6
2021-10-15,17,30,0.0005959413,0.07827003579186508,0.5636363636363636,0.0456438846886158,False,6
2021-10-15,18,30,4.8670983e-05,-0.17605361944599424,0.14545454545454545,0.0456438846886158,False,6
2021-10-15,19,30,0.0012883929,0.4000613152658765,0.6590909090909091,0.0456438846886158,False,6
2021-10-15,20,30,2.6172114e-05,-0.18650913685880785,0.07272727272727272,0.0456438846886158,False,6
2021-10-15,21,30,0.00415206,1.7308447080663505,0.8090909090909091,0.0456438846886158,False,6
2021-10-15,22,30,6.386421e-05,-0.16899312972488115,0.17727272727272728,0.0456438846886158,False,6
2021-10-06,1,40,8.058435e-05,-0.21720442737251153,0.2590909090909091,0.025573797523975372,False,6
2021-10-06,2,40,0.00052337843,0.1112609946337489,0.5545454545454546,0.025573797523975372,False,6
2021-10-06,3,40,0.005085233,3.4952527781021567,0.8681818181818182,0.025573797523975372,False,6
2021-10-06,4,40,0.00013398007,-0.1775953937646857,0.33181818181818185,0.025573797523975372,False,6
2021-10-06,5,40,0.00020998478,-0.12121496608940623,0.4,0.025573797523975372,False,6
2021-10-06,6,40,0.023201851,16.934191677460763,0.9636363636363636,0.025573797523975372,False,6
2021-10-06,7,40,0.012794626,9.214093828833903,0.9272727272727272,0.025573797523975372,False,6
2021-10-06,8,40,0.06392164,47.14020052893285,0.9818181818181818,0.025573797523975372,True,6
2021-10-06,9,40,0.00084957265,0.35323243543765914,0.65,0.025573797523975372,False,6
2021-10-06,10,40,0.000109662724,-0.19563404033234438,0.31363636363636366,0.025573797523975372,False,6
2021-10-06,11,40,8.594244e-05,-0.2132297883769878,0.2772727272727273,0.025573797523975372,False,6
2021-10-06,12,40,0.0013521822,0.7260691066991706,0.740909090909091,0.025573797523975372,False,6
2021-10-06,13,40,0.00016039173,-0.15800317237084385,0.35,0.025573797523975372,False,6
2021-10-06,14,40,0.00096249173,0.43699600518582954,0.6727272727272727,0.025573797523975372,False,6
2021-10-06,15,40,0.011460286,8.224277855574721,0.9272727272727272,0.025573797523975372,False,6
2021-10-06,16,40,7.862466e-05,-0.21865813022523808,0.25,0.025573797523975372,False,6
2021-10-06,17,40,9.514008e-05,-0.2064069630498094,0.2863636363636364,0.025573797523975372,False,6
2021-10-06,18,40,2.2341643e-05,-0.26040897076577213,0.09090909090909091,0.025573797523975372,False,6
2021-10-06,19,40,3.6950074e-05,-0.2495724109696733,0.13636363636363635,0.025573797523975372,False,6
2021-10-06,20,40,2.3885577e-05,-0.2592636774138712,0.1,0.025573797523975372,False,6
2021-10-06,21,40,0.410451,304.196282787169,1.0,0.025573797523975372,True,6
2021-10-06,22,40,0.0014181553,0.7750080144775933,0.75,0.025573797523975372,False,6
2021-10-13,1,40,0.0020166382,1.2189636777981603,0.7636363636363637,0.025573797523975372,False,6
2021-10-13,2,40,0.00030386526,-0.051574256269540854,0.4409090909090909,0.025573797523975372,False,6
2021-10-13,3,40,0.00030932887,-0.04752134536745276,0.44545454545454544,0.025573797523975372,False,6
2021-10-13,4,40,0.00018738174,-0.13798193975336545,0.37727272727272726,0.025573797523975372,False,6
2021-10-13,5,40,0.00017502916,-0.14714510696091895,0.36818181818181817,0.025573797523975372,False,6
2021-10-13,6,40,0.0050555808,3.473256591242601,0.8636363636363636,0.025573797523975372,False,6
2021-10-13,7,40,0.00020642483,-0.12385574428249684,0.39545454545454545,0.025573797523975372,False,6
2021-10-13,8,40,2.4803529e-05,-0.258582739622949,0.10909090909090909,0.025573797523975372,False,6
2021-10-13,9,40,0.004962288,3.4040517472403136,0.8636363636363636,0.025573797523975372,False,6
2021-10-13,10,40,0.00018588905,-0.13908922114347105,0.37272727272727274,0.025573797523975372,False,6
2021-10-13,11,40,0.00011836396,-0.18917944703008363,0.3181818181818182,0.025573797523975372,False,6
2021-10-13,12,40,8.321069e-06,-0.27080945694754766,0.004545454545454545,0.025573797523975372,False,6
2021-10-13,13,40,5.8028596e-05,-0.23393632656503172,0.2318181818181818,0.025573797523975372,False,6
2021-10-13,14,40,0.013709135,9.892478504802998,0.9318181818181818,0.025573797523975372,False,6
2021-10-13,15,40,0.000432963,0.04419066039014708,0.5318181818181819,0.025573797523975372,False,6
2021-10-13,16,40,0.00030319561,-0.05207100383488084,0.4409090909090909,0.025573797523975372,False,6
2021-10-13,17,40,3.196196e-05,-0.25327260173895977,0.1318181818181818,0.025573797523975372,False,6
2021-10-13,18,40,0.0049123443,3.3670035197638235,0.8636363636363636,0.025573797523975372,False,6
2021-10-13,19,40,0.0001001779,-0.2026698978035096,0.2909090909090909,0.025573797523975372,False,6
2021-10-13,20,40,8.390733e-05,-0.2147394344314479,0.2727272727272727,0.025573797523975372,False,6
2021-10-13,21,40,7.044896e-05,-0.22472288064105286,0.2409090909090909,0.025573797523975372,False,6
2021-10-13,22,40,3.499821e-05,-0.25102030630816297,0.13636363636363635,0.025573797523975372,False,6
2021-10-14,1,40,0.00014724617,-0.16775457168492244,0.33636363636363636,0.025573797523975372,False,6
2021-10-14,2,40,4.9127455e-05,-0.24053920848244234,0.21818181818181817,0.025573797523975372,False,6
2021-10-14,3,40,2.2870663e-05,-0.2600165425639735,0.09545454545454546,0.025573797523975372,False,6
2021-10-14,4,40,0.0009494224,0.4273011697650619,0.6727272727272727,0.025573797523975372,False,6
2021-10-14,5,40,0.00026482323,-0.08053570367998429,0.42272727272727273,0.025573797523975372,False,6
2021-10-14,6,40,0.003562504,2.3656896182435916,0.8272727272727273,0.025573797523975372,False,6
2021-10-14,7,40,7.678772e-05,-0.22002077492490657,0.25,0.025573797523975372,False,6
2021-10-14,8,40,5.6656714e-05,-0.23495399088600236,0.22727272727272727,0.025573797523975372,False,6
2021-10-14,9,40,0.00016775892,-0.1525381827329389,0.36363636363636365,0.025573797523975372,False,6
2021-10-14,10,40,0.00014511068,-0.1693386845367118,0.33636363636363636,0.025573797523975372,False,6
2021-10-14,11,40,1.1789758e-05,-0.268236377314934,0.004545454545454545,0.025573797523975372,False,6
2021-10-14,12,40,0.0004151329,0.03096427340300321,0.5181818181818182,0.025573797523975372,False,6
2021-10-14,13,40,0.00016021886,-0.15813141264804492,0.35,0.025573797523975372,False,6
2021-10-14,14,40,0.00026023109,-0.08394216700290878,0.42272727272727273,0.025573797523975372,False,6
2021-10-14,15,40,0.00028104492,-0.06850242623480005,0.43636363636363634,0.025573797523975372,False,6
2021-10-14,16,40,0.0039681704,2.666613675797914,0.8409090909090909,0.025573797523975372,False,6
2021-10-14,17,40,0.012423329,8.9386651473864,0.9272727272727272,0.025573797523975372,False,6
2021-10-14,18,40,6.2469985e-06,-0.2723480059775729,0.004545454545454545,0.025573797523975372,False,6
2021-10-14,19,40,0.00018860835,-0.137072038284861,0.37727272727272726,0.025573797523975372,False,6
2021-10-14,20,40,0.00013117757,-0.17967428955803974,0.33181818181818185,0.025573797523975372,False,6
2021-10-14,21,40,0.06107583,45.029174544322245,0.9818181818181818,0.025573797523975372,True,6
2021-10-14,22,40,0.00075721176,0.28471896629010013,0.6318181818181818,0.025573797523975372,False,6
2021-10-15,1,40,9.486233e-05,-0.20661300026958523,0.2863636363636364,0.025573797523975372,False,6
2021-10-15,2,40,3.6227717e-05,-0.25010825670706904,0.13636363636363635,0.025573797523975372,False,6
2021-10-15,3,40,4.5572502e-05,-0.24317627871802297,0.2,0.025573797523975372,False,6
2021-10-15,4,40,0.0002715507,-0.07554525704090397,0.4318181818181818,0.025573797523975372,False,6
2021-10-15,5,40,0.0001775798,-0.14525303393503283,0.36818181818181817,0.025573797523975372,False,6
2021-10-15,6,40,0.00015681973,-0.16065288852264847,0.35,0.025573797523975372,False,6
2021-10-15,7,40,0.00025778415,-0.08575730665711039,0.41818181818181815,0.025573797523975372,False,6
2021-10-15,8,40,4.2424774e-05,-0.2455112691575376,0.1590909090909091,0.025573797523975372,False,6
2021-10-15,9,40,9.6535754e-05,-0.20537164949876943,0.2863636363636364,0.025573797523975372,False,6
2021-10-15,10,40,1.790019e-05,-0.2637036475356137,0.05,0.025573797523975372,False,6
2021-10-15,11,40,0.00014985283,-0.1658209501045795,0.33636363636363636,0.025573797523975372,False,6
2021-10-15,12,40,5.569239e-06,-0.27285076919122764,0.004545454545454545,0.025573797523975372,False,6
2021-10-15,13,40,0.0006930798,0.23714575269605212,0.6090909090909091,0.025573797523975372,False,6
2021-10-15,14,40,0.00013104755,-0.17977073963184376,0.33181818181818185,0.025573797523975372,False,6
2021-10-15,15,40,0.00076129823,0.28775031600757534,0.6318181818181818,0.025573797523975372,False,6
2021-10-15,16,40,0.00095637137,0.4324559107660109,0.6727272727272727,0.025573797523975372,False,6
2021-10-15,17,40,0.000693165,0.2372089660852179,0.6090909090909091,0.025573797523975372,False,6
2021-10-15,18,40,5.4532098e-05,-0.236530034747286,0.22727272727272727,0.025573797523975372,False,6
2021-10-15,19,40,0.00092436175,0.4087111223893469,0.6727272727272727,0.025573797523975372,False,6
2021-10-15,20,40,2.144094e-05,-0.2610771142142236,0.07727272727272727,0.025573797523975372,False,6
2021-10-15,21,40,0.000584111,0.15631253804974302,0.5772727272727273,0.025573797523975372,False,6
2021-10-15,22,40,0.00033035298,-0.03192562210729389,0.4772727272727273,0.025573797523975372,False,6
2021-10-06,1,50,3.0288715e-05,-0.23598311473051994,0.17272727272727273,0.011591603979468346,False,6
2021-10-06,2,50,0.00019313821,0.021625764185712642,0.509090909090909,0.011591603979468346,False,6
2021-10-06,3,50,0.00049259793,0.4953360434587263,0.6863636363636364,0.011591603979468346,False,6
2021-10-06,4,50,5.487739e-05,-0.1970867041631113,0.30454545454545456,0.011591603979468346,False,6
2021-10-06,5,50,4.1171228e-05,-0.2187682501813751,0.2545454545454545,0.011591603979468346,False,6
2021-10-06,6,50,0.039846748,62.74900311842773,0.9954545454545455,0.011591603979468346,True,6
2021-10-06,7,50,0.00010082354,-0.12440526102731024,0.42727272727272725,0.011591603979468346,False,6
2021-10-06,8,50,0.0027301474,4.034877923145635,0.9045454545454545,0.011591603979468346,False,6
2021-10-06,9,50,2.4368956e-05,-0.2453474819571194,0.12727272727272726,0.011591603979468346,False,6
2021-10-06,10,50,0.00017069072,-0.01388354738213624,0.4863636363636364,0.011591603979468346,False,6
2021-10-06,11,50,1.571351e-05,-0.25903938683375816,0.05909090909090909,0.011591603979468346,False,6
2021-10-06,12,50,0.0003090155,0.2049301028690827,0.6045454545454545,0.011591603979468346,False,6
2021-10-06,13,50,7.888285e-06,-0.2714179771472024,0.004545454545454545,0.011591603979468346,False,6
2021-10-06,14,50,0.0002543959,0.1185282855772009,0.5454545454545454,0.011591603979468346,False,6
2021-10-06,15,50,0.0009728465,1.255033200419627,0.7863636363636364,0.011591603979468346,False,6
2021-10-06,16,50,1.2463769e-05,-0.2641800959021085,0.022727272727272728,0.011591603979468346,False,6
2021-10-06,17,50,4.2645963e-05,-0.21643539213691682,0.2590909090909091,0.011591603979468346,False,6
2021-10-06,18,50,1.36831295e-05,-0.2622512101421995,0.03636363636363636,0.011591603979468346,False,6
2021-10-06,19,50,1.6160018e-05,-0.25833306153621516,0.05909090909090909,0.011591603979468346,False,6
2021-10-06,20,50,2.2336231e-05,-0.24856301427113991,0.12272727272727273,0.011591603979468346,False,6
2021-10-06,21,50,0.008909215,13.809441116882002,0.9636363636363636,0.011591603979468346,False,6
2021-10-06,22,50,0.0012961414,1.766447947077641,0.8272727272727273,0.011591603979468346,False,6
2021-10-13,1,50,0.0011116104,1.474541507995058,0.8045454545454546,0.011591603979468346,False,6
2021-10-13,2,50,0.00029449913,0.18196688680962375,0.5909090909090909,0.011591603979468346,False,6
2021-10-13,3,50,7.002686e-05,-0.17312201631326543,0.34545454545454546,0.011591603979468346,False,6
2021-10-13,4,50,0.00043915628,0.4107976029465215,0.6727272727272727,0.011591603979468346,False,6
2021-10-13,5,50,0.00045192929,0.4310029992734061,0.6727272727272727,0.011591603979468346,False,6
2021-10-13,6,50,7.170905e-05,-0.17046098177205035,0.34545454545454546,0.011591603979468346,False,6
2021-10-13,7,50,0.000247464,0.10756279617643248,0.5454545454545454,0.011591603979468346,False,6
2021-10-13,8,50,1.0206238e-05,-0.267751246750286,0.00909090909090909,0.011591603979468346,False,6
2021-10-13,9,50,0.00043099665,0.3978900103171644,0.6636363636363637,0.011591603979468346,False,6
2021-10-13,10,50,0.00013374942,-0.07232037187427978,0.4590909090909091,0.011591603979468346,False,6
2021-10-13,11,50,0.00015997782,-0.030830106093241553,0.4863636363636364,0.011591603979468346,False,6
2021-10-13,12,50,2.4606075e-05,-0.24497238610817137,0.1318181818181818,0.011591603979468346,False,6
2021-10-13,13,50,5.300063e-05,-0.20005551998654053,0.2909090909090909,0.011591603979468346,False,6
2021-10-13,14,50,0.0016731212,2.362785973070346,0.8636363636363636,0.011591603979468346,False,6
2021-10-13,15,50,1.8748653e-05,-0.25423814385362314,0.07727272727272727,0.011591603979468346,False,6
2021-10-13,16,50,0.00018055679,0.0017234186482786697,0.5045454545454545,0.011591603979468346,False,6
2021-10-13,17,50,2.5555275e-05,-0.2434708632506188,0.1318181818181818,0.011591603979468346,False,6
2021-10-13,18,50,0.01111362,17.296552470681842,0.9681818181818181,0.011591603979468346,False,6
2021-10-13,19,50,3.185555e-05,-0.2335045638392875,0.18181818181818182,0.011591603979468346,False,6
2021-10-13,20,50,1.23869e-05,-0.2643016931610469,0.022727272727272728,0.011591603979468346,False,6
2021-10-13,21,50,2.9402807e-05,-0.2373845174568635,0.16363636363636364,0.011591603979468346,False,6
2021-10-13,22,50,0.00013345463,-0.07278669947721869,0.4590909090909091,0.011591603979468346,False,6
2021-10-14,1,50,0.00025710717,0.12281717360509918,0.55,0.011591603979468346,False,6
2021-10-14,2,50,4.746004e-05,-0.20882008720306608,0.2681818181818182,0.011591603979468346,False,6
2021-10-14,3,50,1.5521247e-05,-0.2593435224138243,0.05909090909090909,0.011591603979468346,False,6
2021-10-14,4,50,0.0013869684,1.9101256499733745,0.8272727272727273,0.011591603979468346,False,6
2021-10-14,5,50,0.007373734,11.380489108493608,0.9636363636363636,0.011591603979468346,False,6
2021-10-14,6,50,0.0033317872,4.986601687804713,0.9090909090909091,0.011591603979468346,False,6
2021-10-14,7,50,7.204872e-06,-0.27249905659903667,0.004545454545454545,0.011591603979468346,False,6
2021-10-14,8,50,2.4397208e-05,-0.24530278973473288,0.12727272727272726,0.011591603979468346,False,6
2021-10-14,9,50,0.0014429031,1.9986077331097418,0.8318181818181818,0.011591603979468346,False,6
2021-10-14,10,50,5.1902694e-05,-0.20179232443307712,0.2909090909090909,0.011591603979468346,False,6
2021-10-14,11,50,1.3424673e-05,-0.26266005822966115,0.031818181818181815,0.011591603979468346,False,6
2021-10-14,12,50,4.5940164e-05,-0.211224351517853,0.2636363636363636,0.011591603979468346,False,6
2021-10-14,13,50,9.0343776e-05,-0.1409830254582949,0.39090909090909093,0.011591603979468346,False,6
2021-10-14,14,50,0.00033622934,0.24797919837742946,0.6181818181818182,0.011591603979468346,False,6
2021-10-14,15,50,0.00065961527,0.759537954586435,0.7454545454545455,0.011591603979468346,False,6
2021-10-14,16,50,0.0020315612,2.9297961409393922,0.8818181818181818,0.011591603979468346,False,6
2021-10-14,17,50,0.013882886,21.67720662560758,0.9727272727272728,0.011591603979468346,True,6
2021-10-14,18,50,9.830788e-06,-0.26834516385740664,0.00909090909090909,0.011591603979468346,False,6
2021-10-14,19,50,6.7008485e-05,-0.17789672940089446,0.33636363636363636,0.011591603979468346,False,6
2021-10-14,20,50,2.4074423e-05,-0.24581339808775585,0.12727272727272726,0.011591603979468346,False,6
2021-10-14,21,50,0.4187771,662.1725549154028,0.9954545454545455,0.011591603979468346,True,6
2021-10-14,22,50,8.2082755e-05,-0.15405099445302245,0.36818181818181817,0.011591603979468346,False,6
2021-10-15,1,50,5.2171654e-05,-0.2013668620723693,0.2909090909090909,0.011591603979468346,False,6
2021-10-15,2,50,8.363744e-06,-0.2706658561333709,0.004545454545454545,0.011591603979468346,False,6
2021-10-15,3,50,0.035206623,55.40886797912616,0.9954545454545455,0.011591603979468346,True,6
2021-10-15,4,50,0.00015968672,-0.03129058676108584,0.4863636363636364,0.011591603979468346,False,6
2021-10-15,5,50,7.792214e-05,-0.1606326061500348,0.35454545454545455,0.011591603979468346,False,6
2021-10-15,6,50,9.3190174e-05,-0.1364803559885715,0.40454545454545454,0.011591603979468346,False,6
2021-10-15,7,50,0.00012788606,-0.08159552154697011,0.45454545454545453,0.011591603979468346,False,6
2021-10-15,8,50,2.554626e-05,-0.24348512378719797,0.1318181818181818,0.011591603979468346,False,6
2021-10-15,9,50,0.00045215013,0.4313523421355939,0.6727272727272727,0.011591603979468346,False,6
2021-10-15,10,50,1.0134997e-05,-0.26786394124486285,0.00909090909090909,0.011591603979468346,False,6
2021-10-15,11,50,6.357576e-05,-0.18332689772428626,0.32272727272727275,0.011591603979468346,False,6
2021-10-15,12,50,1.7013372e-05,-0.2569831561511059,0.07272727272727272,0.011591603979468346,False,6
2021-10-15,13,50,0.0011670648,1.5622637658022809,0.8090909090909091,0.011591603979468346,False,6
2021-10-15,14,50,7.0104295e-05,-0.1729995184191476,0.34545454545454546,0.011591603979468346,False,6
2021-10-15,15,50,0.0006237669,0.7028300503862221,0.7318181818181818,0.011591603979468346,False,6
2021-10-15,16,50,0.00033088977,0.2395326330698189,0.6181818181818182,0.011591603979468346,False,6
2021-10-15,17,50,1.2813244e-05,-0.26362726703794226,0.022727272727272728,0.011591603979468346,False,6
2021-10-15,18,50,1.6307355e-05,-0.2580999926898924,0.05909090909090909,0.011591603979468346,False,6
2021-10-15,19,50,2.3941884e-05,-0.24602305905169936,0.12727272727272726,0.011591603979468346,False,6
2021-10-15,20,50,2.063139e-05,-0.25125987279952416,0.10909090909090909,0.011591603979468346,False,6
2021-10-15,21,50,0.0006942635,0.8143474003964032,0.7545454545454545,0.011591603979468346,False,6
2021-10-15,22,50,7.928987e-05,-0.1584690099707364,0.36363636363636365,0.011591603979468346,False,6
2021-10-06,1,60,3.84476e-05,-0.12157169200174411,0.2318181818181818,0.019592026248574257,False,6
2021-10-06,2,60,0.00025906708,0.14526934204364117,0.5954545454545455,0.019592026248574257,False,6
2021-10-06,3,60,0.0004711151,0.4017431481141805,0.6863636363636364,0.019592026248574257,False,6
2021-10-06,4,60,3.1257932e-05,-0.13026765383246292,0.19090909090909092,0.019592026248574257,False,6
2021-10-06,5,60,0.0003961968,0.31112883223651455,0.6545454545454545,0.019592026248574257,False,6
2021-10-06,6,60,0.009956771,11.874719831615202,0.9363636363636364,0.019592026248574257,False,6
2021-10-06,7,60,0.0011607795,1.2358977824498922,0.7727272727272727,0.019592026248574257,False,6
2021-10-06,8,60,0.00011437372,-0.029738442507681654,0.45,0.019592026248574257,False,6
2021-10-06,9,60,5.4381184e-05,-0.10229989478942268,0.2909090909090909,0.019592026248574257,False,6
2021-10-06,10,60,0.00048313013,0.41627541355805664,0.6954545454545454,0.019592026248574257,False,6
2021-10-06,11,60,3.1735053e-05,-0.1296905722362229,0.19090909090909092,0.019592026248574257,False,6
2021-10-06,12,60,0.00070670154,0.6866868292185472,0.7363636363636363,0.019592026248574257,False,6
2021-10-06,13,60,8.734242e-06,-0.1575102382371476,0.013636363636363636,0.019592026248574257,False,6
2021-10-06,14,60,0.00015054889,0.014015721313141846,0.5181818181818182,0.019592026248574257,False,6
2021-10-06,15,60,0.0009850834,1.023391935401077,0.75,0.019592026248574257,False,6
2021-10-06,16,60,2.0884796e-05,-0.14281404575859724,0.12727272727272726,0.019592026248574257,False,6
2021-10-06,17,60,1.4954972e-05,-0.14998621516412733,0.08181818181818182,0.019592026248574257,False,6
2021-10-06,18,60,1.794208e-05,-0.14637328395668017,0.11818181818181818,0.019592026248574257,False,6
2021-10-06,19,60,0.00010994374,-0.03509653182452978,0.45,0.019592026248574257,False,6
2021-10-06,20,60,1.9170993e-05,-0.1448869039315832,0.11818181818181818,0.019592026248574257,False,6
2021-10-06,21,60,0.0019072717,2.1387860866194766,0.8590909090909091,0.019592026248574257,False,6
2021-10-06,22,60,0.016815294,20.170158644680992,0.9636363636363636,0.019592026248574257,False,6
2021-10-13,1,60,0.00032024024,0.21925877976516692,0.6318181818181818,0.019592026248574257,False,6
2021-10-13,2,60,0.00012314561,-0.01912876545961555,0.4590909090909091,0.019592026248574257,False,6
2021-10-13,3,60,0.0002988267,0.1933589177094492,0.6181818181818182,0.019592026248574257,False,6
2021-10-13,4,60,0.00013216618,-0.008218310755487065,0.4863636363636364,0.019592026248574257,False,6
2021-10-13,5,60,0.0007545534,0.744564060769759,0.740909090909091,0.019592026248574257,False,6
2021-10-13,6,60,0.00014922672,0.012416543066774496,0.5181818181818182,0.019592026248574257,False,6
2021-10-13,7,60,0.00020903848,0.08475935116615056,0.5636363636363636,0.019592026248574257,False,6
2021-10-13,8,60,1.0010017e-05,-0.15596717859091785,0.02727272727272727,0.019592026248574257,False,6
2021-10-13,9,60,0.0006514048,0.6198049598849747,0.7272727272727273,0.019592026248574257,False,6
2021-10-13,10,60,0.00024561665,0.12900094762826328,0.5909090909090909,0.019592026248574257,False,6
2021-10-13,11,60,6.234421e-05,-0.09266855035369359,0.31363636363636366,0.019592026248574257,False,6
2021-10-13,12,60,4.108659e-05,-0.11837981255140108,0.2409090909090909,0.019592026248574257,False,6
2021-10-13,13,60,7.287595e-05,-0.07993032884868256,0.35454545454545455,0.019592026248574257,False,6
2021-10-13,14,60,0.00013837926,-0.0007035511291346158,0.4954545454545455,0.019592026248574257,False,6
2021-10-13,15,60,1.5325275e-05,-0.14953833120287627,0.08181818181818182,0.019592026248574257,False,6
2021-10-13,16,60,0.00012947209,-0.011476843900224647,0.4772727272727273,0.019592026248574257,False,6
2021-10-13,17,60,0.0002554554,0.14090099936627948,0.5954545454545455,0.019592026248574257,False,6
2021-10-13,18,60,0.0044348305,5.195888845187431,0.9136363636363637,0.019592026248574257,False,6
2021-10-13,19,60,4.836644e-05,-0.10957477503872123,0.2772727272727273,0.019592026248574257,False,6
2021-10-13,20,60,1.2481813e-05,-0.15297752080835672,0.045454545454545456,0.019592026248574257,False,6
2021-10-13,21,60,1.9039502e-05,-0.14504594348335217,0.11818181818181818,0.019592026248574257,False,6
2021-10-13,22,60,5.5225188e-05,-0.10127906538671978,0.2909090909090909,0.019592026248574257,False,6
2021-10-14,1,60,0.0002486389,0.132656393226735,0.5909090909090909,0.019592026248574257,False,6
2021-10-14,2,60,0.00010794792,-0.03751049736284491,0.4409090909090909,0.019592026248574257,False,6
2021-10-14,3,60,1.5831554e-05,-0.14892598228682033,0.09090909090909091,0.019592026248574257,False,6
2021-10-14,4,60,7.941579e-05,-0.07202033763149925,0.35909090909090907,0.019592026248574257,False,6
2021-10-14,5,60,0.0011128973,1.177983871126006,0.7636363636363637,0.019592026248574257,False,6
2021-10-14,6,60,0.002561659,2.9302729225896367,0.8909090909090909,0.019592026248574257,False,6
2021-10-14,7,60,1.2083299e-05,-0.15345952694656884,0.03636363636363636,0.019592026248574257,False,6
2021-10-14,8,60,6.931788e-05,-0.08423383949982237,0.35454545454545455,0.019592026248574257,False,6
2021-10-14,9,60,0.0016089902,1.7780122909095653,0.8363636363636363,0.019592026248574257,False,6
2021-10-14,10,60,5.2689993e-05,-0.1043454037389132,0.2863636363636364,0.019592026248574257,False,6
2021-10-14,11,60,1.1266954e-05,-0.15444690299734026,0.031818181818181815,0.019592026248574257,False,6
2021-10-14,12,60,7.639106e-05,-0.07567877534194538,0.35454545454545455,0.019592026248574257,False,6
2021-10-14,13,60,7.471395e-05,-0.07770725125400513,0.35454545454545455,0.019592026248574257,False,6
2021-10-14,14,60,0.00030082997,0.1957818947850049,0.6181818181818182,0.019592026248574257,False,6
2021-10-14,15,60,0.00082416245,0.8287567411292747,0.75,0.019592026248574257,False,6
2021-10-14,16,60,0.0022638494,2.570069669831268,0.8772727272727273,0.019592026248574257,False,6
2021-10-14,17,60,0.002662999,3.0528444728092747,0.8909090909090909,0.019592026248574257,False,6
2021-10-14,18,60,1.2888664e-05,-0.15248543169280732,0.05454545454545454,0.019592026248574257,False,6
2021-10-14,19,60,0.000108905944,-0.03635175799910995,0.4409090909090909,0.019592026248574257,False,6
2021-10-14,20,60,2.1807216e-05,-0.14169837080647035,0.1318181818181818,0.019592026248574257,False,6
2021-10-14,21,60,0.02547506,30.644216563045283,0.9772727272727273,0.019592026248574257,True,6
2021-10-14,22,60,2.6302476e-05,-0.1362613183345683,0.1590909090909091,0.019592026248574257,False,6
2021-10-15,1,60,0.00067847816,0.6525504221249573,0.7363636363636363,0.019592026248574257,False,6
2021-10-15,2,60,9.3043245e-06,-0.15682071923314,0.022727272727272728,0.019592026248574257,False,6
2021-10-15,3,60,0.021549223,25.895884394860886,0.9772727272727273,0.019592026248574257,True,6
2021-10-15,4,60,0.00044245672,0.36708058693022083,0.6636363636363637,0.019592026248574257,False,6
2021-10-15,5,60,5.6644454e-05,-0.09956245114552172,0.29545454545454547,0.019592026248574257,False,6
2021-10-15,6,60,0.00030185445,0.19702101635689934,0.6227272727272727,0.019592026248574257,False,6
2021-10-15,7,60,5.826915e-05,-0.09759736840583733,0.30454545454545456,0.019592026248574257,False,6
2021-10-15,8,60,0.00029803716,0.19240397637248857,0.6181818181818182,0.019592026248574257,False,6
2021-10-15,9,60,0.037291426,44.93620598142368,0.9863636363636363,0.019592026248574257,True,6
2021-10-15,10,60,1.3423559e-05,-0.15183847218151214,0.06363636363636363,0.019592026248574257,False,6
2021-10-15,11,60,0.00019602914,0.06902445031580906,0.5454545454545454,0.019592026248574257,False,6
2021-10-15,12,60,2.1185735e-05,-0.14245005753699322,0.12727272727272726,0.019592026248574257,False,6
2021-10-15,13,60,0.00044966314,0.3757968203195662,0.6636363636363637,0.019592026248574257,False,6
2021-10-15,14,60,1.5902462e-05,-0.1488402186772716,0.1,0.019592026248574257,False,6
2021-10-15,15,60,0.00063114875,0.5953051246227398,0.7227272727272728,0.019592026248574257,False,6
2021-10-15,16,60,0.00013303736,-0.0071646121227123905,0.4863636363636364,0.019592026248574257,False,6
2021-10-15,17,60,8.7063774e-05,-0.06277003865571062,0.38181818181818183,0.019592026248574257,False,6
2021-10-15,18,60,1.1409084e-05,-0.15427499516399903,0.03636363636363636,0.019592026248574257,False,6
2021-10-15,19,60,0.00010217886,-0.04448821689143837,0.43636363636363634,0.019592026248574257,False,6
2021-10-15,20,60,1.7918295e-05,-0.14640205223328115,0.11818181818181818,0.019592026248574257,False,6
2021-10-15,21,60,0.0004995517,0.4361374400586468,0.7045454545454546,0.019592026248574257,False,6
2021-10-15,22,60,0.00061820383,0.5796481418883436,0.7181818181818181,0.019592026248574257,False,6
2021-10-06,1,65,3.915294e-05,-0.18444426489167004,0.2590909090909091,0.02187138795852661,False,6
2021-10-06,2,65,0.00022346622,0.13502189554652133,0.5772727272727273,0.02187138795852661,False,6
2021-10-06,3,65,0.00042362523,0.4819530915302899,0.7,0.02187138795852661,False,6
2021-10-06,4,65,2.1533951e-05,-0.21498286874998804,0.16363636363636364,0.02187138795852661,False,6
2021-10-06,5,65,4.5808265e-05,-0.17290873531893006,0.29545454545454547,0.02187138795852661,False,6
2021-10-06,6,65,0.009732258,16.616400670423893,0.9409090909090909,0.02187138795852661,False,6
2021-10-06,7,65,0.0057234317,9.66799102050112,0.9227272727272727,0.02187138795852661,False,6
2021-10-06,8,65,9.0375135e-05,-0.0956619600430129,0.41818181818181815,0.02187138795852661,False,6
2021-10-06,9,65,7.424279e-05,-0.1236238034547546,0.38636363636363635,0.02187138795852661,False,6
2021-10-06,10,65,0.00013985488,-0.00989981168003724,0.4954545454545455,0.02187138795852661,False,6
2021-10-06,11,65,8.0585734e-05,-0.11262971298741238,0.39545454545454545,0.02187138795852661,False,6
2021-10-06,12,65,4.9870803e-05,-0.1658672272496605,0.31363636363636366,0.02187138795852661,False,6
2021-10-06,13,65,7.344222e-05,-0.1250114074732907,0.38636363636363635,0.02187138795852661,False,6
2021-10-06,14,65,0.0006526482,0.8789135988345055,0.7636363636363637,0.02187138795852661,False,6
2021-10-06,15,65,0.0006742843,0.9164149376968032,0.7636363636363637,0.02187138795852661,False,6
2021-10-06,16,65,1.8310106e-05,-0.2205706898129898,0.12272727272727273,0.02187138795852661,False,6
2021-10-06,17,65,1.8906407e-05,-0.2195371342291062,0.12272727272727273,0.02187138795852661,False,6
2021-10-06,18,65,1.8599914e-05,-0.2200683708274286,0.12272727272727273,0.02187138795852661,False,6
2021-10-06,19,65,5.4421074e-05,-0.15798034247082762,0.33181818181818185,0.02187138795852661,False,6
2021-10-06,20,65,1.2054755e-05,-0.2314129517784856,0.05909090909090909,0.02187138795852661,False,6
2021-10-06,21,65,0.00021806732,0.1256640904784559,0.5772727272727273,0.02187138795852661,False,6
2021-10-06,22,65,0.0039412584,6.578989278200763,0.9090909090909091,0.02187138795852661,False,6
2021-10-13,1,65,8.212394e-05,-0.10996357971386901,0.4,0.02187138795852661,False,6
2021-10-13,2,65,9.8588556e-05,-0.08142581801954284,0.4409090909090909,0.02187138795852661,False,6
2021-10-13,3,65,0.0001176114,-0.048453938293449565,0.4727272727272727,0.02187138795852661,False,6
2021-10-13,4,65,0.0002436395,0.1699877915936465,0.6090909090909091,0.02187138795852661,False,6
2021-10-13,5,65,0.00042332365,0.4814303801418352,0.7,0.02187138795852661,False,6
2021-10-13,6,65,9.1612994e-05,-0.09351640685545734,0.41818181818181815,0.02187138795852661,False,6
2021-10-13,7,65,0.00019978361,0.0939733379263532,0.5681818181818182,0.02187138795852661,False,6
2021-10-13,8,65,9.588034e-06,-0.23568846433406804,0.02727272727272727,0.02187138795852661,False,6
2021-10-13,9,65,0.0025004798,4.081719427004061,0.8772727272727273,0.02187138795852661,False,6
2021-10-13,10,65,0.00024112056,0.16562177435076322,0.6045454545454545,0.02187138795852661,False,6
2021-10-13,11,65,4.435689e-05,-0.17542437215466883,0.2863636363636364,0.02187138795852661,False,6
2021-10-13,12,65,3.2510165e-05,-0.19595804004573883,0.21363636363636362,0.02187138795852661,False,6
2021-10-13,13,65,6.84444e-05,-0.13367401698816742,0.36818181818181817,0.02187138795852661,False,6
2021-10-13,14,65,0.000359642,0.37105236929383667,0.6818181818181818,0.02187138795852661,False,6
2021-10-13,15,65,6.602765e-05,-0.13786292173492404,0.36363636363636365,0.02187138795852661,False,6
2021-10-13,16,65,0.00033135002,0.32201450456948016,0.6636363636363637,0.02187138795852661,False,6
2021-10-13,17,65,0.00012927866,-0.028231333366863513,0.4863636363636364,0.02187138795852661,False,6
2021-10-13,18,65,0.006641597,11.259426753569894,0.9318181818181818,0.02187138795852661,False,6
2021-10-13,19,65,3.9375693e-05,-0.18405817125247054,0.2590909090909091,0.02187138795852661,False,6
2021-10-13,20,65,5.1496154e-05,-0.16305004264299572,0.32272727272727275,0.02187138795852661,False,6
2021-10-13,21,65,1.777389e-05,-0.22150010163491,0.11363636363636363,0.02187138795852661,False,6
2021-10-13,22,65,4.133386e-05,-0.18066412251893121,0.2681818181818182,0.02187138795852661,False,6
2021-10-14,1,65,6.0149374e-05,-0.14805160687240057,0.34545454545454546,0.02187138795852661,False,6
2021-10-14,2,65,9.417903e-05,-0.08906875694471392,0.42727272727272725,0.02187138795852661,False,6
2021-10-14,3,65,4.9806786e-05,-0.16597818739614087,0.31363636363636366,0.02187138795852661,False,6
2021-10-14,4,65,1.8994255e-05,-0.21938486906247923,0.12727272727272726,0.02187138795852661,False,6
2021-10-14,5,65,0.00038658918,0.4177593205723017,0.6909090909090909,0.02187138795852661,False,6
2021-10-14,6,65,0.0020044614,3.221981572635911,0.8545454545454545,0.02187138795852661,False,6
2021-10-14,7,65,4.860027e-06,-0.24388341532739252,0.004545454545454545,0.02187138795852661,False,6
2021-10-14,8,65,4.2091222e-05,-0.17935140414565287,0.2727272727272727,0.02187138795852661,False,6
2021-10-14,9,65,0.0015853975,2.495627436726426,0.8454545454545455,0.02187138795852661,False,6
2021-10-14,10,65,5.612146e-05,-0.1550331042742806,0.33636363636363636,0.02187138795852661,False,6
2021-10-14,11,65,1.0422235e-05,-0.23424256162630738,0.02727272727272727,0.02187138795852661,False,6
2021-10-14,12,65,5.3391595e-05,-0.15976471555778365,0.33181818181818185,0.02187138795852661,False,6
2021-10-14,13,65,0.00022152788,0.13166220618322533,0.5772727272727273,0.02187138795852661,False,6
2021-10-14,14,65,0.00010689837,-0.06702260206067785,0.44545454545454544,0.02187138795852661,False,6
2021-10-14,15,65,0.00794835,13.524393211527348,0.9318181818181818,0.02187138795852661,False,6
2021-10-14,16,65,0.0075366767,12.810848682671818,0.9318181818181818,0.02187138795852661,False,6
2021-10-14,17,65,0.007247563,12.30973422350838,0.9318181818181818,0.02187138795852661,False,6
2021-10-14,18,65,9.368896e-06,-0.23606829175484595,0.02727272727272727,0.02187138795852661,False,6
2021-10-14,19,65,1.2102374e-05,-0.2313304142529213,0.05909090909090909,0.02187138795852661,False,6
2021-10-14,20,65,2.278967e-05,-0.21280635807881904,0.16363636363636364,0.02187138795852661,False,6
2021-10-14,21,65,0.023093378,39.774936943911044,0.9772727272727273,0.02187138795852661,True,6
2021-10-14,22,65,6.666545e-05,-0.13675743153996764,0.36363636363636365,0.02187138795852661,False,6
2021-10-15,1,65,0.00010922179,-0.06299546191003465,0.44545454545454544,0.02187138795852661,False,6
2021-10-15,2,65,1.8811266e-05,-0.2197020390282626,0.12272727272727273,0.02187138795852661,False,6
2021-10-15,3,65,0.0030535564,5.040354962120237,0.8954545454545455,0.02187138795852661,False,6
2021-10-15,4,65,0.00034594542,0.34731238384391705,0.6727272727272727,0.02187138795852661,False,6
2021-10-15,5,65,4.0873565e-05,-0.18146194217759068,0.2681818181818182,0.02187138795852661,False,6
2021-10-15,6,65,2.3775967e-05,-0.21109683280334918,0.16363636363636364,0.02187138795852661,False,6
2021-10-15,7,65,5.7009216e-05,-0.15349437325507986,0.33636363636363636,0.02187138795852661,False,6
2021-10-15,8,65,0.0004461788,0.5210447099255962,0.7136363636363636,0.02187138795852661,False,6
2021-10-15,9,65,0.046264466,79.9368733431813,0.9954545454545455,0.02187138795852661,True,6
2021-10-15,10,65,3.9421793e-05,-0.18397826632684688,0.2590909090909091,0.02187138795852661,False,6
2021-10-15,11,65,6.7245586e-05,-0.135751898169584,0.36363636363636365,0.02187138795852661,False,6
2021-10-15,12,65,2.6711676e-05,-0.20600843328956675,0.17272727272727273,0.02187138795852661,False,6
2021-10-15,13,65,0.0014443308,2.2511195749987407,0.8409090909090909,0.02187138795852661,False,6
2021-10-15,14,65,1.2943303e-05,-0.22987285086147144,0.06818181818181818,0.02187138795852661,False,6
2021-10-15,15,65,0.0004553719,0.5369788820635977,0.7136363636363636,0.02187138795852661,False,6
2021-10-15,16,65,2.137773e-05,-0.21525364505334432,0.1590909090909091,0.02187138795852661,False,6
2021-10-15,17,65,0.00012152242,-0.04167505965538463,0.4772727272727273,0.02187138795852661,False,6
2021-10-15,18,65,1.269048e-05,-0.23031106367386714,0.05909090909090909,0.02187138795852661,False,6
2021-10-15,19,65,0.000121115205,-0.04238087388713636,0.4772727272727273,0.02187138795852661,False,6
2021-10-15,20,65,2.9318806e-05,-0.20148955184533945,0.19545454545454546,0.02187138795852661,False,6
2021-10-15,21,65,0.00020810698,0.1084000612686403,0.5727272727272728,0.02187138795852661,False,6
2021-10-15,22,65,7.07041e-05,-0.12975732622808797,0.37727272727272726,0.02187138795852661,False,6
2021-10-06,1,70,4.252754e-05,-0.17650724234920762,0.2909090909090909,0.03142951428890228,False,6
2021-10-06,2,70,0.00023770123,0.18627568264169206,0.6045454545454545,0.03142951428890228,False,6
2021-10-06,3,70,0.00043736483,0.5574043155579492,0.7045454545454546,0.03142951428890228,False,6
2021-10-06,4,70,3.173181e-05,-0.19657401290841758,0.22272727272727272,0.03142951428890228,False,6
2021-10-06,5,70,3.8586702e-05,-0.18383235030733328,0.2545454545454545,0.03142951428890228,False,6
2021-10-06,6,70,0.011439527,21.007889951560788,0.9318181818181818,0.03142951428890228,False,6
2021-10-06,7,70,0.0037321139,6.681583771692339,0.9045454545454545,0.03142951428890228,False,6
2021-10-06,8,70,0.00013901407,0.0028389865806400325,0.5045454545454545,0.03142951428890228,False,6
2021-10-06,9,70,5.789511e-05,-0.14794246639523745,0.34545454545454546,0.03142951428890228,False,6
2021-10-06,10,70,6.177713e-05,-0.14072668911313083,0.35454545454545455,0.03142951428890228,False,6
2021-10-06,11,70,0.000107552645,-0.055640550328481274,0.44545454545454544,0.03142951428890228,False,6
2021-10-06,12,70,3.1289546e-05,-0.19739608248739837,0.22272727272727272,0.03142951428890228,False,6
2021-10-06,13,70,6.249558e-05,-0.13939125629000484,0.36363636363636365,0.03142951428890228,False,6
2021-10-06,14,70,0.0015751416,2.672269160547533,0.8454545454545455,0.03142951428890228,False,6
2021-10-06,15,70,0.00072526484,1.0925441097513366,0.7681818181818182,0.03142951428890228,False,6
2021-10-06,16,70,1.8521077e-05,-0.22112972466771957,0.11818181818181818,0.03142951428890228,False,6
2021-10-06,17,70,2.4816944e-05,-0.20942715993492175,0.15454545454545454,0.03142951428890228,False,6
2021-10-06,18,70,1.939588e-05,-0.21950366753769432,0.12272727272727273,0.03142951428890228,False,6
2021-10-06,19,70,2.6175037e-05,-0.206902776296582,0.17272727272727273,0.03142951428890228,False,6
2021-10-06,20,70,1.1434236e-05,-0.2343025310450466,0.05,0.03142951428890228,False,6
2021-10-06,21,70,0.00012839277,-0.016903558476152446,0.4818181818181818,0.03142951428890228,False,6
2021-10-06,22,70,0.00076871883,1.173315081439824,0.7681818181818182,0.03142951428890228,False,6
2021-10-13,1,70,0.00011228527,-0.046843691072596484,0.45454545454545453,0.03142951428890228,False,6
2021-10-13,2,70,0.00010791077,-0.054974882852768955,0.44545454545454544,0.03142951428890228,False,6
2021-10-13,3,70,0.000105812396,-0.05887527230137685,0.44545454545454544,0.03142951428890228,False,6
2021-10-13,4,70,1.9969675e-05,-0.21843711528144166,0.12272727272727273,0.03142951428890228,False,6
2021-10-13,5,70,0.0006347392,0.9242777617773695,0.7636363636363637,0.03142951428890228,False,6
2021-10-13,6,70,0.00019493335,0.10678005518237312,0.5727272727272728,0.03142951428890228,False,6
2021-10-13,7,70,0.00020549969,0.12642043745754164,0.5818181818181818,0.03142951428890228,False,6
2021-10-13,8,70,1.3259165e-05,-0.23091040785907416,0.05909090909090909,0.03142951428890228,False,6
2021-10-13,9,70,0.00027450387,0.25468330778553766,0.6409090909090909,0.03142951428890228,False,6
2021-10-13,10,70,9.645533e-05,-0.07626789756454086,0.43636363636363634,0.03142951428890228,False,6
2021-10-13,11,70,1.9006195e-05,-0.2202280035528142,0.12272727272727273,0.03142951428890228,False,6
2021-10-13,12,70,2.8561486e-05,-0.20246691808800096,0.18181818181818182,0.03142951428890228,False,6
2021-10-13,13,70,3.4751407e-05,-0.1909612811104621,0.22727272727272727,0.03142951428890228,False,6
2021-10-13,14,70,0.00031728548,0.33420446917809804,0.6545454545454545,0.03142951428890228,False,6
2021-10-13,15,70,9.336937e-06,-0.23820092565512002,0.02727272727272727,0.03142951428890228,False,6
2021-10-13,16,70,0.00031259825,0.3254919882111399,0.6545454545454545,0.03142951428890228,False,6
2021-10-13,17,70,7.67495e-05,-0.11289650061569846,0.39090909090909093,0.03142951428890228,False,6
2021-10-13,18,70,0.0040838667,7.335411292394148,0.9045454545454545,0.03142951428890228,False,6
2021-10-13,19,70,1.5481113e-05,-0.2267803178248432,0.08181818181818182,0.03142951428890228,False,6
2021-10-13,20,70,2.281731e-05,-0.2131440174761921,0.1318181818181818,0.03142951428890228,False,6
2021-10-13,21,70,1.6940225e-05,-0.22406816578309183,0.09545454545454546,0.03142951428890228,False,6
2021-10-13,22,70,2.2113707e-05,-0.21445185390589688,0.12727272727272726,0.03142951428890228,False,6
2021-10-14,1,70,6.495039e-05,-0.13482832348569457,0.37272727272727274,0.03142951428890228,False,6
2021-10-14,2,70,0.00044750457,0.5762517664210696,0.7090909090909091,0.03142951428890228,False,6
2021-10-14,3,70,4.178268e-05,-0.17789176172461107,0.2818181818181818,0.03142951428890228,False,6
2021-10-14,4,70,1.9014191e-05,-0.22021314031519112,0.12272727272727273,0.03142951428890228,False,6
2021-10-14,5,70,0.00048126906,0.6390121727278889,0.7227272727272728,0.03142951428890228,False,6
2021-10-14,6,70,0.0010688691,1.7312253556717652,0.8090909090909091,0.03142951428890228,False,6
2021-10-14,7,70,4.1058593e-06,-0.24792429443051292,0.0,0.03142951428890228,False,6
2021-10-14,8,70,0.00012337446,-0.026231450512082827,0.4772727272727273,0.03142951428890228,False,6
2021-10-14,9,70,0.0003364899,0.36990107014161316,0.6681818181818182,0.03142951428890228,False,6
2021-10-14,10,70,5.440795e-05,-0.154424298626436,0.32272727272727275,0.03142951428890228,False,6
2021-10-14,11,70,1.2425352e-05,-0.23246027399086985,0.05909090909090909,0.03142951428890228,False,6
2021-10-14,12,70,6.528391e-05,-0.13420839529082051,0.37272727272727274,0.03142951428890228,False,6
2021-10-14,13,70,4.240823e-05,-0.17672901429692664,0.2909090909090909,0.03142951428890228,False,6
2021-10-14,14,70,0.00011880893,-0.03471771002706536,0.4681818181818182,0.03142951428890228,False,6
2021-10-14,15,70,0.004154849,7.467350751573676,0.9045454545454545,0.03142951428890228,False,6
2021-10-14,16,70,0.009359126,17.140902999028757,0.9272727272727272,0.03142951428890228,False,6
2021-10-14,17,70,0.037484404,69.41931508023616,0.9727272727272728,0.03142951428890228,True,6
2021-10-14,18,70,7.5702787e-06,-0.2414847367161048,0.013636363636363636,0.03142951428890228,False,6
2021-10-14,19,70,1.0149205e-05,-0.23669110675217478,0.04090909090909091,0.03142951428890228,False,6
2021-10-14,20,70,2.287952e-05,-0.21302838446283695,0.1318181818181818,0.03142951428890228,False,6
2021-10-14,21,70,0.024370719,45.04399574462396,0.9636363636363636,0.03142951428890228,False,6
2021-10-14,22,70,9.726112e-06,-0.23747753972411573,0.03636363636363636,0.03142951428890228,False,6
2021-10-15,1,70,0.002289552,4.000193600770313,0.8772727272727273,0.03142951428890228,False,6
2021-10-15,2,70,2.190986e-05,-0.21483075827065298,0.12727272727272726,0.03142951428890228,False,6
2021-10-15,3,70,0.0040768464,7.322362154172171,0.9045454545454545,0.03142951428890228,False,6
2021-10-15,4,70,0.00027973478,0.2644063807162326,0.6454545454545455,0.03142951428890228,False,6
2021-10-15,5,70,2.5532232e-05,-0.20809760343276684,0.16363636363636364,0.03142951428890228,False,6
2021-10-15,6,70,2.3218743e-05,-0.21239784643182522,0.13636363636363635,0.03142951428890228,False,6
2021-10-15,7,70,6.807825e-05,-0.12901436319584306,0.37727272727272726,0.03142951428890228,False,6
2021-10-15,8,70,0.0023622809,4.135379764478273,0.8818181818181818,0.03142951428890228,False,6
2021-10-15,9,70,0.018549293,34.22330687791993,0.9545454545454546,0.03142951428890228,False,6
2021-10-15,10,70,4.2066986e-05,-0.17736330532924902,0.2863636363636364,0.03142951428890228,False,6
2021-10-15,11,70,2.4884012e-05,-0.2093024960508452,0.15454545454545454,0.03142951428890228,False,6
2021-10-15,12,70,1.5260463e-05,-0.22719045662753423,0.07727272727272727,0.03142951428890228,False,6
2021-10-15,13,70,0.00038906478,0.4676256538480574,0.6909090909090909,0.03142951428890228,False,6
2021-10-15,14,70,1.2017267e-05,-0.2332188096530683,0.05454545454545454,0.03142951428890228,False,6
2021-10-15,15,70,0.00043700828,0.5567415693373112,0.7045454545454546,0.03142951428890228,False,6
2021-10-15,16,70,1.4694548e-05,-0.22824236203542855,0.07272727272727272,0.03142951428890228,False,6
2021-10-15,17,70,4.793239e-05,-0.16646087033263487,0.29545454545454547,0.03142951428890228,False,6
2021-10-15,18,70,1.1312043e-05,-0.2345296586270684,0.05,0.03142951428890228,False,6
2021-10-15,19,70,0.0009735239,1.5540004921368098,0.7954545454545454,0.03142951428890228,False,6
2021-10-15,20,70,9.987656e-06,-0.236991389120555,0.04090909090909091,0.03142951428890228,False,6
2021-10-15,21,70,9.162496e-05,-0.08524644265684822,0.42727272727272725,0.03142951428890228,False,6
2021-10-15,22,70,6.149002e-05,-0.14126035913734067,0.35454545454545455,0.03142951428890228,False,6
2021-10-06,1,75,3.5040594e-05,-0.08854190520103657,0.2863636363636364,0.016288749873638153,False,6
2021-10-06,2,75,0.00020915712,0.20563115202973023,0.6545454545454545,0.016288749873638153,False,6
2021-10-06,3,75,0.00015057287,0.106651991200541,0.5727272727272728,0.016288749873638153,False,6
2021-10-06,4,75,3.1472755e-05,-0.0945698336738249,0.2590909090909091,0.016288749873638153,False,6
2021-10-06,5,75,2.3040388e-05,-0.10881647248114462,0.2,0.016288749873638153,False,6
2021-10-06,6,75,0.053291272,89.88883489607204,0.990909090909091,0.016288749873638153,True,6
2021-10-06,7,75,0.0015229646,2.425332835306414,0.8454545454545455,0.016288749873638153,False,6
2021-10-06,8,75,0.00076892175,1.1513637120995484,0.7818181818181819,0.016288749873638153,False,6
2021-10-06,9,75,3.5315814e-05,-0.08807691535192226,0.2863636363636364,0.016288749873638153,False,6
2021-10-06,10,75,3.901931e-05,-0.08181979258838652,0.32272727272727275,0.016288749873638153,False,6
2021-10-06,11,75,1.1757186e-05,-0.1278796472253696,0.05909090909090909,0.016288749873638153,False,6
2021-10-06,12,75,0.0007983834,1.201139679351631,0.7863636363636364,0.016288749873638153,False,6
2021-10-06,13,75,5.8111385e-05,-0.04956338061972224,0.40454545454545454,0.016288749873638153,False,6
2021-10-06,14,75,0.00039648733,0.5221289649242029,0.7181818181818181,0.016288749873638153,False,6
2021-10-06,15,75,0.0002323122,0.24475208328653403,0.6636363636363637,0.016288749873638153,False,6
2021-10-06,16,75,8.349437e-05,-0.006678362311983901,0.4909090909090909,0.016288749873638153,False,6
2021-10-06,17,75,2.1117497e-05,-0.11206523040754258,0.16818181818181818,0.016288749873638153,False,6
2021-10-06,18,75,9.766451e-06,-0.1312430314926917,0.04090909090909091,0.016288749873638153,False,6
2021-10-06,19,75,2.6559548e-05,-0.10287078633739022,0.21818181818181817,0.016288749873638153,False,6
2021-10-06,20,75,1.7029166e-05,-0.11897254115300687,0.1409090909090909,0.016288749873638153,False,6
2021-10-06,21,75,1.5657533e-05,-0.12128993950726506,0.10909090909090909,0.016288749873638153,False,6
2021-10-06,22,75,0.00024749845,0.2704095264011667,0.6681818181818182,0.016288749873638153,False,6
2021-10-13,1,75,2.3326029e-05,-0.10833387617849587,0.2,0.016288749873638153,False,6
2021-10-13,2,75,3.6355148e-05,-0.086320941286551,0.30454545454545456,0.016288749873638153,False,6
2021-10-13,3,75,0.00019427446,0.18048661634555396,0.6363636363636364,0.016288749873638153,False,6
2021-10-13,4,75,2.3404396e-05,-0.10820147282055827,0.2,0.016288749873638153,False,6
2021-10-13,5,75,0.00084736024,1.2838869746262809,0.8,0.016288749873638153,False,6
2021-10-13,6,75,0.00025084862,0.27606970157394706,0.6727272727272727,0.016288749873638153,False,6
2021-10-13,7,75,0.00022630962,0.23461061853633275,0.6636363636363637,0.016288749873638153,False,6
2021-10-13,8,75,9.54907e-06,-0.13161030076120528,0.04090909090909091,0.016288749873638153,False,6
2021-10-13,9,75,9.861845e-05,0.018874050578178002,0.5181818181818182,0.016288749873638153,False,6
2021-10-13,10,75,4.4604996e-05,-0.07238267202960655,0.34545454545454546,0.016288749873638153,False,6
2021-10-13,11,75,3.204238e-05,-0.09360744384137142,0.2636363636363636,0.016288749873638153,False,6
2021-10-13,12,75,3.277445e-05,-0.0923705973953122,0.2727272727272727,0.016288749873638153,False,6
2021-10-13,13,75,7.914001e-05,-0.014035137020150211,0.4863636363636364,0.016288749873638153,False,6
2021-10-13,14,75,0.00025109196,0.27648082409585734,0.6727272727272727,0.016288749873638153,False,6
2021-10-13,15,75,4.4021413e-06,-0.14030613015945861,0.0,0.016288749873638153,False,6
2021-10-13,16,75,0.00034271058,0.43127216603981594,0.7,0.016288749873638153,False,6
2021-10-13,17,75,5.8901507e-05,-0.0482284555634172,0.4090909090909091,0.016288749873638153,False,6
2021-10-13,18,75,0.0017243434,2.7655660529591395,0.8681818181818182,0.016288749873638153,False,6
2021-10-13,19,75,1.3199591e-05,-0.1254426777259043,0.08181818181818182,0.016288749873638153,False,6
2021-10-13,20,75,1.0351944e-05,-0.1302538293886618,0.04090909090909091,0.016288749873638153,False,6
2021-10-13,21,75,7.896346e-06,-0.13440260776869412,0.03636363636363636,0.016288749873638153,False,6
2021-10-13,22,75,0.00014047381,0.08958944769792232,0.5636363636363636,0.016288749873638153,False,6
2021-10-14,1,75,0.06281552,105.98022055852351,0.9954545454545455,0.016288749873638153,True,6
2021-10-14,2,75,0.000783823,1.1765396929281764,0.7863636363636364,0.016288749873638153,False,6
2021-10-14,3,75,1.0418667e-05,-0.13014109922190953,0.045454545454545456,0.016288749873638153,False,6
2021-10-14,4,75,4.0165793e-05,-0.079882787670877,0.32272727272727275,0.016288749873638153,False,6
2021-10-14,5,75,0.00042535184,0.5708960814667968,0.7272727272727273,0.016288749873638153,False,6
2021-10-14,6,75,0.0011174285,1.7401722963732094,0.8227272727272728,0.016288749873638153,False,6
2021-10-14,7,75,4.8052293e-06,-0.1396251055298141,0.0,0.016288749873638153,False,6
2021-10-14,8,75,0.00012957843,0.07118149947299189,0.5454545454545454,0.016288749873638153,False,6
2021-10-14,9,75,0.00040444508,0.5355737187426272,0.7272727272727273,0.016288749873638153,False,6
2021-10-14,10,75,7.589868e-05,-0.01951142325006315,0.4727272727272727,0.016288749873638153,False,6
2021-10-14,11,75,2.0462485e-05,-0.11317188621106737,0.15454545454545454,0.016288749873638153,False,6
2021-10-14,12,75,4.674094e-05,-0.06877395447856509,0.36363636363636365,0.016288749873638153,False,6
2021-10-14,13,75,4.046151e-05,-0.07938316882570298,0.32272727272727275,0.016288749873638153,False,6
2021-10-14,14,75,8.41689e-05,-0.005538727829304262,0.4954545454545455,0.016288749873638153,False,6
2021-10-14,15,75,0.006615509,11.029279404689326,0.95,0.016288749873638153,False,6
2021-10-14,16,75,0.009608454,16.085915110842315,0.9545454545454546,0.016288749873638153,False,6
2021-10-14,17,75,0.004273054,7.071659512074219,0.9227272727272727,0.016288749873638153,False,6
2021-10-14,18,75,6.7105157e-06,-0.1364060894179899,0.01818181818181818,0.016288749873638153,False,6
2021-10-14,19,75,7.643103e-06,-0.13483046548744887,0.031818181818181815,0.016288749873638153,False,6
2021-10-14,20,75,1.5138559e-05,-0.12216675564471652,0.10454545454545454,0.016288749873638153,False,6
2021-10-14,21,75,0.012456784,20.89822061863254,0.9590909090909091,0.016288749873638153,False,6
2021-10-14,22,75,7.1386935e-06,-0.13568267515399143,0.031818181818181815,0.016288749873638153,False,6
2021-10-15,1,75,0.00096902467,1.4894412532350456,0.8045454545454546,0.016288749873638153,False,6
2021-10-15,2,75,1.107526e-05,-0.12903177433042967,0.05,0.016288749873638153,False,6
2021-10-15,3,75,0.00062100356,0.9014532421757896,0.75,0.016288749873638153,False,6
2021-10-15,4,75,0.00013688198,0.08352097736180245,0.5590909090909091,0.016288749873638153,False,6
2021-10-15,5,75,2.5740994e-05,-0.10425374883045506,0.20909090909090908,0.016288749873638153,False,6
2021-10-15,6,75,3.0362691e-05,-0.09644530666383107,0.24545454545454545,0.016288749873638153,False,6
2021-10-15,7,75,5.9643025e-05,-0.04697564683429673,0.4090909090909091,0.016288749873638153,False,6
2021-10-15,8,75,0.0008330398,1.2596923576646883,0.7954545454545454,0.016288749873638153,False,6
2021-10-15,9,75,0.016585259,27.873354139834323,0.9681818181818181,0.016288749873638153,True,6
2021-10-15,10,75,3.00429e-05,-0.09698559952061767,0.2409090909090909,0.016288749873638153,False,6
2021-10-15,11,75,7.595588e-05,-0.019414776758397718,0.4727272727272727,0.016288749873638153,False,6
2021-10-15,12,75,1.6660204e-05,-0.11959590918031941,0.13636363636363635,0.016288749873638153,False,6
2021-10-15,13,75,0.00011045034,0.038864237830740236,0.5272727272727272,0.016288749873638153,False,6
2021-10-15,14,75,1.308354e-05,-0.1256387488963525,0.08181818181818182,0.016288749873638153,False,6
2021-10-15,15,75,0.0004666574,0.6406825683674241,0.7318181818181818,0.016288749873638153,False,6
2021-10-15,16,75,1.51681825e-05,-0.1221167067881909,0.10454545454545454,0.016288749873638153,False,6
2021-10-15,17,75,2.5190153e-05,-0.10518440463616797,0.20909090909090908,0.016288749873638153,False,6
2021-10-15,18,75,9.113251e-06,-0.13234662483663417,0.04090909090909091,0.016288749873638153,False,6
2021-10-15,19,75,0.0017760068,2.8528522667546,0.8681818181818182,0.016288749873638153,False,6
2021-10-15,20,75,6.4187993e-06,-0.13689894949323278,0.013636363636363636,0.016288749873638153,False,6
2021-10-15,21,75,1.4899582e-05,-0.12257051166826373,0.10454545454545454,0.016288749873638153,False,6
2021-10-15,22,75,2.9142464e-05,-0.09850690282461864,0.2318181818181818,0.016288749873638153,False,6
2021-10-06,1,80,0.00020682851,0.1608361765493774,0.6227272727272727,0.010065967217087746,False,6
2021-10-06,2,80,0.00025218673,0.23936572508652076,0.6590909090909091,0.010065967217087746,False,6
2021-10-06,3,80,0.00015499198,0.07109060808692248,0.5545454545454546,0.010065967217087746,False,6
2021-10-06,4,80,2.5547502e-05,-0.1530190929251484,0.18636363636363637,0.010065967217087746,False,6
2021-10-06,5,80,1.21456405e-05,-0.17622199228315388,0.06818181818181818,0.010065967217087746,False,6
2021-10-06,6,80,0.05862975,101.30955752274399,0.9954545454545455,0.010065967217087746,True,6
2021-10-06,7,80,0.0016821488,2.715086324318143,0.8454545454545455,0.010065967217087746,False,6
2021-10-06,8,80,0.00059404975,0.8312397015061096,0.7454545454545455,0.010065967217087746,False,6
2021-10-06,9,80,3.237836e-05,-0.14119269775279283,0.25,0.010065967217087746,False,6
2021-10-06,10,80,3.6000518e-05,-0.13492158778153568,0.29545454545454547,0.010065967217087746,False,6
2021-10-06,11,80,1.354224e-05,-0.1738040335214158,0.06818181818181818,0.010065967217087746,False,6
2021-10-06,12,80,0.00025166885,0.23846912070744777,0.6590909090909091,0.010065967217087746,False,6
2021-10-06,13,80,2.4706855e-05,-0.15447452246036028,0.18181818181818182,0.010065967217087746,False,6
2021-10-06,14,80,0.00048344754,0.6397519838805583,0.7181818181818181,0.010065967217087746,False,6
2021-10-06,15,80,0.00057121716,0.7917091934315283,0.7363636363636363,0.010065967217087746,False,6
2021-10-06,16,80,0.00012457932,0.01843659130574445,0.5318181818181819,0.010065967217087746,False,6
2021-10-06,17,80,2.1117497e-05,-0.16068884513616868,0.14545454545454545,0.010065967217087746,False,6
2021-10-06,18,80,1.070052e-05,-0.1787239573174128,0.05454545454545454,0.010065967217087746,False,6
2021-10-06,19,80,2.6545547e-05,-0.15129115869410792,0.19090909090909092,0.010065967217087746,False,6
2021-10-06,20,80,1.5668393e-05,-0.1701229841594639,0.08181818181818182,0.010065967217087746,False,6
2021-10-06,21,80,1.4652805e-05,-0.17188129134253163,0.07727272727272727,0.010065967217087746,False,6
2021-10-06,22,80,0.00020084478,0.1504764253953245,0.6136363636363636,0.010065967217087746,False,6
2021-10-13,1,80,1.3945632e-05,-0.17310563198284917,0.07272727272727272,0.010065967217087746,False,6
2021-10-13,2,80,3.606113e-05,-0.1348166484370956,0.29545454545454547,0.010065967217087746,False,6
2021-10-13,3,80,0.00021069332,0.16752740291301788,0.6227272727272727,0.010065967217087746,False,6
2021-10-13,4,80,2.9014489e-05,-0.14701663296639966,0.21363636363636362,0.010065967217087746,False,6
2021-10-13,5,80,0.0006632901,0.9511168256021516,0.759090909090909,0.010065967217087746,False,6
2021-10-13,6,80,0.00028502403,0.2962175675853885,0.6681818181818182,0.010065967217087746,False,6
2021-10-13,7,80,4.460342e-05,-0.12002721740244654,0.32727272727272727,0.010065967217087746,False,6
2021-10-13,8,80,8.876245e-06,-0.18188235854499088,0.02727272727272727,0.010065967217087746,False,6
2021-10-13,9,80,0.00018073902,0.11566694701562205,0.5863636363636363,0.010065967217087746,False,6
2021-10-13,10,80,0.00010957961,-0.007532699953332035,0.4954545454545455,0.010065967217087746,False,6
2021-10-13,11,80,1.788898e-05,-0.16627843827851702,0.11818181818181818,0.010065967217087746,False,6
2021-10-13,12,80,9.055138e-05,-0.04047663757611592,0.4590909090909091,0.010065967217087746,False,6
2021-10-13,13,80,3.137198e-05,-0.1429350650015264,0.25,0.010065967217087746,False,6
2021-10-13,14,80,0.00058214413,0.8106272737346752,0.7363636363636363,0.010065967217087746,False,6
2021-10-13,15,80,9.09867e-06,-0.18149727127235452,0.031818181818181815,0.010065967217087746,False,6
2021-10-13,16,80,0.0003747497,0.4515613557762087,0.7045454545454546,0.010065967217087746,False,6
2021-10-13,17,80,6.161987e-05,-0.09056631998004949,0.40454545454545454,0.010065967217087746,False,6
2021-10-13,18,80,0.0014191584,2.2597660917380775,0.8363636363636363,0.010065967217087746,False,6
2021-10-13,19,80,1.3587114e-05,-0.17372634149730748,0.06818181818181818,0.010065967217087746,False,6
2021-10-13,20,80,9.970122e-05,-0.02463535038272258,0.4772727272727273,0.010065967217087746,False,6
2021-10-13,21,80,1.0010828e-05,-0.1799180336548653,0.04090909090909091,0.010065967217087746,False,6
2021-10-13,22,80,9.3341274e-05,-0.03564644224184949,0.4590909090909091,0.010065967217087746,False,6
2021-10-14,1,80,0.030007979,51.756136747567645,0.9863636363636363,0.010065967217087746,True,6
2021-10-14,2,80,0.0006142331,0.8661834891458109,0.75,0.010065967217087746,False,6
2021-10-14,3,80,9.372846e-06,-0.18102258465728177,0.031818181818181815,0.010065967217087746,False,6
2021-10-14,4,80,2.0067744e-05,-0.16250630312761966,0.14545454545454545,0.010065967217087746,False,6
2021-10-14,5,80,0.00014677265,0.056860326581273414,0.5545454545454546,0.010065967217087746,False,6
2021-10-14,6,80,0.0008679495,1.3054475800268985,0.8090909090909091,0.010065967217087746,False,6
2021-10-14,7,80,6.682703e-06,-0.18568008057358884,0.00909090909090909,0.010065967217087746,False,6
2021-10-14,8,80,0.00014293361,0.0502137188069141,0.55,0.010065967217087746,False,6
2021-10-14,9,80,0.0005989005,0.839637872342352,0.7454545454545455,0.010065967217087746,False,6
2021-10-14,10,80,5.7137608e-05,-0.09832654072680384,0.38181818181818183,0.010065967217087746,False,6
2021-10-14,11,80,1.4870453e-05,-0.17150447242860206,0.07727272727272727,0.010065967217087746,False,6
2021-10-14,12,80,1.7296145e-05,-0.1673048264437889,0.10909090909090909,0.010065967217087746,False,6
2021-10-14,13,80,4.413234e-05,-0.1208428104467744,0.32727272727272727,0.010065967217087746,False,6
2021-10-14,14,80,5.1129744e-05,-0.10872806984566505,0.34545454545454546,0.010065967217087746,False,6
2021-10-14,15,80,0.014228745,24.43724850090728,0.9727272727272728,0.010065967217087746,True,6
2021-10-14,16,80,0.00912421,15.599669161726442,0.9681818181818181,0.010065967217087746,False,6
2021-10-14,17,80,0.0051950426,8.797026426743598,0.9363636363636364,0.010065967217087746,False,6
2021-10-14,18,80,6.531904e-06,-0.18594116136112993,0.00909090909090909,0.010065967217087746,False,6
2021-10-14,19,80,1.0087727e-05,-0.17978489749089324,0.04090909090909091,0.010065967217087746,False,6
2021-10-14,20,80,0.00011983682,0.010225800908677033,0.5272727272727272,0.010065967217087746,False,6
2021-10-14,21,80,0.03865036,66.71885605344121,0.9863636363636363,0.010065967217087746,True,6
2021-10-14,22,80,1.2464862e-05,-0.17566931761437146,0.06818181818181818,0.010065967217087746,False,6
2021-10-15,1,80,0.0014436033,2.302087995192668,0.8363636363636363,0.010065967217087746,False,6
2021-10-15,2,80,1.4997863e-05,-0.1712838847114292,0.07727272727272727,0.010065967217087746,False,6
2021-10-15,3,80,0.00062498025,0.8847902722783434,0.75,0.010065967217087746,False,6
2021-10-15,4,80,0.0001026812,-0.019476045713741345,0.4818181818181818,0.010065967217087746,False,6
2021-10-15,5,80,2.8898152e-05,-0.1472180496176317,0.20454545454545456,0.010065967217087746,False,6
2021-10-15,6,80,3.3373934e-05,-0.13946904335396815,0.2545454545454545,0.010065967217087746,False,6
2021-10-15,7,80,9.9726036e-05,-0.02459238200100658,0.4772727272727273,0.010065967217087746,False,6
2021-10-15,8,80,0.0016082037,2.5870638764564546,0.8454545454545455,0.010065967217087746,False,6
2021-10-15,9,80,0.009019427,15.41825617543533,0.9681818181818181,0.010065967217087746,False,6
2021-10-15,10,80,1.6640723e-05,-0.16843957089092115,0.09545454545454546,0.010065967217087746,False,6
2021-10-15,11,80,5.2265324e-05,-0.10676201759132287,0.35454545454545455,0.010065967217087746,False,6
2021-10-15,12,80,2.0244142e-05,-0.16220090135502432,0.14545454545454545,0.010065967217087746,False,6
2021-10-15,13,80,5.2047475e-05,-0.10713918449749664,0.34545454545454546,0.010065967217087746,False,6
2021-10-15,14,80,2.3749319e-05,-0.15613232286988102,0.17727272727272728,0.010065967217087746,False,6
2021-10-15,15,80,0.00039026517,0.4784235604920941,0.7090909090909091,0.010065967217087746,False,6
2021-10-15,16,80,1.4548237e-05,-0.17206233076465982,0.07727272727272727,0.010065967217087746,False,6
2021-10-15,17,80,8.066528e-06,-0.18328423821486278,0.022727272727272728,0.010065967217087746,False,6
2021-10-15,18,80,1.813331e-05,-0.16585542457514144,0.12272727272727273,0.010065967217087746,False,6
2021-10-15,19,80,0.0012111375,1.8996155213201347,0.8227272727272728,0.010065967217087746,False,6
2021-10-15,20,80,1.7689577e-05,-0.166623668629503,0.11363636363636363,0.010065967217087746,False,6
2021-10-15,21,80,3.8596052e-05,-0.13042788992501436,0.3,0.010065967217087746,False,6
2021-10-15,22,80,4.3832573e-05,-0.12136180072602047,0.32727272727272727,0.010065967217087746,False,6
2021-10-06,1,100,0.0006051084,0.7977450988184581,0.75,0.011983370408415794,False,6
2021-10-06,2,100,0.00015241187,-0.005220919635643125,0.4954545454545455,0.011983370408415794,False,6
2021-10-06,3,100,7.438168e-05,-0.1436262092559709,0.3409090909090909,0.011983370408415794,False,6
2021-10-06,4,100,3.347472e-05,-0.21618452532525692,0.19090909090909092,0.011983370408415794,False,6
2021-10-06,5,100,0.00016689258,0.020464102677651676,0.5181818181818182,0.011983370408415794,False,6
2021-10-06,6,100,0.023952391,42.209758917313586,0.9818181818181818,0.011983370408415794,True,6
2021-10-06,7,100,8.35977e-05,-0.12727938591792196,0.37727272727272726,0.011983370408415794,False,6
2021-10-06,8,100,0.00065564195,0.8873785109902548,0.759090909090909,0.011983370408415794,False,6
2021-10-06,9,100,0.00048462453,0.5840380275940693,0.6818181818181818,0.011983370408415794,False,6
2021-10-06,10,100,6.786532e-05,-0.1551845299535487,0.32272727272727275,0.011983370408415794,False,6
2021-10-06,11,100,1.8009245e-05,-0.2436162607677616,0.08181818181818182,0.011983370408415794,False,6
2021-10-06,12,100,0.00011806085,-0.06615070177204323,0.45,0.011983370408415794,False,6
2021-10-06,13,100,7.550655e-05,-0.141630981539425,0.35,0.011983370408415794,False,6
2021-10-06,14,100,0.0012094083,1.8696161030702934,0.8272727272727273,0.011983370408415794,False,6
2021-10-06,15,100,0.0007693439,1.089056269508506,0.7863636363636364,0.011983370408415794,False,6
2021-10-06,16,100,0.00024200938,0.1537017859377812,0.5727272727272728,0.011983370408415794,False,6
2021-10-06,17,100,3.3658587e-05,-0.2158583928810232,0.19090909090909092,0.011983370408415794,False,6
2021-10-06,18,100,9.775948e-05,-0.10216005733558205,0.41363636363636364,0.011983370408415794,False,6
2021-10-06,19,100,7.0808484e-05,-0.14996412654424734,0.32272727272727275,0.011983370408415794,False,6
2021-10-06,20,100,1.9578709e-05,-0.24083243923871978,0.09090909090909091,0.011983370408415794,False,6
2021-10-06,21,100,0.00010853438,-0.0830481837488434,0.4318181818181818,0.011983370408415794,False,6
2021-10-06,22,100,0.00039380114,0.4229409250465341,0.65,0.011983370408415794,False,6
2021-10-13,1,100,1.0240752e-05,-0.257395548508306,0.013636363636363636,0.011983370408415794,False,6
2021-10-13,2,100,0.00037730523,0.3936814741089687,0.65,0.011983370408415794,False,6
2021-10-13,3,100,0.00023506969,0.14139257530914348,0.5681818181818182,0.011983370408415794,False,6
2021-10-13,4,100,3.260651e-05,-0.21772450593666665,0.18636363636363637,0.011983370408415794,False,6
2021-10-13,5,100,8.4051324e-05,-0.1264747697303438,0.37727272727272726,0.011983370408415794,False,6
2021-10-13,6,100,0.00022409714,0.12193011950805972,0.5636363636363636,0.011983370408415794,False,6
2021-10-13,7,100,0.00026472655,0.1939961427793593,0.5863636363636363,0.011983370408415794,False,6
2021-10-13,8,100,1.5821184e-05,-0.2474973117069621,0.05,0.011983370408415794,False,6
2021-10-13,9,100,9.4323645e-05,-0.1082543416018667,0.4090909090909091,0.011983370408415794,False,6
2021-10-13,10,100,0.00029129034,0.24111341155729374,0.6090909090909091,0.011983370408415794,False,6
2021-10-13,11,100,1.9195417e-05,-0.24151229965156867,0.08636363636363636,0.011983370408415794,False,6
2021-10-13,12,100,5.1615527e-05,-0.18400744699086657,0.2727272727272727,0.011983370408415794,False,6
2021-10-13,13,100,3.0130639e-05,-0.2221160563316444,0.17272727272727273,0.011983370408415794,False,6
2021-10-13,14,100,0.00073245907,1.023632117595509,0.7863636363636364,0.011983370408415794,False,6
2021-10-13,15,100,1.4701668e-05,-0.24948304247202702,0.04090909090909091,0.011983370408415794,False,6
2021-10-13,16,100,0.0003600871,0.36314100750433553,0.6409090909090909,0.011983370408415794,False,6
2021-10-13,17,100,0.00013201692,-0.04139625487371507,0.4681818181818182,0.011983370408415794,False,6
2021-10-13,18,100,0.011912221,20.853625483974092,0.9681818181818181,0.011983370408415794,False,6
2021-10-13,19,100,8.533088e-06,-0.260424501728938,0.013636363636363636,0.011983370408415794,False,6
2021-10-13,20,100,4.4277396e-05,-0.19702338438702693,0.24545454545454545,0.011983370408415794,False,6
2021-10-13,21,100,1.5457965e-05,-0.248141568634303,0.045454545454545456,0.011983370408415794,False,6
2021-10-13,22,100,0.00051440345,0.6368581003920176,0.7,0.011983370408415794,False,6
2021-10-14,1,100,0.011125454,19.458104619588703,0.9681818181818181,0.011983370408415794,False,6
2021-10-14,2,100,0.00018180355,0.046912288203281624,0.5318181818181819,0.011983370408415794,False,6
2021-10-14,3,100,1.2668255e-05,-0.25308978847849883,0.02727272727272727,0.011983370408415794,False,6
2021-10-14,4,100,6.712674e-05,-0.1564945833523403,0.32272727272727275,0.011983370408415794,False,6
2021-10-14,5,100,0.00020303033,0.0845630757600438,0.5409090909090909,0.011983370408415794,False,6
2021-10-14,6,100,0.0013234989,2.071983230245326,0.85,0.011983370408415794,False,6
2021-10-14,7,100,0.027505407,48.511886439806624,0.9818181818181818,0.011983370408415794,True,6
2021-10-14,8,100,0.00010196327,-0.09470363243262263,0.42272727272727273,0.011983370408415794,False,6
2021-10-14,9,100,0.00066868577,0.9105148464203484,0.7636363636363637,0.011983370408415794,False,6
2021-10-14,10,100,5.3513726e-05,-0.18064053490315268,0.2818181818181818,0.011983370408415794,False,6
2021-10-14,11,100,1.7300432e-05,-0.2448735106646208,0.06818181818181818,0.011983370408415794,False,6
2021-10-14,12,100,0.0001024972,-0.09375657649169541,0.42272727272727273,0.011983370408415794,False,6
2021-10-14,13,100,0.0004160576,0.46241809558911223,0.6590909090909091,0.011983370408415794,False,6
2021-10-14,14,100,9.235637e-05,-0.11174377355896711,0.39545454545454545,0.011983370408415794,False,6
2021-10-14,15,100,0.003124535,5.266553515122364,0.9,0.011983370408415794,False,6
2021-10-14,16,100,0.0022500728,3.7154845683822444,0.8818181818181818,0.011983370408415794,False,6
2021-10-14,17,100,0.017733168,31.178472792409227,0.9772727272727273,0.011983370408415794,True,6
2021-10-14,18,100,1.6033911e-05,-0.24711998896811402,0.05909090909090909,0.011983370408415794,False,6
2021-10-14,19,100,1.3791091e-05,-0.25109816950672326,0.031818181818181815,0.011983370408415794,False,6
2021-10-14,20,100,2.8793262e-05,-0.22448821639086744,0.15,0.011983370408415794,False,6
2021-10-14,21,100,0.0043846797,7.501722719090166,0.9136363636363637,0.011983370408415794,False,6
2021-10-14,22,100,2.2340217e-05,-0.23593424172704014,0.1,0.011983370408415794,False,6
2021-10-15,1,100,0.0027810123,4.657233392780399,0.8909090909090909,0.011983370408415794,False,6
2021-10-15,2,100,2.000406e-05,-0.24007797766665787,0.09090909090909091,0.011983370408415794,False,6
2021-10-15,3,100,0.0004840433,0.5830070719669481,0.6818181818181818,0.011983370408415794,False,6
2021-10-15,4,100,0.00053749536,0.6778171502712409,0.7136363636363636,0.011983370408415794,False,6
2021-10-15,5,100,3.8794617e-05,-0.20674841111863845,0.22272727272727272,0.011983370408415794,False,6
2021-10-15,6,100,9.2283044e-05,-0.11187383678577256,0.39545454545454545,0.011983370408415794,False,6
2021-10-15,7,100,0.00012576839,-0.052479531185950376,0.45,0.011983370408415794,False,6
2021-10-15,8,100,0.0014591354,2.312567212972173,0.8545454545454545,0.011983370408415794,False,6
2021-10-15,9,100,0.005103822,8.777294056667253,0.9272727272727272,0.011983370408415794,False,6
2021-10-15,10,100,1.42546805e-05,-0.25027588224618386,0.03636363636363636,0.011983370408415794,False,6
2021-10-15,11,100,2.9586367e-05,-0.22308145443977714,0.16818181818181818,0.011983370408415794,False,6
2021-10-15,12,100,1.5380148e-05,-0.24827959465243005,0.045454545454545456,0.011983370408415794,False,6
2021-10-15,13,100,0.00022551761,0.12444966541426876,0.5636363636363636,0.011983370408415794,False,6
2021-10-15,14,100,2.0026488e-05,-0.2400381959741963,0.09090909090909091,0.011983370408415794,False,6
2021-10-15,15,100,0.024448412,43.08957049224677,0.9818181818181818,0.011983370408415794,True,6
2021-10-15,16,100,3.1235526e-05,-0.22015627400628934,0.18181818181818182,0.011983370408415794,False,6
2021-10-15,17,100,1.352844e-05,-0.25156404442167035,0.031818181818181815,0.011983370408415794,False,6
2021-10-15,18,100,2.9911169e-05,-0.22250533938954806,0.17272727272727273,0.011983370408415794,False,6
2021-10-15,19,100,0.0007466947,1.0488823998950938,0.7863636363636364,0.011983370408415794,False,6
2021-10-15,20,100,5.7925372e-05,-0.17281542114691106,0.30454545454545456,0.011983370408415794,False,6
2021-10-15,21,100,0.0011998318,1.8526299850306138,0.8272727272727273,0.011983370408415794,False,6
2021-10-15,22,100,5.9897466e-05,-0.16931743919102532,0.3090909090909091,0.011983370408415794,False,6
2021-10-18,1,20,0.00034125955,-0.1067423081468002,0.35909090909090907,0.09272684156894684,False,7
2021-10-18,2,20,0.00032778239,-0.1095704873135127,0.35909090909090907,0.09272684156894684,False,7
2021-10-18,3,20,0.0034110667,0.5374556448572056,0.6863636363636364,0.09272684156894684,False,7
2021-10-18,4,20,0.00012541187,-0.15203786897653768,0.20454545454545456,0.09272684156894684,False,7
2021-10-18,5,20,7.997635e-05,-0.1615724963704659,0.10909090909090909,0.09272684156894684,False,7
2021-10-18,6,20,0.002630484,0.37365064820529037,0.6590909090909091,0.09272684156894684,False,7
2021-10-18,7,20,0.04617634,9.51173328259648,0.9363636363636364,0.09272684156894684,False,7
2021-10-18,8,20,0.08344818,17.333215502713767,0.9681818181818181,0.09272684156894684,False,7
2021-10-18,9,20,0.00038708295,-0.09712628399849178,0.39545454545454545,0.09272684156894684,False,7
2021-10-18,10,20,0.06721615,13.926930012971155,0.9590909090909091,0.09272684156894684,False,7
2021-10-18,11,20,0.00033251898,-0.1085765155272157,0.35909090909090907,0.09272684156894684,False,7
2021-10-18,12,20,0.025708528,5.2165700968457545,0.9,0.09272684156894684,False,7
2021-10-18,13,20,4.5836452e-05,-0.16873674217535603,0.02727272727272727,0.09272684156894684,False,7
2021-10-18,14,20,0.00030433433,-0.11449105318894047,0.35,0.09272684156894684,False,7
2021-10-18,15,20,0.025775276,5.2305771178448754,0.9,0.09272684156894684,False,7
2021-10-18,16,20,6.776579e-05,-0.16413487871858404,0.08636363636363636,0.09272684156894684,False,7
2021-10-18,17,20,0.0020490326,0.2516332642007536,0.6136363636363636,0.09272684156894684,False,7
2021-10-18,18,20,6.6967215e-05,-0.1643024589244929,0.08636363636363636,0.09272684156894684,False,7
2021-10-18,19,20,8.418641e-05,-0.1606890171282972,0.12272727272727273,0.09272684156894684,False,7
2021-10-18,20,20,0.0002476396,-0.126388421778755,0.3181818181818182,0.09272684156894684,False,7
2021-10-18,21,20,0.000459021,-0.08203011304610583,0.42272727272727273,0.09272684156894684,False,7
2021-10-18,22,20,0.0005425458,-0.064502458735468,0.45,0.09272684156894684,False,7
2021-10-19,1,20,0.01145597,2.225675743036899,0.8545454545454545,0.09272684156894684,False,7
2021-10-19,2,20,0.00026557088,-0.12262554952752863,0.33181818181818185,0.09272684156894684,False,7
2021-10-19,3,20,0.009079381,1.7269493793218063,0.8318181818181818,0.09272684156894684,False,7
2021-10-19,4,20,2.6588008e-05,-0.1727760213754748,0.004545454545454545,0.09272684156894684,False,7
2021-10-19,5,20,6.0740367e-05,-0.16560916082772448,0.06363636363636363,0.09272684156894684,False,7
2021-10-19,6,20,0.00016014905,-0.14474828346864485,0.2409090909090909,0.09272684156894684,False,7
2021-10-19,7,20,0.00018527344,-0.1394759388682372,0.2727272727272727,0.09272684156894684,False,7
2021-10-19,8,20,7.959851e-05,-0.16165178606198652,0.10909090909090909,0.09272684156894684,False,7
2021-10-19,9,20,0.00017281708,-0.1420899030312724,0.2590909090909091,0.09272684156894684,False,7
2021-10-19,10,20,0.0011772588,0.06869183715404675,0.5454545454545454,0.09272684156894684,False,7
2021-10-19,11,20,0.0023141725,0.307272769161359,0.6227272727272727,0.09272684156894684,False,7
2021-10-19,12,20,0.0010125504,0.034127846732198736,0.5227272727272727,0.09272684156894684,False,7
2021-10-19,13,20,0.00029039112,-0.1174170306094808,0.3409090909090909,0.09272684156894684,False,7
2021-10-19,14,20,0.012679048,2.482338230374921,0.8590909090909091,0.09272684156894684,False,7
2021-10-19,15,20,8.8877285e-05,-0.1597046385854399,0.13636363636363635,0.09272684156894684,False,7
2021-10-19,16,20,0.01689671,3.3674130993340476,0.8818181818181818,0.09272684156894684,False,7
2021-10-19,17,20,0.028426511,5.786937868132033,0.9045454545454545,0.09272684156894684,False,7
2021-10-19,18,20,0.0016736694,0.17286343700071916,0.5954545454545455,0.09272684156894684,False,7
2021-10-19,19,20,0.012444959,2.4332147653944527,0.8590909090909091,0.09272684156894684,False,7
2021-10-19,20,20,0.00069909426,-0.03165082027903684,0.4772727272727273,0.09272684156894684,False,7
2021-10-19,21,20,0.00019951044,-0.136488310009911,0.2772727272727273,0.09272684156894684,False,7
2021-10-19,22,20,0.0030435754,0.460337730509375,0.6772727272727272,0.09272684156894684,False,7
2021-10-20,1,20,0.0014725471,0.1306579785197126,0.5818181818181818,0.09272684156894684,False,7
2021-10-20,2,20,0.00015255669,-0.14634153752306628,0.2318181818181818,0.09272684156894684,False,7
2021-10-20,3,20,0.012626751,2.471363816391892,0.8590909090909091,0.09272684156894684,False,7
2021-10-20,4,20,0.00048509781,-0.0765578997917518,0.43636363636363634,0.09272684156894684,False,7
2021-10-20,5,20,0.00030144493,-0.11509739259078737,0.34545454545454546,0.09272684156894684,False,7
2021-10-20,6,20,0.00021653516,-0.13291567805147694,0.2863636363636364,0.09272684156894684,False,7
2021-10-20,7,20,2.0185922e-05,-0.17411949686960618,0.004545454545454545,0.09272684156894684,False,7
2021-10-20,8,20,0.00209488,0.2612543208702107,0.6181818181818182,0.09272684156894684,False,7
2021-10-20,9,20,0.0043286136,0.7300025424156372,0.7136363636363636,0.09272684156894684,False,7
2021-10-20,10,20,0.0027492323,0.3985699339942252,0.6681818181818182,0.09272684156894684,False,7
2021-10-20,11,20,0.030177152,6.154309175859175,0.9136363636363637,0.09272684156894684,False,7
2021-10-20,12,20,0.00016809998,-0.14307978284042178,0.24545454545454545,0.09272684156894684,False,7
2021-10-20,13,20,0.00088871596,0.0081412267248817,0.509090909090909,0.09272684156894684,False,7
2021-10-20,14,20,0.07265215,15.067673373052292,0.9636363636363636,0.09272684156894684,False,7
2021-10-20,15,20,0.0013306381,0.10087842549770569,0.5681818181818182,0.09272684156894684,False,7
2021-10-20,16,20,0.0002292152,-0.13025477524610155,0.30454545454545456,0.09272684156894684,False,7
2021-10-20,17,20,0.0049357014,0.857399691528135,0.75,0.09272684156894684,False,7
2021-10-20,18,20,5.3214095e-05,-0.1671885464387012,0.03636363636363636,0.09272684156894684,False,7
2021-10-20,19,20,1.4962735e-05,-0.17521558085373604,0.0,0.09272684156894684,False,7
2021-10-20,20,20,0.0066314815,1.213258545244195,0.8,0.09272684156894684,False,7
2021-10-20,21,20,0.001755683,0.19007395086756015,0.5954545454545455,0.09272684156894684,False,7
2021-10-20,22,20,0.0058063017,1.0400948670545558,0.7818181818181819,0.09272684156894684,False,7
2021-10-22,1,20,0.003674956,0.5928327258266493,0.7,0.09272684156894684,False,7
2021-10-22,2,20,0.05780312,11.951608980606668,0.9545454545454546,0.09272684156894684,False,7
2021-10-22,3,20,0.00018739389,-0.1390309638368634,0.2772727272727273,0.09272684156894684,False,7
2021-10-22,4,20,3.91214e-05,-0.17014589313927797,0.022727272727272728,0.09272684156894684,False,7
2021-10-22,5,20,0.0010473097,0.04142207083209694,0.5272727272727272,0.09272684156894684,False,7
2021-10-22,6,20,0.0017129056,0.18109713019427964,0.5954545454545455,0.09272684156894684,False,7
2021-10-22,7,20,0.00786609,1.472340746925598,0.8136363636363636,0.09272684156894684,False,7
2021-10-22,8,20,0.0011388394,0.060629542836113846,0.5409090909090909,0.09272684156894684,False,7
2021-10-22,9,20,0.004434904,0.7523075556163937,0.7181818181818181,0.09272684156894684,False,7
2021-10-22,10,20,0.00045526164,-0.08281900959559327,0.42272727272727273,0.09272684156894684,False,7
2021-10-22,11,20,0.0038755953,0.6349368009932523,0.7045454545454546,0.09272684156894684,False,7
2021-10-22,12,20,0.00037531924,-0.09959489441507247,0.39545454545454545,0.09272684156894684,False,7
2021-10-22,13,20,0.023347791,4.721170278469382,0.8954545454545455,0.09272684156894684,False,7
2021-10-22,14,20,0.0007782821,-0.015033276652884352,0.4909090909090909,0.09272684156894684,False,7
2021-10-22,15,20,0.0004521152,-0.08347928980664567,0.42272727272727273,0.09272684156894684,False,7
2021-10-22,16,20,0.00087094936,0.0044129103045525905,0.5045454545454545,0.09272684156894684,False,7
2021-10-22,17,20,6.269944e-05,-0.16519805072438998,0.06818181818181818,0.09272684156894684,False,7
2021-10-22,18,20,0.0003004771,-0.11530048902073749,0.34545454545454546,0.09272684156894684,False,7
2021-10-22,19,20,0.0025340552,0.3534150761040797,0.6590909090909091,0.09272684156894684,False,7
2021-10-22,20,20,0.008502262,1.6058411227057539,0.8272727272727273,0.09272684156894684,False,7
2021-10-22,21,20,3.8868122e-05,-0.17019904379991113,0.022727272727272728,0.09272684156894684,False,7
2021-10-22,22,20,0.003338103,0.5221442236919983,0.6818181818181818,0.09272684156894684,False,7
2021-10-18,1,30,0.0004123814,0.07062766639663698,0.5772727272727273,0.09717161953449249,False,7
2021-10-18,2,30,0.00011805488,-0.07308475449746692,0.2909090909090909,0.09717161953449249,False,7
2021-10-18,3,30,0.0004844132,0.10579903035689527,0.5954545454545455,0.09717161953449249,False,7
2021-10-18,4,30,0.00071705977,0.21939464020686567,0.6363636363636364,0.09717161953449249,False,7
2021-10-18,5,30,2.515489e-05,-0.11844554042588167,0.03636363636363636,0.09717161953449249,False,7
2021-10-18,6,30,0.00043147188,0.07994908097846937,0.5818181818181818,0.09717161953449249,False,7
2021-10-18,7,30,0.0068429057,3.2104949330775696,0.8545454545454545,0.09717161953449249,False,7
2021-10-18,8,30,0.07855144,38.224014090322044,0.9590909090909091,0.09717161953449249,False,7
2021-10-18,9,30,0.00024830087,-0.009488830680140423,0.4818181818181818,0.09717161953449249,False,7
2021-10-18,10,30,0.0291004,14.078283229694351,0.9363636363636364,0.09717161953449249,False,7
2021-10-18,11,30,0.00010592789,-0.07900606692400267,0.2818181818181818,0.09717161953449249,False,7
2021-10-18,12,30,0.00027377935,0.002951687493715657,0.5,0.09717161953449249,False,7
2021-10-18,13,30,4.4601806e-05,-0.10895008845397439,0.10454545454545454,0.09717161953449249,False,7
2021-10-18,14,30,0.00034223456,0.03637668597250607,0.5545454545454546,0.09717161953449249,False,7
2021-10-18,15,30,0.0003445223,0.0374937311998723,0.5545454545454546,0.09717161953449249,False,7
2021-10-18,16,30,7.960891e-05,-0.091856979067561,0.22727272727272727,0.09717161953449249,False,7
2021-10-18,17,30,0.008351927,3.9473128919534943,0.8590909090909091,0.09717161953449249,False,7
2021-10-18,18,30,7.6164695e-05,-0.09353870368856045,0.21363636363636362,0.09717161953449249,False,7
2021-10-18,19,30,0.0002006704,-0.032745621081297714,0.45454545454545453,0.09717161953449249,False,7
2021-10-18,20,30,0.0001481964,-0.0583673894657051,0.38181818181818183,0.09717161953449249,False,7
2021-10-18,21,30,0.12010305,58.512643572009544,0.9818181818181818,0.09717161953449249,True,7
2021-10-18,22,30,0.00068393117,0.20321875780782858,0.6318181818181818,0.09717161953449249,False,7
2021-10-19,1,30,0.0019769666,0.8345762559340385,0.740909090909091,0.09717161953449249,False,7
2021-10-19,2,30,0.00057141157,0.148278197246159,0.6136363636363636,0.09717161953449249,False,7
2021-10-19,3,30,0.00055772613,0.14159593452863148,0.6136363636363636,0.09717161953449249,False,7
2021-10-19,4,30,4.8012684e-05,-0.10728464039808823,0.10909090909090909,0.09717161953449249,False,7
2021-10-19,5,30,2.9241293e-05,-0.11645024990069616,0.05,0.09717161953449249,False,7
2021-10-19,6,30,0.002059059,0.8746599416013612,0.7454545454545455,0.09717161953449249,False,7
2021-10-19,7,30,0.00016153655,-0.051853722333469694,0.4,0.09717161953449249,False,7
2021-10-19,8,30,8.1946746e-05,-0.09071547014328982,0.2318181818181818,0.09717161953449249,False,7
2021-10-19,9,30,4.7483536e-05,-0.10754301021935767,0.10909090909090909,0.09717161953449249,False,7
2021-10-19,10,30,0.000295866,0.013736049624356933,0.5272727272727272,0.09717161953449249,False,7
2021-10-19,11,30,0.000103988394,-0.0799530741813914,0.2772727272727273,0.09717161953449249,False,7
2021-10-19,12,30,0.0012791546,0.4938517402446723,0.7,0.09717161953449249,False,7
2021-10-19,13,30,0.0001752267,-0.0451691574847202,0.42727272727272725,0.09717161953449249,False,7
2021-10-19,14,30,0.00021784953,-0.02435747202295509,0.4681818181818182,0.09717161953449249,False,7
2021-10-19,15,30,0.007580699,3.5707412941581653,0.8590909090909091,0.09717161953449249,False,7
2021-10-19,16,30,0.000955716,0.3359246289343274,0.6818181818181818,0.09717161953449249,False,7
2021-10-19,17,30,0.0051841917,2.400585615287601,0.8363636363636363,0.09717161953449249,False,7
2021-10-19,18,30,7.962683e-05,-0.09184822883731458,0.22727272727272727,0.09717161953449249,False,7
2021-10-19,19,30,0.00034256864,0.0365398104434744,0.5545454545454546,0.09717161953449249,False,7
2021-10-19,20,30,0.0001589933,-0.05309553028344822,0.39545454545454545,0.09717161953449249,False,7
2021-10-19,21,30,0.00012103647,-0.07162891584460732,0.29545454545454547,0.09717161953449249,False,7
2021-10-19,22,30,0.0097633405,4.636471618687703,0.8636363636363636,0.09717161953449249,False,7
2021-10-20,1,30,4.037201e-05,-0.11101539325548204,0.09090909090909091,0.09717161953449249,False,7
2021-10-20,2,30,0.000108860986,-0.07757390682761584,0.2863636363636364,0.09717161953449249,False,7
2021-10-20,3,30,0.00029723553,0.014404761901589876,0.5272727272727272,0.09717161953449249,False,7
2021-10-20,4,30,0.000191351,-0.037296053444544744,0.4409090909090909,0.09717161953449249,False,7
2021-10-20,5,30,0.0014173979,0.561352558225113,0.7090909090909091,0.09717161953449249,False,7
2021-10-20,6,30,0.0002658706,-0.000909967102882342,0.5,0.09717161953449249,False,7
2021-10-20,7,30,7.553118e-05,-0.09384803480815303,0.21363636363636362,0.09717161953449249,False,7
2021-10-20,8,30,0.00018706718,-0.03938773860930651,0.4409090909090909,0.09717161953449249,False,7
2021-10-20,9,30,0.0016609564,0.6802762234173232,0.7272727272727273,0.09717161953449249,False,7
2021-10-20,10,30,0.0040574274,1.8504142241938129,0.8136363636363636,0.09717161953449249,False,7
2021-10-20,11,30,0.007971718,3.761666301762881,0.8590909090909091,0.09717161953449249,False,7
2021-10-20,12,30,0.014752755,7.072680327239782,0.9045454545454545,0.09717161953449249,False,7
2021-10-20,13,30,0.00019003806,-0.037937133041770904,0.4409090909090909,0.09717161953449249,False,7
2021-10-20,14,30,0.023015596,11.107222932268058,0.9272727272727272,0.09717161953449249,False,7
2021-10-20,15,30,7.500857e-05,-0.09410321255395498,0.21363636363636362,0.09717161953449249,False,7
2021-10-20,16,30,0.00022864528,-0.019086174162817146,0.4727272727272727,0.09717161953449249,False,7
2021-10-20,17,30,0.000116100324,-0.07403911578514803,0.2909090909090909,0.09717161953449249,False,7
2021-10-20,18,30,5.9933805e-05,-0.10146384903923725,0.14545454545454545,0.09717161953449249,False,7
2021-10-20,19,30,7.5064665e-05,-0.09407582145561963,0.21363636363636362,0.09717161953449249,False,7
2021-10-20,20,30,0.037335157,18.09911354536619,0.9454545454545454,0.09717161953449249,False,7
2021-10-20,21,30,0.00012939841,-0.06754598664765668,0.34545454545454546,0.09717161953449249,False,7
2021-10-20,22,30,0.009790142,4.6495581830937365,0.8636363636363636,0.09717161953449249,False,7
2021-10-22,1,30,0.002362226,1.0226889118267133,0.7681818181818182,0.09717161953449249,False,7
2021-10-22,2,30,0.036859393,17.866809519593264,0.9454545454545454,0.09717161953449249,False,7
2021-10-22,3,30,0.0019212316,0.807362222753169,0.7363636363636363,0.09717161953449249,False,7
2021-10-22,4,30,1.7361719e-05,-0.12225075461632154,0.013636363636363636,0.09717161953449249,False,7
2021-10-22,5,30,0.00081649143,0.2679446834459881,0.6590909090909091,0.09717161953449249,False,7
2021-10-22,6,30,0.016591817,7.9706492906207345,0.9181818181818182,0.09717161953449249,False,7
2021-10-22,7,30,0.00056271313,0.14403096409125596,0.6136363636363636,0.09717161953449249,False,7
2021-10-22,8,30,0.00097339303,0.34455588731291487,0.6818181818181818,0.09717161953449249,False,7
2021-10-22,9,30,8.8999666e-05,-0.08727170210088037,0.2545454545454545,0.09717161953449249,False,7
2021-10-22,10,30,0.00016467793,-0.050319863458749836,0.4090909090909091,0.09717161953449249,False,7
2021-10-22,11,30,0.00016959808,-0.047917475843142904,0.41363636363636364,0.09717161953449249,False,7
2021-10-22,12,30,0.00022671801,-0.02002721293185266,0.4727272727272727,0.09717161953449249,False,7
2021-10-22,13,30,0.20009713,97.57179194350527,0.9863636363636363,0.09717161953449249,True,7
2021-10-22,14,30,0.0014123719,0.5588984863425044,0.7090909090909091,0.09717161953449249,False,7
2021-10-22,15,30,0.00039704615,0.06313984249034893,0.5727272727272728,0.09717161953449249,False,7
2021-10-22,16,30,0.10002688,48.70994555059985,0.9681818181818181,0.09717161953449249,True,7
2021-10-22,17,30,5.0191757e-05,-0.10622065254531204,0.11363636363636363,0.09717161953449249,False,7
2021-10-22,18,30,0.00020903233,-0.02866269898969035,0.4590909090909091,0.09717161953449249,False,7
2021-10-22,19,30,0.0062296973,2.91108031477701,0.8454545454545455,0.09717161953449249,False,7
2021-10-22,20,30,0.011866733,5.66350681215461,0.8772727272727273,0.09717161953449249,False,7
2021-10-22,21,30,0.00013982407,-0.06245539187775598,0.37272727272727274,0.09717161953449249,False,7
2021-10-22,22,30,0.0022178509,0.952194129560055,0.759090909090909,0.09717161953449249,False,7
2021-10-18,1,40,0.00017050123,-0.038441731845227436,0.4409090909090909,0.051003288477659225,False,7
2021-10-18,2,40,8.256878e-05,-0.09025811152111084,0.2818181818181818,0.051003288477659225,False,7
2021-10-18,3,40,7.4885065e-05,-0.09478593280228419,0.2727272727272727,0.051003288477659225,False,7
2021-10-18,4,40,0.0015333733,0.7646645164286897,0.740909090909091,0.051003288477659225,False,7
2021-10-18,5,40,3.803968e-05,-0.11649799180890538,0.1318181818181818,0.051003288477659225,False,7
2021-10-18,6,40,0.00012046617,-0.06792613439782408,0.35454545454545455,0.051003288477659225,False,7
2021-10-18,7,40,0.0023261816,1.2318465672948606,0.7954545454545454,0.051003288477659225,False,7
2021-10-18,8,40,0.09141698,53.730814151480445,0.9863636363636363,0.051003288477659225,True,7
2021-10-18,9,40,0.00025805095,0.013149118990694106,0.5318181818181819,0.051003288477659225,False,7
2021-10-18,10,40,0.04455151,26.114171916140076,0.9545454545454546,0.051003288477659225,False,7
2021-10-18,11,40,0.00010868455,-0.07486874481767838,0.33636363636363636,0.051003288477659225,False,7
2021-10-18,12,40,0.00036398735,0.07557477815554951,0.5727272727272728,0.051003288477659225,False,7
2021-10-18,13,40,6.8263184e-06,-0.13489124238170236,0.0,0.051003288477659225,False,7
2021-10-18,14,40,6.472039e-05,-0.10077571913830807,0.2318181818181818,0.051003288477659225,False,7
2021-10-18,15,40,0.00026190875,0.015422423629272382,0.5318181818181819,0.051003288477659225,False,7
2021-10-18,16,40,2.74914e-05,-0.12271382899276674,0.1,0.051003288477659225,False,7
2021-10-18,17,40,0.0005620983,0.19231657658325663,0.6272727272727273,0.051003288477659225,False,7
2021-10-18,18,40,4.187758e-05,-0.11423641358954528,0.15,0.051003288477659225,False,7
2021-10-18,19,40,0.00010480679,-0.077153810175787,0.3181818181818182,0.051003288477659225,False,7
2021-10-18,20,40,0.00010720675,-0.07573957400530092,0.33181818181818185,0.051003288477659225,False,7
2021-10-18,21,40,0.0016696658,0.8449782857371984,0.7454545454545455,0.051003288477659225,False,7
2021-10-18,22,40,0.000111640096,-0.07312711645520646,0.34545454545454546,0.051003288477659225,False,7
2021-10-19,1,40,0.00036726097,0.07750384486133453,0.5772727272727273,0.051003288477659225,False,7
2021-10-19,2,40,0.00013600002,-0.058772427243024644,0.38636363636363635,0.051003288477659225,False,7
2021-10-19,3,40,0.009166941,5.2629342264631545,0.8863636363636364,0.051003288477659225,False,7
2021-10-19,4,40,8.239064e-05,-0.09036308762646295,0.2818181818181818,0.051003288477659225,False,7
2021-10-19,5,40,1.0455925e-05,-0.132752406489535,0.004545454545454545,0.051003288477659225,False,7
2021-10-19,6,40,0.009961655,5.731239406750547,0.8954545454545455,0.051003288477659225,False,7
2021-10-19,7,40,7.197115e-05,-0.09650302786648685,0.2590909090909091,0.051003288477659225,False,7
2021-10-19,8,40,9.5369345e-05,-0.08271506127435632,0.3090909090909091,0.051003288477659225,False,7
2021-10-19,9,40,1.7743117e-05,-0.12845824697390104,0.045454545454545456,0.051003288477659225,False,7
2021-10-19,10,40,7.93081e-05,-0.09217955069498028,0.2818181818181818,0.051003288477659225,False,7
2021-10-19,11,40,2.5118308e-05,-0.12411223235353877,0.09545454545454546,0.051003288477659225,False,7
2021-10-19,12,40,0.00025698045,0.012518301949841118,0.5318181818181819,0.051003288477659225,False,7
2021-10-19,13,40,0.0008375722,0.3546464396925545,0.6818181818181818,0.051003288477659225,False,7
2021-10-19,14,40,0.0091457525,5.250448364033534,0.8863636363636364,0.051003288477659225,False,7
2021-10-19,15,40,0.00020564512,-0.017732318125842608,0.4727272727272727,0.051003288477659225,False,7
2021-10-19,16,40,0.00022909415,-0.003914394498583223,0.4909090909090909,0.051003288477659225,False,7
2021-10-19,17,40,0.016404318,9.527738450207023,0.9227272727272727,0.051003288477659225,False,7
2021-10-19,18,40,0.0011940195,0.5646918443448918,0.7227272727272728,0.051003288477659225,False,7
2021-10-19,19,40,1.5602456e-05,-0.12971968490069688,0.031818181818181815,0.051003288477659225,False,7
2021-10-19,20,40,0.00068374013,0.26399706022314606,0.6681818181818182,0.051003288477659225,False,7
2021-10-19,21,40,0.00014018986,-0.056303456473754954,0.38636363636363635,0.051003288477659225,False,7
2021-10-19,22,40,0.008312079,4.759185573216676,0.8863636363636364,0.051003288477659225,False,7
2021-10-20,1,40,2.5626536e-05,-0.12381274668114574,0.1,0.051003288477659225,False,7
2021-10-20,2,40,4.3125394e-05,-0.11350110922278842,0.15454545454545454,0.051003288477659225,False,7
2021-10-20,3,40,0.00014373234,-0.05421596520120141,0.4090909090909091,0.051003288477659225,False,7
2021-10-20,4,40,0.00020580263,-0.01763950148114965,0.4727272727272727,0.051003288477659225,False,7
2021-10-20,5,40,0.0010661646,0.4893501796858296,0.7136363636363636,0.051003288477659225,False,7
2021-10-20,6,40,0.00013084264,-0.06181153780094413,0.37727272727272726,0.051003288477659225,False,7
2021-10-20,7,40,3.129963e-05,-0.1204697342856432,0.11363636363636363,0.051003288477659225,False,7
2021-10-20,8,40,0.00015562092,-0.04721032367022224,0.42272727272727273,0.051003288477659225,False,7
2021-10-20,9,40,8.677716e-05,-0.08777822038995862,0.2909090909090909,0.051003288477659225,False,7
2021-10-20,10,40,0.0035168168,1.9334579432231993,0.8090909090909091,0.051003288477659225,False,7
2021-10-20,11,40,0.00047760794,0.14252854157915354,0.6090909090909091,0.051003288477659225,False,7
2021-10-20,12,40,0.00454914,2.541780153358325,0.8363636363636363,0.051003288477659225,False,7
2021-10-20,13,40,9.368486e-05,-0.08370768658290424,0.3090909090909091,0.051003288477659225,False,7
2021-10-20,14,40,0.005272183,2.9678512220873223,0.8545454545454545,0.051003288477659225,False,7
2021-10-20,15,40,3.900934e-05,-0.11592659577132289,0.1318181818181818,0.051003288477659225,False,7
2021-10-20,16,40,8.096525e-05,-0.09120303367052841,0.2818181818181818,0.051003288477659225,False,7
2021-10-20,17,40,0.0053127143,2.991735215447485,0.8545454545454545,0.051003288477659225,False,7
2021-10-20,18,40,1.7870667e-05,-0.1283830853430054,0.045454545454545456,0.051003288477659225,False,7
2021-10-20,19,40,0.000101344536,-0.07919403133065116,0.31363636363636366,0.051003288477659225,False,7
2021-10-20,20,40,0.09480859,55.72940827601104,0.9863636363636363,0.051003288477659225,True,7
2021-10-20,21,40,4.8621947e-05,-0.11026212860216894,0.17272727272727273,0.051003288477659225,False,7
2021-10-20,22,40,0.00044981512,0.12615093143205103,0.6045454545454545,0.051003288477659225,False,7
2021-10-22,1,40,0.00063596026,0.2358415803896266,0.6545454545454545,0.051003288477659225,False,7
2021-10-22,2,40,0.018503098,10.764496847927795,0.9227272727272727,0.051003288477659225,False,7
2021-10-22,3,40,0.00023221187,-0.002077201178906874,0.4954545454545455,0.051003288477659225,False,7
2021-10-22,4,40,0.00038725624,0.08928655089176546,0.5818181818181818,0.051003288477659225,False,7
2021-10-22,5,40,0.03820975,22.37713260100652,0.9545454545454546,0.051003288477659225,False,7
2021-10-22,6,40,0.0044691605,2.494650152444093,0.8363636363636363,0.051003288477659225,False,7
2021-10-22,7,40,5.6286215e-05,-0.10574576791279458,0.20454545454545456,0.051003288477659225,False,7
2021-10-22,8,40,6.338392e-05,-0.10156326716801689,0.22727272727272727,0.051003288477659225,False,7
2021-10-22,9,40,6.7243855e-05,-0.09928870628050591,0.2409090909090909,0.051003288477659225,False,7
2021-10-22,10,40,6.6853965e-05,-0.09951845834640193,0.23636363636363636,0.051003288477659225,False,7
2021-10-22,11,40,0.0011261983,0.5247265612343386,0.7181818181818181,0.051003288477659225,False,7
2021-10-22,12,40,0.00013927903,-0.056840187758365225,0.38636363636363635,0.051003288477659225,False,7
2021-10-22,13,40,0.042740814,25.047174269754606,0.9545454545454546,0.051003288477659225,False,7
2021-10-22,14,40,0.000661519,0.2509027102558864,0.6545454545454545,0.051003288477659225,False,7
2021-10-22,15,40,6.470897e-05,-0.1007824505745686,0.2318181818181818,0.051003288477659225,False,7
2021-10-22,16,40,0.008521518,4.882602486792354,0.8863636363636364,0.051003288477659225,False,7
2021-10-22,17,40,0.00017427442,-0.036218282710367276,0.44545454545454544,0.051003288477659225,False,7
2021-10-22,18,40,6.560238e-05,-0.1002559879459099,0.2318181818181818,0.051003288477659225,False,7
2021-10-22,19,40,0.0002692647,0.019757108427775776,0.5318181818181819,0.051003288477659225,False,7
2021-10-22,20,40,0.029697753,17.361226178535038,0.95,0.051003288477659225,False,7
2021-10-22,21,40,2.945439e-05,-0.12155708848128675,0.10909090909090909,0.051003288477659225,False,7
2021-10-22,22,40,0.00021098884,-0.014583395118557078,0.4727272727272727,0.051003288477659225,False,7
2021-10-18,1,50,2.3350889e-05,-0.18078214797440215,0.1318181818181818,0.009002849459648132,False,7
2021-10-18,2,50,2.814547e-05,-0.16877922927658084,0.20454545454545456,0.009002849459648132,False,7
2021-10-18,3,50,3.9234157e-05,-0.14101943249526774,0.2727272727272727,0.009002849459648132,False,7
2021-10-18,4,50,0.00048763002,0.9815100792656504,0.7636363636363637,0.009002849459648132,False,7
2021-10-18,5,50,1.1754922e-05,-0.20981188850738985,0.05909090909090909,0.009002849459648132,False,7
2021-10-18,6,50,7.6514705e-05,-0.047690036429806716,0.4409090909090909,0.009002849459648132,False,7
2021-10-18,7,50,0.00036511561,0.6748033297220662,0.7090909090909091,0.009002849459648132,False,7
2021-10-18,8,50,0.010298784,25.543087489017736,0.9772727272727273,0.009002849459648132,True,7
2021-10-18,9,50,2.2501712e-05,-0.1829080066881945,0.12727272727272726,0.009002849459648132,False,7
2021-10-18,10,50,0.009579121,23.741459187071428,0.9681818181818181,0.009002849459648132,True,7
2021-10-18,11,50,9.3572e-05,-0.004988217909407025,0.4954545454545455,0.009002849459648132,False,7
2021-10-18,12,50,9.774868e-05,0.005467815715371835,0.509090909090909,0.009002849459648132,False,7
2021-10-18,13,50,8.517177e-06,-0.21791736920512414,0.013636363636363636,0.009002849459648132,False,7
2021-10-18,14,50,8.50833e-05,-0.0262391183677212,0.4818181818181818,0.009002849459648132,False,7
2021-10-18,15,50,9.781553e-05,0.005635174038243262,0.509090909090909,0.009002849459648132,False,7
2021-10-18,16,50,4.804827e-05,-0.11895388060995497,0.29545454545454547,0.009002849459648132,False,7
2021-10-18,17,50,0.0021265836,5.084522387456639,0.8818181818181818,0.009002849459648132,False,7
2021-10-18,18,50,1.4712748e-05,-0.20240716386517782,0.08181818181818182,0.009002849459648132,False,7
2021-10-18,19,50,1.8912302e-05,-0.19189385810210025,0.11363636363636363,0.009002849459648132,False,7
2021-10-18,20,50,3.335818e-05,-0.15572955148210818,0.2409090909090909,0.009002849459648132,False,7
2021-10-18,21,50,0.0016230689,3.8240066033313713,0.8454545454545455,0.009002849459648132,False,7
2021-10-18,22,50,9.317391e-05,-0.0059848086711902625,0.4954545454545455,0.009002849459648132,False,7
2021-10-19,1,50,0.00039321856,0.7451572131125228,0.7318181818181818,0.009002849459648132,False,7
2021-10-19,2,50,8.0785554e-05,-0.03699824760553669,0.4636363636363636,0.009002849459648132,False,7
2021-10-19,3,50,0.061776046,154.41302144290808,0.990909090909091,0.009002849459648132,True,7
2021-10-19,4,50,4.5849392e-05,-0.12445862699572535,0.2863636363636364,0.009002849459648132,False,7
2021-10-19,5,50,1.205041e-05,-0.20907215260740256,0.05909090909090909,0.009002849459648132,False,7
2021-10-19,6,50,0.0033930822,8.255118164005975,0.9227272727272727,0.009002849459648132,False,7
2021-10-19,7,50,3.963632e-05,-0.14001264140035347,0.2727272727272727,0.009002849459648132,False,7
2021-10-19,8,50,8.51488e-05,-0.026075148012639725,0.4818181818181818,0.009002849459648132,False,7
2021-10-19,9,50,0.0001693016,0.1845958293998109,0.6090909090909091,0.009002849459648132,False,7
2021-10-19,10,50,0.000103338156,0.0194607055640554,0.5227272727272727,0.009002849459648132,False,7
2021-10-19,11,50,3.1016876e-05,-0.1615908541554502,0.22272727272727272,0.009002849459648132,False,7
2021-10-19,12,50,9.1451955e-05,-0.01029561517141266,0.4954545454545455,0.009002849459648132,False,7
2021-10-19,13,50,0.00076686335,1.680552314887963,0.7909090909090909,0.009002849459648132,False,7
2021-10-19,14,50,0.0007059651,1.5280975530352545,0.7909090909090909,0.009002849459648132,False,7
2021-10-19,15,50,1.7600678e-05,-0.19517742275022465,0.10454545454545454,0.009002849459648132,False,7
2021-10-19,16,50,5.1804393e-05,-0.1095506761907845,0.31363636363636366,0.009002849459648132,False,7
2021-10-19,17,50,0.001526808,3.5830237331105423,0.8409090909090909,0.009002849459648132,False,7
2021-10-19,18,50,0.0003065539,0.5281979489033528,0.6909090909090909,0.009002849459648132,False,7
2021-10-19,19,50,1.1527662e-05,-0.21038081891835386,0.05909090909090909,0.009002849459648132,False,7
2021-10-19,20,50,0.00027648537,0.4529233519509601,0.6727272727272727,0.009002849459648132,False,7
2021-10-19,21,50,5.21934e-05,-0.108576817599979,0.31363636363636366,0.009002849459648132,False,7
2021-10-19,22,50,0.0013502834,3.1411059577317957,0.8272727272727273,0.009002849459648132,False,7
2021-10-20,1,50,0.0003955192,0.75091668549592,0.7318181818181818,0.009002849459648132,False,7
2021-10-20,2,50,0.00010275388,0.017998014222825393,0.5227272727272727,0.009002849459648132,False,7
2021-10-20,3,50,5.8980426e-05,-0.09158594966223942,0.37272727272727274,0.009002849459648132,False,7
2021-10-20,4,50,1.1262742e-05,-0.21104402727439753,0.05454545454545454,0.009002849459648132,False,7
2021-10-20,5,50,0.000532845,1.0947027388636714,0.7636363636363637,0.009002849459648132,False,7
2021-10-20,6,50,3.696851e-05,-0.14669132773278273,0.2590909090909091,0.009002849459648132,False,7
2021-10-20,7,50,2.4003151e-05,-0.17914925223520833,0.1409090909090909,0.009002849459648132,False,7
2021-10-20,8,50,7.4553885e-05,-0.05259881924495577,0.43636363636363634,0.009002849459648132,False,7
2021-10-20,9,50,2.1452393e-05,-0.1855349066761276,0.12727272727272726,0.009002849459648132,False,7
2021-10-20,10,50,0.00024913938,0.38446447187768384,0.6681818181818182,0.009002849459648132,False,7
2021-10-20,11,50,4.8691363e-05,-0.11734394017402615,0.3,0.009002849459648132,False,7
2021-10-20,12,50,0.0030812584,7.474487835239811,0.9136363636363637,0.009002849459648132,False,7
2021-10-20,13,50,1.9495537e-05,-0.19043376693507463,0.11818181818181818,0.009002849459648132,False,7
2021-10-20,14,50,0.0016693408,3.93984508362454,0.8590909090909091,0.009002849459648132,False,7
2021-10-20,15,50,2.4267727e-05,-0.1784869045322726,0.1409090909090909,0.009002849459648132,False,7
2021-10-20,16,50,7.229218e-05,-0.058260842017190374,0.4318181818181818,0.009002849459648132,False,7
2021-10-20,17,50,8.0230944e-05,-0.03838667687859661,0.4636363636363636,0.009002849459648132,False,7
2021-10-20,18,50,3.5108227e-05,-0.15134842643536367,0.24545454545454545,0.009002849459648132,False,7
2021-10-20,19,50,6.045421e-05,-0.08789642541666004,0.38181818181818183,0.009002849459648132,False,7
2021-10-20,20,50,0.008983548,22.250480573440505,0.9681818181818181,0.009002849459648132,False,7
2021-10-20,21,50,2.8924122e-05,-0.16682992740035846,0.20454545454545456,0.009002849459648132,False,7
2021-10-20,22,50,4.5910427e-05,-0.12430583146988654,0.2863636363636364,0.009002849459648132,False,7
2021-10-22,1,50,4.2186057e-05,-0.13362954615015726,0.2863636363636364,0.009002849459648132,False,7
2021-10-22,2,50,0.0018395126,4.365859082461546,0.8727272727272727,0.009002849459648132,False,7
2021-10-22,3,50,0.035918795,89.68109653909026,0.990909090909091,0.009002849459648132,True,7
2021-10-22,4,50,0.00030443736,0.5228993129989116,0.6909090909090909,0.009002849459648132,False,7
2021-10-22,5,50,0.0062312586,15.360305925476885,0.9590909090909091,0.009002849459648132,False,7
2021-10-22,6,50,5.852978e-05,-0.09271411561397279,0.36818181818181817,0.009002849459648132,False,7
2021-10-22,7,50,4.2534066e-05,-0.13275832841148286,0.2863636363636364,0.009002849459648132,False,7
2021-10-22,8,50,4.4140084e-05,-0.12873776692604003,0.2863636363636364,0.009002849459648132,False,7
2021-10-22,9,50,7.5174336e-05,-0.05104556351742659,0.43636363636363634,0.009002849459648132,False,7
2021-10-22,10,50,0.000115720766,0.05045975474273483,0.55,0.009002849459648132,False,7
2021-10-22,11,50,6.400444e-05,-0.07900866568845775,0.4090909090909091,0.009002849459648132,False,7
2021-10-22,12,50,0.00072352553,1.5720589487634125,0.7909090909090909,0.009002849459648132,False,7
2021-10-22,13,50,0.011407944,28.319797693150036,0.9818181818181818,0.009002849459648132,True,7
2021-10-22,14,50,0.0001201823,0.06162891915753755,0.5545454545454546,0.009002849459648132,False,7
2021-10-22,15,50,0.00013775824,0.10562911258135455,0.5727272727272728,0.009002849459648132,False,7
2021-10-22,16,50,0.008929473,22.115108746639486,0.9681818181818181,0.009002849459648132,False,7
2021-10-22,17,50,0.00036244612,0.6681204357522205,0.7,0.009002849459648132,False,7
2021-10-22,18,50,3.791748e-05,-0.14431564282424256,0.2590909090909091,0.009002849459648132,False,7
2021-10-22,19,50,2.6993666e-05,-0.1716626949650805,0.18636363636363637,0.009002849459648132,False,7
2021-10-22,20,50,0.037267193,93.05672367458294,0.990909090909091,0.009002849459648132,True,7
2021-10-22,21,50,5.4224278e-05,-0.10349265280705813,0.33181818181818185,0.009002849459648132,False,7
2021-10-22,22,50,1.5781434e-05,-0.19973178041883125,0.08636363636363636,0.009002849459648132,False,7
2021-10-18,1,60,1.41661185e-05,-0.1806842996567406,0.06818181818181818,0.024040140211582184,False,7
2021-10-18,2,60,3.0589326e-05,-0.1540409418762383,0.22272727272727272,0.024040140211582184,False,7
2021-10-18,3,60,4.413234e-05,-0.1320701224418996,0.3,0.024040140211582184,False,7
2021-10-18,4,60,0.00021662768,0.14776894404643415,0.6090909090909091,0.024040140211582184,False,7
2021-10-18,5,60,1.1367131e-05,-0.18522509453238423,0.045454545454545456,0.024040140211582184,False,7
2021-10-18,6,60,7.988039e-05,-0.07407608869525391,0.4318181818181818,0.024040140211582184,False,7
2021-10-18,7,60,0.0011999678,1.7430408948809615,0.8136363636363636,0.024040140211582184,False,7
2021-10-18,8,60,0.00067630515,0.8935033539461328,0.759090909090909,0.024040140211582184,False,7
2021-10-18,9,60,5.790179e-05,-0.10973195165025698,0.38181818181818183,0.024040140211582184,False,7
2021-10-18,10,60,0.0014913462,2.215743779548911,0.8181818181818182,0.024040140211582184,False,7
2021-10-18,11,60,0.0001111537,-0.023341421318214078,0.4772727272727273,0.024040140211582184,False,7
2021-10-18,12,60,8.462104e-05,-0.06638533545870043,0.43636363636363634,0.024040140211582184,False,7
2021-10-18,13,60,8.285499e-06,-0.19022442497030823,0.013636363636363636,0.024040140211582184,False,7
2021-10-18,14,60,6.81861e-05,-0.09304772683538715,0.4090909090909091,0.024040140211582184,False,7
2021-10-18,15,60,8.713596e-05,-0.062305382308967885,0.44545454545454544,0.024040140211582184,False,7
2021-10-18,16,60,4.7061763e-05,-0.12731771971633526,0.30454545454545456,0.024040140211582184,False,7
2021-10-18,17,60,0.0015735714,2.3491376428657857,0.8318181818181818,0.024040140211582184,False,7
2021-10-18,18,60,2.3822222e-05,-0.16501921030615704,0.18181818181818182,0.024040140211582184,False,7
2021-10-18,19,60,5.560112e-05,-0.11346433067704645,0.36818181818181817,0.024040140211582184,False,7
2021-10-18,20,60,3.3664044e-05,-0.1490528294562825,0.24545454545454545,0.024040140211582184,False,7
2021-10-18,21,60,0.0045022317,7.10030116032978,0.9,0.024040140211582184,False,7
2021-10-18,22,60,0.00019203349,0.10786980493171071,0.5818181818181818,0.024040140211582184,False,7
2021-10-19,1,60,0.00033772015,0.3442171631576051,0.6909090909090909,0.024040140211582184,False,7
2021-10-19,2,60,6.142479e-05,-0.1040165906031292,0.39545454545454545,0.024040140211582184,False,7
2021-10-19,3,60,0.037095733,59.97671381447301,0.9818181818181818,0.024040140211582184,True,7
2021-10-19,4,60,4.978304e-05,-0.1229029936436981,0.32727272727272727,0.024040140211582184,False,7
2021-10-19,5,60,1.1211455e-05,-0.18547764822166254,0.04090909090909091,0.024040140211582184,False,7
2021-10-19,6,60,0.021127943,34.072180014960374,0.9636363636363636,0.024040140211582184,False,7
2021-10-19,7,60,3.8378108e-05,-0.1414052072339664,0.2772727272727273,0.024040140211582184,False,7
2021-10-19,8,60,0.00025808465,0.21502454863969772,0.6409090909090909,0.024040140211582184,False,7
2021-10-19,9,60,0.0011995735,1.7424012244037987,0.8136363636363636,0.024040140211582184,False,7
2021-10-19,10,60,0.0004876486,0.5874459602084022,0.7181818181818181,0.024040140211582184,False,7
2021-10-19,11,60,1.1496779e-05,-0.18501476739265638,0.045454545454545456,0.024040140211582184,False,7
2021-10-19,12,60,0.00051355374,0.6294718572928122,0.7272727272727273,0.024040140211582184,False,7
2021-10-19,13,60,0.00076014927,1.0295236056570616,0.7681818181818182,0.024040140211582184,False,7
2021-10-19,14,60,0.0010036717,1.4245898148255216,0.8045454545454546,0.024040140211582184,False,7
2021-10-19,15,60,0.00024658832,0.19637405595779012,0.6318181818181818,0.024040140211582184,False,7
2021-10-19,16,60,5.1073897e-05,-0.12080883771597206,0.33636363636363636,0.024040140211582184,False,7
2021-10-19,17,60,0.0019925542,3.028853153871093,0.85,0.024040140211582184,False,7
2021-10-19,18,60,0.00024325491,0.19096627192311189,0.6318181818181818,0.024040140211582184,False,7
2021-10-19,19,60,1.115692e-05,-0.18556612050805082,0.04090909090909091,0.024040140211582184,False,7
2021-10-19,20,60,0.00931212,14.903379739458957,0.9454545454545454,0.024040140211582184,False,7
2021-10-19,21,60,2.1868029e-05,-0.1681894962526973,0.1590909090909091,0.024040140211582184,False,7
2021-10-19,22,60,0.0040671546,6.394475875543175,0.8863636363636364,0.024040140211582184,False,7
2021-10-20,1,60,0.000111477755,-0.02281570453876566,0.4772727272727273,0.024040140211582184,False,7
2021-10-20,2,60,0.00088548043,1.2328482587901695,0.7909090909090909,0.024040140211582184,False,7
2021-10-20,3,60,0.00017527382,0.08068059902398168,0.5590909090909091,0.024040140211582184,False,7
2021-10-20,4,60,6.426663e-05,-0.0994062817881805,0.4,0.024040140211582184,False,7
2021-10-20,5,60,0.0004675379,0.5548204051169926,0.7181818181818181,0.024040140211582184,False,7
2021-10-20,6,60,3.041596e-05,-0.15432219350705045,0.21818181818181817,0.024040140211582184,False,7
2021-10-20,7,60,2.3044957e-05,-0.16628016687222974,0.17727272727272728,0.024040140211582184,False,7
2021-10-20,8,60,2.7675878e-05,-0.15876742645059524,0.20454545454545456,0.024040140211582184,False,7
2021-10-20,9,60,2.5308815e-05,-0.16260751202422724,0.19545454545454546,0.024040140211582184,False,7
2021-10-20,10,60,0.0013683419,2.0161939754451175,0.8136363636363636,0.024040140211582184,False,7
2021-10-20,11,60,6.0733935e-05,-0.10513736547104013,0.39545454545454545,0.024040140211582184,False,7
2021-10-20,12,60,0.0042689764,6.721891218721887,0.9,0.024040140211582184,False,7
2021-10-20,13,60,1.8582043e-05,-0.17352034914744885,0.11818181818181818,0.024040140211582184,False,7
2021-10-20,14,60,0.0016491454,2.471741339849111,0.8409090909090909,0.024040140211582184,False,7
2021-10-20,15,60,3.3189182e-05,-0.1498231972939113,0.24545454545454545,0.024040140211582184,False,7
2021-10-20,16,60,4.60847e-05,-0.1289028080971202,0.30454545454545456,0.024040140211582184,False,7
2021-10-20,17,60,0.00015572185,0.048961456243269565,0.5318181818181819,0.024040140211582184,False,7
2021-10-20,18,60,2.8420012e-05,-0.15756021839939116,0.20454545454545456,0.024040140211582184,False,7
2021-10-20,19,60,1.5519636e-05,-0.17848848957066418,0.09090909090909091,0.024040140211582184,False,7
2021-10-20,20,60,0.0035338372,5.529275378791102,0.8863636363636364,0.024040140211582184,False,7
2021-10-20,21,60,2.7535663e-05,-0.15899489710614223,0.20454545454545456,0.024040140211582184,False,7
2021-10-20,22,60,2.178614e-05,-0.1683223448521741,0.1590909090909091,0.024040140211582184,False,7
2021-10-22,1,60,0.00047631198,0.5690545841177751,0.7181818181818181,0.024040140211582184,False,7
2021-10-22,2,60,0.0066116024,10.52233159977454,0.9181818181818182,0.024040140211582184,False,7
2021-10-22,3,60,0.91309226,1481.1052153132116,1.0,0.024040140211582184,True,7
2021-10-22,4,60,0.00030862127,0.2970100674105204,0.6772727272727272,0.024040140211582184,False,7
2021-10-22,5,60,0.0023964846,3.6841491924740826,0.8636363636363636,0.024040140211582184,False,7
2021-10-22,6,60,0.0045354855,7.154248781369209,0.9,0.024040140211582184,False,7
2021-10-22,7,60,3.7334772e-05,-0.14309781035015945,0.2681818181818182,0.024040140211582184,False,7
2021-10-22,8,60,5.650747e-05,-0.11199395733782308,0.38181818181818183,0.024040140211582184,False,7
2021-10-22,9,60,8.200069e-05,-0.07063632538902948,0.43636363636363634,0.024040140211582184,False,7
2021-10-22,10,60,0.0011632828,1.683526799780743,0.8136363636363636,0.024040140211582184,False,7
2021-10-22,11,60,5.0796447e-05,-0.12125894537891868,0.33181818181818185,0.024040140211582184,False,7
2021-10-22,12,60,0.0009937709,1.408527796794447,0.8,0.024040140211582184,False,7
2021-10-22,13,60,0.016312804,26.260583827765053,0.9545454545454546,0.024040140211582184,False,7
2021-10-22,14,60,0.00010350571,-0.03574875280627322,0.4681818181818182,0.024040140211582184,False,7
2021-10-22,15,60,0.00016311562,0.06095636363788203,0.5454545454545454,0.024040140211582184,False,7
2021-10-22,16,60,0.0074229985,11.838658992318718,0.9409090909090909,0.024040140211582184,False,7
2021-10-22,17,60,0.00040978013,0.46112001184202484,0.7090909090909091,0.024040140211582184,False,7
2021-10-22,18,60,5.684456e-05,-0.11144709408546653,0.38181818181818183,0.024040140211582184,False,7
2021-10-22,19,60,1.8689672e-05,-0.17334574172322706,0.11818181818181818,0.024040140211582184,False,7
2021-10-22,20,60,0.023885718,38.54611578680418,0.9681818181818181,0.024040140211582184,False,7
2021-10-22,21,60,4.091545e-05,-0.13728888073437823,0.29545454545454547,0.024040140211582184,False,7
2021-10-22,22,60,4.2483436e-05,-0.13474513651005107,0.29545454545454547,0.024040140211582184,False,7
2021-10-18,1,65,2.2386537e-05,-0.17046575238772985,0.1318181818181818,0.014222824014723301,False,7
2021-10-18,2,65,1.8110499e-05,-0.1797987934591917,0.09090909090909091,0.014222824014723301,False,7
2021-10-18,3,65,3.8932558e-05,-0.1343517905614284,0.2818181818181818,0.014222824014723301,False,7
2021-10-18,4,65,0.000107913846,0.016209341889443143,0.5136363636363637,0.014222824014723301,False,7
2021-10-18,5,65,1.9014644e-05,-0.17782537272981594,0.09545454545454546,0.014222824014723301,False,7
2021-10-18,6,65,0.00028120843,0.3944485624952319,0.6909090909090909,0.014222824014723301,False,7
2021-10-18,7,65,0.00033531146,0.5125358572302148,0.7,0.014222824014723301,False,7
2021-10-18,8,65,0.00013904707,0.0841618825777644,0.5681818181818182,0.014222824014723301,False,7
2021-10-18,9,65,0.00014606521,0.09947993970378814,0.5727272727272728,0.014222824014723301,False,7
2021-10-18,10,65,0.0026622808,5.591465978762244,0.8909090909090909,0.014222824014723301,False,7
2021-10-18,11,65,5.7968533e-05,-0.09280316099234709,0.3409090909090909,0.014222824014723301,False,7
2021-10-18,12,65,8.532461e-05,-0.033094768139103885,0.4318181818181818,0.014222824014723301,False,7
2021-10-18,13,65,1.0556348e-05,-0.19628676555852534,0.02727272727272727,0.014222824014723301,False,7
2021-10-18,14,65,3.1307038e-05,-0.15099553521296893,0.22727272727272727,0.014222824014723301,False,7
2021-10-18,15,65,5.9346246e-05,-0.08979611212902588,0.34545454545454546,0.014222824014723301,False,7
2021-10-18,16,65,3.1535274e-05,-0.1504973790733604,0.22727272727272727,0.014222824014723301,False,7
2021-10-18,17,65,0.005865911,12.583828816043463,0.9409090909090909,0.014222824014723301,False,7
2021-10-18,18,65,1.0518422e-05,-0.19636954410635865,0.02727272727272727,0.014222824014723301,False,7
2021-10-18,19,65,2.2601092e-05,-0.1699974560782534,0.1318181818181818,0.014222824014723301,False,7
2021-10-18,20,65,4.0495903e-05,-0.1309395754456618,0.2818181818181818,0.014222824014723301,False,7
2021-10-18,21,65,0.0014249071,2.8907280111844655,0.8363636363636363,0.014222824014723301,False,7
2021-10-18,22,65,5.728016e-05,-0.09430563332256041,0.3409090909090909,0.014222824014723301,False,7
2021-10-19,1,65,0.00053565495,0.9498130398854855,0.7636363636363637,0.014222824014723301,False,7
2021-10-19,2,65,2.8535622e-05,-0.157044530946108,0.19545454545454546,0.014222824014723301,False,7
2021-10-19,3,65,0.09876132,215.3408147314403,0.9954545454545455,0.014222824014723301,True,7
2021-10-19,4,65,5.953285e-05,-0.08938882579290935,0.34545454545454546,0.014222824014723301,False,7
2021-10-19,5,65,2.4827881e-05,-0.16513718411316572,0.16818181818181818,0.014222824014723301,False,7
2021-10-19,6,65,0.04147787,90.3118196314281,0.9954545454545455,0.014222824014723301,True,7
2021-10-19,7,65,5.068477e-05,-0.10870097762834709,0.3181818181818182,0.014222824014723301,False,7
2021-10-19,8,65,0.00026813213,0.36590775790287344,0.6909090909090909,0.014222824014723301,False,7
2021-10-19,9,65,0.00024515035,0.3157468640979896,0.6727272727272727,0.014222824014723301,False,7
2021-10-19,10,65,0.00077090785,1.4632847909804845,0.7954545454545454,0.014222824014723301,False,7
2021-10-19,11,65,1.3050679e-05,-0.190842545528643,0.05,0.014222824014723301,False,7
2021-10-19,12,65,0.0006463289,1.1913741346731104,0.7818181818181819,0.014222824014723301,False,7
2021-10-19,13,65,0.00058059394,1.0478985600627932,0.7727272727272727,0.014222824014723301,False,7
2021-10-19,14,65,0.00029132032,0.4165191575772893,0.6954545454545454,0.014222824014723301,False,7
2021-10-19,15,65,0.00014856383,0.10493352542164837,0.5818181818181818,0.014222824014723301,False,7
2021-10-19,16,65,4.4968197e-05,-0.12117817821777878,0.30454545454545456,0.014222824014723301,False,7
2021-10-19,17,65,0.00040293016,0.6601229648926273,0.7181818181818181,0.014222824014723301,False,7
2021-10-19,18,65,0.0013449821,2.716280602705565,0.8318181818181818,0.014222824014723301,False,7
2021-10-19,19,65,1.0906811e-05,-0.19552183023853623,0.02727272727272727,0.014222824014723301,False,7
2021-10-19,20,65,0.0011554835,2.3026740351326014,0.8272727272727273,0.014222824014723301,False,7
2021-10-19,21,65,3.7574046e-05,-0.1373169300554005,0.2727272727272727,0.014222824014723301,False,7
2021-10-19,22,65,0.0030841467,6.512246108491634,0.9045454545454545,0.014222824014723301,False,7
2021-10-20,1,65,6.791743e-05,-0.0710883191264601,0.38181818181818183,0.014222824014723301,False,7
2021-10-20,2,65,0.00039104163,0.634174601789478,0.7136363636363636,0.014222824014723301,False,7
2021-10-20,3,65,9.881114e-05,-0.0036585577218079526,0.4954545454545455,0.014222824014723301,False,7
2021-10-20,4,65,4.3452223e-05,-0.12448700153773361,0.3,0.014222824014723301,False,7
2021-10-20,5,65,0.00034332537,0.530027325675063,0.7045454545454546,0.014222824014723301,False,7
2021-10-20,6,65,3.0382706e-05,-0.15301301715691806,0.20909090909090908,0.014222824014723301,False,7
2021-10-20,7,65,4.1832118e-05,-0.1280231025914662,0.2863636363636364,0.014222824014723301,False,7
2021-10-20,8,65,2.0509136e-05,-0.1745634374026626,0.10909090909090909,0.014222824014723301,False,7
2021-10-20,9,65,4.7769576e-05,-0.11506378544675433,0.31363636363636366,0.014222824014723301,False,7
2021-10-20,10,65,0.00021953916,0.2598469117357535,0.6545454545454545,0.014222824014723301,False,7
2021-10-20,11,65,8.92001e-05,-0.024635983668392012,0.45,0.014222824014723301,False,7
2021-10-20,12,65,0.0075448984,16.24844937368133,0.9545454545454546,0.014222824014723301,False,7
2021-10-20,13,65,1.6172089e-05,-0.18402963878560313,0.07272727272727272,0.014222824014723301,False,7
2021-10-20,14,65,0.00073015504,1.3743361803138945,0.7909090909090909,0.014222824014723301,False,7
2021-10-20,15,65,2.6479052e-05,-0.16153327611370433,0.17727272727272728,0.014222824014723301,False,7
2021-10-20,16,65,2.3402967e-05,-0.1682472555442436,0.14545454545454545,0.014222824014723301,False,7
2021-10-20,17,65,0.00012148176,0.045823178792593414,0.5363636363636364,0.014222824014723301,False,7
2021-10-20,18,65,3.3203713e-05,-0.14685578202092145,0.23636363636363636,0.014222824014723301,False,7
2021-10-20,19,65,3.5564426e-05,-0.14170320054203156,0.25,0.014222824014723301,False,7
2021-10-20,20,65,0.0015576006,3.1803496717918915,0.8363636363636363,0.014222824014723301,False,7
2021-10-20,21,65,8.148241e-05,-0.04148089805704118,0.42727272727272725,0.014222824014723301,False,7
2021-10-20,22,65,1.60396e-05,-0.18431881581622836,0.07272727272727272,0.014222824014723301,False,7
2021-10-22,1,65,5.2977633e-05,-0.10369648439090481,0.32727272727272727,0.014222824014723301,False,7
2021-10-22,2,65,0.0028751665,6.056118189963955,0.9,0.014222824014723301,False,7
2021-10-22,3,65,0.4230932,923.2396763622401,1.0,0.014222824014723301,True,7
2021-10-22,4,65,0.0002619577,0.3524312038655128,0.6772727272727272,0.014222824014723301,False,7
2021-10-22,5,65,0.0083749555,18.06016292052944,0.9590909090909091,0.014222824014723301,False,7
2021-10-22,6,65,0.00064460153,1.1876039112709014,0.7818181818181819,0.014222824014723301,False,7
2021-10-22,7,65,3.2777854e-05,-0.14778527593275081,0.23636363636363636,0.014222824014723301,False,7
2021-10-22,8,65,4.847569e-05,-0.11352259578328103,0.31363636363636366,0.014222824014723301,False,7
2021-10-22,9,65,0.00047217772,0.8112652702425892,0.7363636363636363,0.014222824014723301,False,7
2021-10-22,10,65,0.00021402686,0.24781557188870929,0.6545454545454545,0.014222824014723301,False,7
2021-10-22,11,65,0.000103063976,0.005623835583001164,0.509090909090909,0.014222824014723301,False,7
2021-10-22,12,65,0.00228497,4.767933118300076,0.8681818181818182,0.014222824014723301,False,7
2021-10-22,13,65,0.009460863,20.430304537136077,0.9590909090909091,0.014222824014723301,False,7
2021-10-22,14,65,0.00016770791,0.1467181036285107,0.6090909090909091,0.014222824014723301,False,7
2021-10-22,15,65,0.00021255917,0.24461213340202484,0.6545454545454545,0.014222824014723301,False,7
2021-10-22,16,65,0.00049788057,0.8673652568664095,0.75,0.014222824014723301,False,7
2021-10-22,17,65,0.00036217552,0.5711703522703435,0.7136363636363636,0.014222824014723301,False,7
2021-10-22,18,65,5.700204e-05,-0.09491266806628318,0.3409090909090909,0.014222824014723301,False,7
2021-10-22,19,65,2.2697208e-05,-0.16978767101985948,0.1318181818181818,0.014222824014723301,False,7
2021-10-22,20,65,0.000368273,0.5844789512147764,0.7136363636363636,0.014222824014723301,False,7
2021-10-22,21,65,6.757994e-05,-0.07182494894732318,0.37727272727272726,0.014222824014723301,False,7
2021-10-22,22,65,2.9273853e-05,-0.1554332395646926,0.20454545454545456,0.014222824014723301,False,7
2021-10-18,1,70,1.750563e-05,-0.19183102920645526,0.07272727272727272,0.019442878663539886,False,7
2021-10-18,2,70,2.0437306e-05,-0.18586399287764283,0.09090909090909091,0.019442878663539886,False,7
2021-10-18,3,70,3.105802e-05,-0.1642469413082685,0.18181818181818182,0.019442878663539886,False,7
2021-10-18,4,70,0.00011789997,0.012508271424836855,0.5136363636363637,0.019442878663539886,False,7
2021-10-18,5,70,1.16972415e-05,-0.20365323099356802,0.04090909090909091,0.019442878663539886,False,7
2021-10-18,6,70,0.00020962828,0.1992090457520076,0.6318181818181818,0.019442878663539886,False,7
2021-10-18,7,70,0.000486178,0.7620891680052679,0.7363636363636363,0.019442878663539886,False,7
2021-10-18,8,70,0.0012139035,2.243277575670695,0.8454545454545455,0.019442878663539886,False,7
2021-10-18,9,70,0.0002785858,0.339562873361834,0.6727272727272727,0.019442878663539886,False,7
2021-10-18,10,70,0.0017457262,3.325731803355915,0.8818181818181818,0.019442878663539886,False,7
2021-10-18,11,70,5.9588394e-05,-0.1061771683757952,0.3181818181818182,0.019442878663539886,False,7
2021-10-18,12,70,0.00013794529,0.05330785353762634,0.5454545454545454,0.019442878663539886,False,7
2021-10-18,13,70,1.0023802e-05,-0.20705929387531558,0.04090909090909091,0.019442878663539886,False,7
2021-10-18,14,70,2.0910644e-05,-0.18490057759378611,0.09090909090909091,0.019442878663539886,False,7
2021-10-18,15,70,6.193067e-05,-0.1014097843703919,0.32272727272727275,0.019442878663539886,False,7
2021-10-18,16,70,2.6706553e-05,-0.1731037755090594,0.15,0.019442878663539886,False,7
2021-10-18,17,70,0.0021983646,4.247016924261719,0.8954545454545455,0.019442878663539886,False,7
2021-10-18,18,70,3.1270156e-05,-0.16381517043272495,0.18636363636363637,0.019442878663539886,False,7
2021-10-18,19,70,3.62802e-05,-0.15361789614048552,0.22272727272727272,0.019442878663539886,False,7
2021-10-18,20,70,5.2184194e-05,-0.12124743138313254,0.29545454545454547,0.019442878663539886,False,7
2021-10-18,21,70,0.0025407884,4.943974954016376,0.9,0.019442878663539886,False,7
2021-10-18,22,70,0.00016088941,0.10000755641608775,0.5772727272727273,0.019442878663539886,False,7
2021-10-19,1,70,0.00059039326,0.9742054461804538,0.759090909090909,0.019442878663539886,False,7
2021-10-19,2,70,2.6995212e-05,-0.17251624842341728,0.15,0.019442878663539886,False,7
2021-10-19,3,70,0.043326024,87.9568901464075,0.9863636363636363,0.019442878663539886,True,7
2021-10-19,4,70,6.532252e-05,-0.09450611527314592,0.3409090909090909,0.019442878663539886,False,7
2021-10-19,5,70,2.0478823e-05,-0.1857794913387959,0.09090909090909091,0.019442878663539886,False,7
2021-10-19,6,70,0.011992816,24.18231809742401,0.9590909090909091,0.019442878663539886,False,7
2021-10-19,7,70,3.7241996e-05,-0.15166028456181987,0.23636363636363636,0.019442878663539886,False,7
2021-10-19,8,70,0.00018689426,0.15293697456575506,0.6,0.019442878663539886,False,7
2021-10-19,9,70,0.0002766755,0.3356747363094012,0.6727272727272727,0.019442878663539886,False,7
2021-10-19,10,70,0.016850648,34.069789311495725,0.9636363636363636,0.019442878663539886,False,7
2021-10-19,11,70,9.037609e-05,-0.043512916751063925,0.45454545454545453,0.019442878663539886,False,7
2021-10-19,12,70,0.0011763884,2.1669204094651944,0.8409090909090909,0.019442878663539886,False,7
2021-10-19,13,70,0.00042479773,0.6371578042172947,0.7318181818181818,0.019442878663539886,False,7
2021-10-19,14,70,0.011501283,23.181869162636175,0.9590909090909091,0.019442878663539886,False,7
2021-10-19,15,70,0.00010235079,-0.019140013207623104,0.4863636363636364,0.019442878663539886,False,7
2021-10-19,16,70,3.6529887e-05,-0.15310968735874528,0.22727272727272727,0.019442878663539886,False,7
2021-10-19,17,70,0.0004259621,0.6395276977081105,0.7318181818181818,0.019442878663539886,False,7
2021-10-19,18,70,0.00017717626,0.1331572761197,0.5909090909090909,0.019442878663539886,False,7
2021-10-19,19,70,1.414065e-05,-0.19867999851463294,0.05454545454545454,0.019442878663539886,False,7
2021-10-19,20,70,0.0117716,23.732062147431268,0.9590909090909091,0.019442878663539886,False,7
2021-10-19,21,70,2.2775223e-05,-0.1811054759063062,0.09545454545454546,0.019442878663539886,False,7
2021-10-19,22,70,0.0018870886,3.613456196240829,0.8954545454545455,0.019442878663539886,False,7
2021-10-20,1,70,7.4489784e-05,-0.07584737283479154,0.39545454545454545,0.019442878663539886,False,7
2021-10-20,2,70,0.00018433406,0.14772601671837624,0.6,0.019442878663539886,False,7
2021-10-20,3,70,6.156095e-05,-0.10216228641971341,0.32272727272727275,0.019442878663539886,False,7
2021-10-20,4,70,4.465398e-05,-0.13657417566479338,0.2545454545454545,0.019442878663539886,False,7
2021-10-20,5,70,0.00014001019,0.05751068699743678,0.5454545454545454,0.019442878663539886,False,7
2021-10-20,6,70,6.448715e-05,-0.09620640885527552,0.33636363636363636,0.019442878663539886,False,7
2021-10-20,7,70,1.6556305e-05,-0.1937632540408222,0.06818181818181818,0.019442878663539886,False,7
2021-10-20,8,70,3.1221796e-05,-0.16391360006433134,0.18636363636363637,0.019442878663539886,False,7
2021-10-20,9,70,3.8867787e-05,-0.14835120370820476,0.24545454545454545,0.019442878663539886,False,7
2021-10-20,10,70,0.00021232746,0.20470286013495886,0.6363636363636364,0.019442878663539886,False,7
2021-10-20,11,70,9.075193e-05,-0.0427479453193889,0.45454545454545453,0.019442878663539886,False,7
2021-10-20,12,70,0.007897247,15.84633233739942,0.95,0.019442878663539886,False,7
2021-10-20,13,70,1.9734636e-05,-0.18729418438447548,0.08636363636363636,0.019442878663539886,False,7
2021-10-20,14,70,0.0005086089,0.8077442269036624,0.7454545454545455,0.019442878663539886,False,7
2021-10-20,15,70,2.9743855e-05,-0.16692175340396923,0.17727272727272728,0.019442878663539886,False,7
2021-10-20,16,70,2.8681394e-05,-0.1690842508553911,0.17272727272727273,0.019442878663539886,False,7
2021-10-20,17,70,0.00022991956,0.24050923950503217,0.6545454545454545,0.019442878663539886,False,7
2021-10-20,18,70,2.9494417e-05,-0.1674294512668363,0.17727272727272728,0.019442878663539886,False,7
2021-10-20,19,70,1.6408629e-05,-0.1940638298352853,0.06818181818181818,0.019442878663539886,False,7
2021-10-20,20,70,0.0017002958,3.233264313623626,0.8818181818181818,0.019442878663539886,False,7
2021-10-20,21,70,6.378855e-05,-0.09762830348388545,0.33636363636363636,0.019442878663539886,False,7
2021-10-20,22,70,0.0001489637,0.07573437831298957,0.5590909090909091,0.019442878663539886,False,7
2021-10-22,1,70,5.570641e-05,-0.11407843248904977,0.3,0.019442878663539886,False,7
2021-10-22,2,70,0.0016415102,3.1136139257825177,0.8818181818181818,0.019442878663539886,False,7
2021-10-22,3,70,0.69804597,1420.5521416441866,1.0,0.019442878663539886,True,7
2021-10-22,4,70,0.00023590626,0.2526943732541523,0.6545454545454545,0.019442878663539886,False,7
2021-10-22,5,70,0.006660389,13.328872917778826,0.9409090909090909,0.019442878663539886,False,7
2021-10-22,6,70,0.00037039083,0.5264197963440348,0.7136363636363636,0.019442878663539886,False,7
2021-10-22,7,70,3.738882e-05,-0.15136144144875266,0.23636363636363636,0.019442878663539886,False,7
2021-10-22,8,70,6.133623e-05,-0.10261968468974951,0.32272727272727275,0.019442878663539886,False,7
2021-10-22,9,70,0.00035778902,0.5007704841722701,0.7090909090909091,0.019442878663539886,False,7
2021-10-22,10,70,0.00020206778,0.1838206431883648,0.6181818181818182,0.019442878663539886,False,7
2021-10-22,11,70,9.563672e-05,-0.03280559733098942,0.4590909090909091,0.019442878663539886,False,7
2021-10-22,12,70,0.0019775575,3.7975936091305496,0.8954545454545455,0.019442878663539886,False,7
2021-10-22,13,70,0.004798158,9.538550321010698,0.9272727272727272,0.019442878663539886,False,7
2021-10-22,14,70,0.00016489932,0.10816919663449594,0.5772727272727273,0.019442878663539886,False,7
2021-10-22,15,70,0.00016218709,0.10264881447014067,0.5772727272727273,0.019442878663539886,False,7
2021-10-22,16,70,0.00173782,3.309639724816133,0.8818181818181818,0.019442878663539886,False,7
2021-10-22,17,70,0.00045777456,0.704277734907077,0.7363636363636363,0.019442878663539886,False,7
2021-10-22,18,70,4.742837e-05,-0.13092727814005092,0.2772727272727273,0.019442878663539886,False,7
2021-10-22,19,70,1.4945151e-05,-0.19704254425159068,0.05909090909090909,0.019442878663539886,False,7
2021-10-22,20,70,0.00047732124,0.7440624099991414,0.7363636363636363,0.019442878663539886,False,7
2021-10-22,21,70,0.00016453917,0.10743616873932509,0.5772727272727273,0.019442878663539886,False,7
2021-10-22,22,70,0.0001408209,0.05916079205605565,0.5454545454545454,0.019442878663539886,False,7
2021-10-18,1,75,1.8036832e-05,-0.21207318709399883,0.11818181818181818,0.015073233284056187,False,7
2021-10-18,2,75,1.8146528e-05,-0.21178256162462578,0.11818181818181818,0.015073233284056187,False,7
2021-10-18,3,75,2.9766614e-05,-0.18099662772578062,0.22727272727272727,0.015073233284056187,False,7
2021-10-18,4,75,0.00013371574,0.09440331228795819,0.5863636363636363,0.015073233284056187,False,7
2021-10-18,5,75,1.939292e-05,-0.20848040165513582,0.1318181818181818,0.015073233284056187,False,7
2021-10-18,6,75,3.5651694e-05,-0.16540485996279758,0.2772727272727273,0.015073233284056187,False,7
2021-10-18,7,75,0.00011136164,0.03517896345423517,0.5227272727272727,0.015073233284056187,False,7
2021-10-18,8,75,0.0007617725,1.758359452044005,0.8090909090909091,0.015073233284056187,False,7
2021-10-18,9,75,0.000116092124,0.047711780805033514,0.5272727272727272,0.015073233284056187,False,7
2021-10-18,10,75,0.0005326191,1.1512467115060203,0.7727272727272727,0.015073233284056187,False,7
2021-10-18,11,75,0.00011406037,0.04232891095336532,0.5272727272727272,0.015073233284056187,False,7
2021-10-18,12,75,8.368966e-05,-0.03813441233745551,0.4818181818181818,0.015073233284056187,False,7
2021-10-18,13,75,1.2223201e-05,-0.227475657466391,0.045454545454545456,0.015073233284056187,False,7
2021-10-18,14,75,6.3052474e-05,-0.09280999499475145,0.4090909090909091,0.015073233284056187,False,7
2021-10-18,15,75,2.6983964e-05,-0.18836890327525496,0.20454545454545456,0.015073233284056187,False,7
2021-10-18,16,75,2.8029945e-05,-0.18559771092034044,0.21363636363636362,0.015073233284056187,False,7
2021-10-18,17,75,0.0031783567,8.160790446916344,0.9090909090909091,0.015073233284056187,False,7
2021-10-18,18,75,1.6259384e-05,-0.21678230666590761,0.09090909090909091,0.015073233284056187,False,7
2021-10-18,19,75,5.20374e-05,-0.1219930214321802,0.38636363636363635,0.015073233284056187,False,7
2021-10-18,20,75,3.8393486e-05,-0.15814083283459238,0.2909090909090909,0.015073233284056187,False,7
2021-10-18,21,75,0.0011758108,2.8553010505364225,0.8545454545454545,0.015073233284056187,False,7
2021-10-18,22,75,4.9983788e-05,-0.1274338081891468,0.38181818181818183,0.015073233284056187,False,7
2021-10-19,1,75,0.00033272099,0.6216422694634764,0.7181818181818181,0.015073233284056187,False,7
2021-10-19,2,75,2.6947295e-05,-0.18846605312497294,0.20454545454545456,0.015073233284056187,False,7
2021-10-19,3,75,0.00209318,5.2857537072951795,0.8909090909090909,0.015073233284056187,False,7
2021-10-19,4,75,5.4846103e-05,-0.11455172558667626,0.39545454545454545,0.015073233284056187,False,7
2021-10-19,5,75,1.8015635e-05,-0.21212934499859548,0.11818181818181818,0.015073233284056187,False,7
2021-10-19,6,75,0.009122176,23.90818051998673,0.9545454545454546,0.015073233284056187,False,7
2021-10-19,7,75,3.3622306e-05,-0.17078146488045945,0.2636363636363636,0.015073233284056187,False,7
2021-10-19,8,75,8.2521314e-05,-0.041229790931296945,0.4818181818181818,0.015073233284056187,False,7
2021-10-19,9,75,9.6770134e-05,-0.0034793612182686573,0.4909090909090909,0.015073233284056187,False,7
2021-10-19,10,75,0.024410794,64.4134189951575,0.9772727272727273,0.015073233284056187,True,7
2021-10-19,11,75,0.00023477069,0.36213547909186466,0.6818181818181818,0.015073233284056187,False,7
2021-10-19,12,75,0.0013400065,3.290316478008701,0.8727272727272727,0.015073233284056187,False,7
2021-10-19,13,75,0.00052000873,1.1178372256508895,0.7727272727272727,0.015073233284056187,False,7
2021-10-19,14,75,0.00207581,5.239733853844612,0.8909090909090909,0.015073233284056187,False,7
2021-10-19,15,75,0.0007890193,1.8305462963177594,0.8090909090909091,0.015073233284056187,False,7
2021-10-19,16,75,4.386293e-05,-0.14365024288353978,0.3181818181818182,0.015073233284056187,False,7
2021-10-19,17,75,1.4361959e-05,-0.22180929212216693,0.07272727272727272,0.015073233284056187,False,7
2021-10-19,18,75,0.0006854747,1.5562182142248016,0.7909090909090909,0.015073233284056187,False,7
2021-10-19,19,75,1.9953608e-05,-0.20699493279125783,0.13636363636363635,0.015073233284056187,False,7
2021-10-19,20,75,0.018964889,49.985189464688425,0.9727272727272728,0.015073233284056187,True,7
2021-10-19,21,75,3.449673e-05,-0.16846478866852327,0.2681818181818182,0.015073233284056187,False,7
2021-10-19,22,75,0.00055737066,1.2168228745231886,0.7818181818181819,0.015073233284056187,False,7
2021-10-20,1,75,3.577014e-05,-0.16509105423760112,0.2772727272727273,0.015073233284056187,False,7
2021-10-20,2,75,0.00025695816,0.42091833320698246,0.6954545454545454,0.015073233284056187,False,7
2021-10-20,3,75,4.5366753e-05,-0.13966605328304205,0.33181818181818185,0.015073233284056187,False,7
2021-10-20,4,75,2.16903e-05,-0.20239378694735793,0.15454545454545454,0.015073233284056187,False,7
2021-10-20,5,75,0.00015830425,0.1595474069026108,0.6409090909090909,0.015073233284056187,False,7
2021-10-20,6,75,6.1014085e-05,-0.09821044521507738,0.4090909090909091,0.015073233284056187,False,7
2021-10-20,7,75,1.3727215e-05,-0.22349096426158277,0.05909090909090909,0.015073233284056187,False,7
2021-10-20,8,75,1.8827273e-05,-0.20997901242288702,0.12272727272727273,0.015073233284056187,False,7
2021-10-20,9,75,3.4537024e-05,-0.16835803419305562,0.2681818181818182,0.015073233284056187,False,7
2021-10-20,10,75,0.00020513772,0.28362671882741486,0.6636363636363637,0.015073233284056187,False,7
2021-10-20,11,75,5.2895855e-05,-0.11971865762068669,0.39090909090909093,0.015073233284056187,False,7
2021-10-20,12,75,0.007746739,20.26413527542368,0.9545454545454546,0.015073233284056187,False,7
2021-10-20,13,75,2.0959658e-05,-0.20432953107580998,0.14545454545454545,0.015073233284056187,False,7
2021-10-20,14,75,0.0005125429,1.098057460345823,0.7727272727272727,0.015073233284056187,False,7
2021-10-20,15,75,2.2373326e-05,-0.2005841993130731,0.16818181818181818,0.015073233284056187,False,7
2021-10-20,16,75,4.8541562e-05,-0.13125480107795998,0.36818181818181817,0.015073233284056187,False,7
2021-10-20,17,75,0.0030409156,7.796657832161945,0.9090909090909091,0.015073233284056187,False,7
2021-10-20,18,75,0.00015510774,0.15107868115679077,0.6409090909090909,0.015073233284056187,False,7
2021-10-20,19,75,1.4423188e-05,-0.22164707370402334,0.07272727272727272,0.015073233284056187,False,7
2021-10-20,20,75,0.0020209288,5.094333101654468,0.8909090909090909,0.015073233284056187,False,7
2021-10-20,21,75,0.0006116556,1.3606438609543006,0.7909090909090909,0.015073233284056187,False,7
2021-10-20,22,75,2.7404367e-05,-0.1872550992117118,0.20909090909090908,0.015073233284056187,False,7
2021-10-22,1,75,0.00042571817,0.8680264326818552,0.75,0.015073233284056187,False,7
2021-10-22,2,75,0.0011784644,2.862331347434392,0.8545454545454545,0.015073233284056187,False,7
2021-10-22,3,75,0.77414125,2050.728472569909,1.0,0.015073233284056187,True,7
2021-10-22,4,75,0.00034399127,0.6515014461323071,0.7227272727272728,0.015073233284056187,False,7
2021-10-22,5,75,0.002555193,6.5097976700527305,0.9045454545454545,0.015073233284056187,False,7
2021-10-22,6,75,0.00021704614,0.31517654094883035,0.6727272727272727,0.015073233284056187,False,7
2021-10-22,7,75,5.8602163e-05,-0.10460052368776127,0.40454545454545454,0.015073233284056187,False,7
2021-10-22,8,75,0.000121140736,0.06108743418524179,0.5318181818181819,0.015073233284056187,False,7
2021-10-22,9,75,0.0001114327,0.03536723917866503,0.5227272727272727,0.015073233284056187,False,7
2021-10-22,10,75,6.684516e-05,-0.08276175408725861,0.41363636363636364,0.015073233284056187,False,7
2021-10-22,11,75,0.0003780055,0.7416177990167823,0.7363636363636363,0.015073233284056187,False,7
2021-10-22,12,75,0.0018333364,4.597331144860161,0.8909090909090909,0.015073233284056187,False,7
2021-10-22,13,75,0.005007972,13.008122482120012,0.9409090909090909,0.015073233284056187,False,7
2021-10-22,14,75,0.00023708037,0.3682546810948354,0.6818181818181818,0.015073233284056187,False,7
2021-10-22,15,75,0.00015489978,0.15052771394519515,0.6409090909090909,0.015073233284056187,False,7
2021-10-22,16,75,0.0002389059,0.3730911715942726,0.6818181818181818,0.015073233284056187,False,7
2021-10-22,17,75,0.00021441802,0.30821367401748884,0.6727272727272727,0.015073233284056187,False,7
2021-10-22,18,75,4.7507812e-05,-0.13399358926652183,0.35,0.015073233284056187,False,7
2021-10-22,19,75,2.2201782e-05,-0.20103868172179143,0.16363636363636364,0.015073233284056187,False,7
2021-10-22,20,75,0.00018881187,0.2403734602340374,0.6545454545454545,0.015073233284056187,False,7
2021-10-22,21,75,4.4050557e-05,-0.1431531444660385,0.3181818181818182,0.015073233284056187,False,7
2021-10-22,22,75,3.2103366e-05,-0.17480570186679756,0.25,0.015073233284056187,False,7
2021-10-18,1,80,2.2518712e-05,-0.19085588017623947,0.14545454545454545,0.013101444579660892,False,7
2021-10-18,2,80,1.9493697e-05,-0.1991920558414393,0.12727272727272726,0.013101444579660892,False,7
2021-10-18,3,80,3.5705725e-05,-0.15451581959913738,0.24545454545454545,0.013101444579660892,False,7
2021-10-18,4,80,0.00012993501,0.1051561776886656,0.5727272727272728,0.013101444579660892,False,7
2021-10-18,5,80,1.4768811e-05,-0.21221264221577116,0.08636363636363636,0.013101444579660892,False,7
2021-10-18,6,80,2.2131579e-05,-0.19192272238538235,0.14545454545454545,0.013101444579660892,False,7
2021-10-18,7,80,0.00014964065,0.15945990933332493,0.6045454545454545,0.013101444579660892,False,7
2021-10-18,8,80,0.0008457977,2.077892083127675,0.8090909090909091,0.013101444579660892,False,7
2021-10-18,9,80,0.00011100975,0.05300296301865562,0.5409090909090909,0.013101444579660892,False,7
2021-10-18,10,80,0.00027674937,0.5097392917979612,0.7090909090909091,0.013101444579660892,False,7
2021-10-18,11,80,8.588051e-05,-0.01624685558460898,0.4863636363636364,0.013101444579660892,False,7
2021-10-18,12,80,8.368966e-05,-0.022284279505420494,0.4772727272727273,0.013101444579660892,False,7
2021-10-18,13,80,1.3312926e-05,-0.21622469054657192,0.06363636363636363,0.013101444579660892,False,7
2021-10-18,14,80,2.8795128e-05,-0.17355967159903093,0.18636363636363637,0.013101444579660892,False,7
2021-10-18,15,80,1.8374882e-05,-0.20227522576559703,0.11818181818181818,0.013101444579660892,False,7
2021-10-18,16,80,3.626453e-05,-0.1529758963382004,0.24545454545454545,0.013101444579660892,False,7
2021-10-18,17,80,0.0015332287,3.972277341088594,0.8818181818181818,0.013101444579660892,False,7
2021-10-18,18,80,1.6096312e-05,-0.20855438584800268,0.09090909090909091,0.013101444579660892,False,7
2021-10-18,19,80,5.20374e-05,-0.10950986475650001,0.35,0.013101444579660892,False,7
2021-10-18,20,80,3.5918114e-05,-0.15393052985937475,0.24545454545454545,0.013101444579660892,False,7
2021-10-18,21,80,0.0007547368,1.8269512501222058,0.8,0.013101444579660892,False,7
2021-10-18,22,80,2.5921732e-05,-0.1814780209083258,0.18181818181818182,0.013101444579660892,False,7
2021-10-19,1,80,0.00033272099,0.6639828530688285,0.7318181818181818,0.013101444579660892,False,7
2021-10-19,2,80,3.311972e-05,-0.16164219663025906,0.2318181818181818,0.013101444579660892,False,7
2021-10-19,3,80,0.002132089,5.622584717076946,0.8954545454545455,0.013101444579660892,False,7
2021-10-19,4,80,3.6565158e-05,-0.1521474418250022,0.25,0.013101444579660892,False,7
2021-10-19,5,80,4.5529847e-05,-0.12744303370807383,0.32272727272727275,0.013101444579660892,False,7
2021-10-19,6,80,0.0049547423,13.401100416592486,0.9363636363636364,0.013101444579660892,False,7
2021-10-19,7,80,2.3024133e-05,-0.18946306884626082,0.14545454545454545,0.013101444579660892,False,7
2021-10-19,8,80,6.672518e-05,-0.06903407315183877,0.41363636363636364,0.013101444579660892,False,7
2021-10-19,9,80,7.511099e-05,-0.04592490815648712,0.4318181818181818,0.013101444579660892,False,7
2021-10-19,10,80,0.013533772,37.042728875390516,0.9727272727272728,0.013101444579660892,True,7
2021-10-19,11,80,0.00020233596,0.304674804171716,0.6636363636363637,0.013101444579660892,False,7
2021-10-19,12,80,0.0022250537,5.878771613271176,0.9,0.013101444579660892,False,7
2021-10-19,13,80,0.00033113812,0.6596208650142943,0.7318181818181818,0.013101444579660892,False,7
2021-10-19,14,80,0.0013384905,3.4356284158845365,0.8681818181818182,0.013101444579660892,False,7
2021-10-19,15,80,0.00030073992,0.575851156972453,0.7227272727272728,0.013101444579660892,False,7
2021-10-19,16,80,3.7731068e-05,-0.14893448878088938,0.2636363636363636,0.013101444579660892,False,7
2021-10-19,17,80,1.4136454e-05,-0.21395525542097227,0.06818181818181818,0.013101444579660892,False,7
2021-10-19,18,80,0.0009506381,2.3668055592339527,0.8409090909090909,0.013101444579660892,False,7
2021-10-19,19,80,1.5684374e-05,-0.20968958086791795,0.09090909090909091,0.013101444579660892,False,7
2021-10-19,20,80,0.010194465,27.84044526091644,0.9636363636363636,0.013101444579660892,False,7
2021-10-19,21,80,2.8094062e-05,-0.17549163101262968,0.18636363636363637,0.013101444579660892,False,7
2021-10-19,22,80,0.0005827908,1.3531118410359644,0.7909090909090909,0.013101444579660892,False,7
2021-10-20,1,80,6.466826e-05,-0.0747024239755875,0.4,0.013101444579660892,False,7
2021-10-20,2,80,0.00014792872,0.1547422620950182,0.6,0.013101444579660892,False,7
2021-10-20,3,80,4.1838342e-05,-0.13761588288338372,0.2909090909090909,0.013101444579660892,False,7
2021-10-20,4,80,1.697153e-05,-0.20614250809646337,0.1,0.013101444579660892,False,7
2021-10-20,5,80,0.00016726792,0.20803620076340354,0.6409090909090909,0.013101444579660892,False,7
2021-10-20,6,80,2.115864e-05,-0.19460389597537311,0.1409090909090909,0.013101444579660892,False,7
2021-10-20,7,80,1.0605681e-05,-0.22368516976067943,0.045454545454545456,0.013101444579660892,False,7
2021-10-20,8,80,1.6931697e-05,-0.20625227561261864,0.1,0.013101444579660892,False,7
2021-10-20,9,80,3.7767717e-05,-0.148833493442708,0.2636363636363636,0.013101444579660892,False,7
2021-10-20,10,80,0.0007391407,1.7839725105206172,0.8,0.013101444579660892,False,7
2021-10-20,11,80,5.107716e-05,-0.11215604487538473,0.35,0.013101444579660892,False,7
2021-10-20,12,80,0.002448152,6.493573967341778,0.9,0.013101444579660892,False,7
2021-10-20,13,80,2.6627491e-05,-0.179533128798057,0.18181818181818182,0.013101444579660892,False,7
2021-10-20,14,80,0.0019132866,5.019620612676329,0.8863636363636364,0.013101444579660892,False,7
2021-10-20,15,80,4.0803618e-05,-0.14046732194151065,0.2909090909090909,0.013101444579660892,False,7
2021-10-20,16,80,3.317374e-05,-0.161493330263706,0.2318181818181818,0.013101444579660892,False,7
2021-10-20,17,80,0.0125045115,34.20634828835371,0.9636363636363636,0.013101444579660892,False,7
2021-10-20,18,80,0.00011117118,0.0534478277334126,0.5454545454545454,0.013101444579660892,False,7
2021-10-20,19,80,2.1594391e-05,-0.19340307503886708,0.14545454545454545,0.013101444579660892,False,7
2021-10-20,20,80,0.0022518376,5.952581260111987,0.9,0.013101444579660892,False,7
2021-10-20,21,80,0.0004176745,0.8980932149827506,0.759090909090909,0.013101444579660892,False,7
2021-10-20,22,80,0.00010123328,0.02606148911285117,0.5227272727272727,0.013101444579660892,False,7
2021-10-22,1,80,0.00011875627,0.07435039396715967,0.55,0.013101444579660892,False,7
2021-10-22,2,80,0.0003385938,0.6801668096310284,0.7318181818181818,0.013101444579660892,False,7
2021-10-22,3,80,0.73069215,2013.3491955498,1.0,0.013101444579660892,True,7
2021-10-22,4,80,0.00046903998,1.039643404649394,0.7772727272727272,0.013101444579660892,False,7
2021-10-22,5,80,0.002555193,6.788551414485752,0.9,0.013101444579660892,False,7
2021-10-22,6,80,0.00014557301,0.1482505295832767,0.5954545454545455,0.013101444579660892,False,7
2021-10-22,7,80,3.5000383e-05,-0.1564595638072599,0.23636363636363636,0.013101444579660892,False,7
2021-10-22,8,80,3.8859154e-05,-0.14582576926179863,0.2636363636363636,0.013101444579660892,False,7
2021-10-22,9,80,0.00010648307,0.04052858507804455,0.5318181818181819,0.013101444579660892,False,7
2021-10-22,10,80,0.00016546775,0.203075378726315,0.6409090909090909,0.013101444579660892,False,7
2021-10-22,11,80,0.0003047231,0.5868277882838254,0.7227272727272728,0.013101444579660892,False,7
2021-10-22,12,80,0.0030300338,8.09709233052916,0.9090909090909091,0.013101444579660892,False,7
2021-10-22,13,80,0.0025444068,6.758827626284256,0.9,0.013101444579660892,False,7
2021-10-22,14,80,0.0003337191,0.6667334070675829,0.7318181818181818,0.013101444579660892,False,7
2021-10-22,15,80,0.000113866176,0.06087454408766696,0.55,0.013101444579660892,False,7
2021-10-22,16,80,0.00011781299,0.07175096203786596,0.55,0.013101444579660892,False,7
2021-10-22,17,80,0.00024483222,0.4217837209846084,0.6772727272727272,0.013101444579660892,False,7
2021-10-22,18,80,7.5489406e-05,-0.04488209168964637,0.4409090909090909,0.013101444579660892,False,7
2021-10-22,19,80,1.1695055e-05,-0.2206831324574337,0.05454545454545454,0.013101444579660892,False,7
2021-10-22,20,80,0.0002220066,0.35888209198539406,0.6681818181818182,0.013101444579660892,False,7
2021-10-22,21,80,2.4652745e-05,-0.18497502710057867,0.1590909090909091,0.013101444579660892,False,7
2021-10-22,22,80,0.00011025934,0.05093501479576942,0.5363636363636364,0.013101444579660892,False,7
2021-10-18,1,100,1.6744609e-05,-0.2186649856989132,0.05454545454545454,0.009491180069744587,False,7
2021-10-18,2,100,0.0004986357,0.7330491006254916,0.7363636363636363,0.009491180069744587,False,7
2021-10-18,3,100,0.00019400513,0.13141688927131456,0.5818181818181818,0.009491180069744587,False,7
2021-10-18,4,100,0.00010128754,-0.05169635411199444,0.44545454545454544,0.009491180069744587,False,7
2021-10-18,5,100,1.1460654e-05,-0.22910056873125517,0.01818181818181818,0.009491180069744587,False,7
2021-10-18,6,100,5.6955527e-05,-0.13925015876724625,0.32272727272727275,0.009491180069744587,False,7
2021-10-18,7,100,9.048577e-05,-0.07302936958751698,0.4090909090909091,0.009491180069744587,False,7
2021-10-18,8,100,0.001027449,1.7774326127430662,0.8227272727272728,0.009491180069744587,False,7
2021-10-18,9,100,0.000105755804,-0.0428717188671243,0.4590909090909091,0.009491180069744587,False,7
2021-10-18,10,100,7.5098746e-05,-0.10341808511792461,0.36363636363636365,0.009491180069744587,False,7
2021-10-18,11,100,5.880083e-05,-0.13560576521070689,0.32727272727272727,0.009491180069744587,False,7
2021-10-18,12,100,8.306402e-05,-0.08768701179386117,0.39545454545454545,0.009491180069744587,False,7
2021-10-18,13,100,1.4168321e-05,-0.22375304215574846,0.04090909090909091,0.009491180069744587,False,7
2021-10-18,14,100,6.136267e-05,-0.13054624338984722,0.33636363636363636,0.009491180069744587,False,7
2021-10-18,15,100,9.538062e-05,-0.0633622530773256,0.4318181818181818,0.009491180069744587,False,7
2021-10-18,16,100,3.78505e-05,-0.17698176333919688,0.20909090909090908,0.009491180069744587,False,7
2021-10-18,17,100,0.00012908969,0.0032117002712927912,0.5045454545454545,0.009491180069744587,False,7
2021-10-18,18,100,8.419684e-05,-0.08544973539271282,0.4,0.009491180069744587,False,7
2021-10-18,19,100,4.534863e-05,-0.16217328236974782,0.2545454545454545,0.009491180069744587,False,7
2021-10-18,20,100,5.1166426e-05,-0.15068338351592556,0.2818181818181818,0.009491180069744587,False,7
2021-10-18,21,100,9.141149e-05,-0.07120111238738015,0.41363636363636364,0.009491180069744587,False,7
2021-10-18,22,100,0.00019615197,0.1356568135774717,0.5863636363636363,0.009491180069744587,False,7
2021-10-19,1,100,0.00013169255,0.008352231287827791,0.509090909090909,0.009491180069744587,False,7
2021-10-19,2,100,2.785078e-05,-0.19673077781113943,0.15454545454545454,0.009491180069744587,False,7
2021-10-19,3,100,0.00072853133,1.1870830603988038,0.7863636363636364,0.009491180069744587,False,7
2021-10-19,4,100,2.8519898e-05,-0.1954092968955049,0.1590909090909091,0.009491180069744587,False,7
2021-10-19,5,100,2.8004986e-05,-0.19642622634450657,0.15454545454545454,0.009491180069744587,False,7
2021-10-19,6,100,0.0003843278,0.5072959647792853,0.6681818181818182,0.009491180069744587,False,7
2021-10-19,7,100,8.80922e-06,-0.23433703547153784,0.0,0.009491180069744587,False,7
2021-10-19,8,100,0.00010838773,-0.03767378089063845,0.4681818181818182,0.009491180069744587,False,7
2021-10-19,9,100,9.467435e-05,-0.06475710569196115,0.41818181818181815,0.009491180069744587,False,7
2021-10-19,10,100,0.0012742765,2.2649062488302163,0.8272727272727273,0.009491180069744587,False,7
2021-10-19,11,100,0.00019730501,0.1379340090110965,0.5863636363636363,0.009491180069744587,False,7
2021-10-19,12,100,0.00861111,16.754835638269476,0.9636363636363636,0.009491180069744587,False,7
2021-10-19,13,100,0.00025090555,0.2437927592939102,0.6045454545454545,0.009491180069744587,False,7
2021-10-19,14,100,0.00022896272,0.20045661165441758,0.6,0.009491180069744587,False,7
2021-10-19,15,100,0.00037952457,0.4978097771884284,0.6681818181818182,0.009491180069744587,False,7
2021-10-19,16,100,4.375456e-05,-0.16532149729709494,0.25,0.009491180069744587,False,7
2021-10-19,17,100,4.6209065e-05,-0.16047395732184103,0.2590909090909091,0.009491180069744587,False,7
2021-10-19,18,100,0.0032346176,6.136495314435307,0.9136363636363637,0.009491180069744587,False,7
2021-10-19,19,100,3.086006e-05,-0.19078757678899377,0.17727272727272728,0.009491180069744587,False,7
2021-10-19,20,100,0.02359775,46.35280404978441,0.9772727272727273,0.009491180069744587,True,7
2021-10-19,21,100,0.00012133565,-0.012102191860957612,0.4863636363636364,0.009491180069744587,False,7
2021-10-19,22,100,0.0009338404,1.5925596125296042,0.8045454545454546,0.009491180069744587,False,7
2021-10-20,1,100,5.3189284e-05,-0.14668832611866514,0.2818181818181818,0.009491180069744587,False,7
2021-10-20,2,100,0.00014658958,0.03777321922927672,0.5181818181818182,0.009491180069744587,False,7
2021-10-20,3,100,4.1413878e-05,-0.1699442448373073,0.2409090909090909,0.009491180069744587,False,7
2021-10-20,4,100,1.2124242e-05,-0.22779001058544107,0.022727272727272728,0.009491180069744587,False,7
2021-10-20,5,100,0.00030402056,0.34869261935456614,0.6318181818181818,0.009491180069744587,False,7
2021-10-20,6,100,0.00021137565,0.16572291492568744,0.5909090909090909,0.009491180069744587,False,7
2021-10-20,7,100,1.2177361e-05,-0.22768510277893514,0.022727272727272728,0.009491180069744587,False,7
2021-10-20,8,100,2.8326393e-05,-0.19579146271568834,0.15454545454545454,0.009491180069744587,False,7
2021-10-20,9,100,0.00013756502,0.019950104083344848,0.509090909090909,0.009491180069744587,False,7
2021-10-20,10,100,0.00032289146,0.38596182128214673,0.6409090909090909,0.009491180069744587,False,7
2021-10-20,11,100,2.495716e-05,-0.20244555086360833,0.12727272727272726,0.009491180069744587,False,7
2021-10-20,12,100,0.0020176577,3.733052046414425,0.8727272727272727,0.009491180069744587,False,7
2021-10-20,13,100,2.1985903e-05,-0.2083136558224991,0.08636363636363636,0.009491180069744587,False,7
2021-10-20,14,100,0.003456715,6.575128057396614,0.9181818181818182,0.009491180069744587,False,7
2021-10-20,15,100,2.2124741e-05,-0.2080394567591594,0.08636363636363636,0.009491180069744587,False,7
2021-10-20,16,100,3.8734026e-05,-0.17523683604162701,0.21363636363636362,0.009491180069744587,False,7
2021-10-20,17,100,0.006537927,12.66038835700634,0.9545454545454546,0.009491180069744587,False,7
2021-10-20,18,100,0.00013915596,0.023092154408484503,0.509090909090909,0.009491180069744587,False,7
2021-10-20,19,100,2.2725018e-05,-0.20685393478008932,0.09545454545454546,0.009491180069744587,False,7
2021-10-20,20,100,0.0018138931,3.330625664733439,0.8590909090909091,0.009491180069744587,False,7
2021-10-20,21,100,0.0005683941,0.8708189070505159,0.7636363636363637,0.009491180069744587,False,7
2021-10-20,22,100,0.0001980716,0.13944800082597048,0.5863636363636363,0.009491180069744587,False,7
2021-10-22,1,100,0.00013279136,0.010522343701288956,0.509090909090909,0.009491180069744587,False,7
2021-10-22,2,100,0.00016490027,0.07393604031218752,0.5545454545454546,0.009491180069744587,False,7
2021-10-22,3,100,0.4709596,929.8731467844235,1.0,0.009491180069744587,True,7
2021-10-22,4,100,7.018463e-05,-0.11312325259931745,0.35,0.009491180069744587,False,7
2021-10-22,5,100,0.0007163658,1.1630566885466935,0.7863636363636364,0.009491180069744587,False,7
2021-10-22,6,100,0.00046642305,0.6694305208018323,0.7136363636363636,0.009491180069744587,False,7
2021-10-22,7,100,3.270205e-05,-0.187149728631768,0.19545454545454546,0.009491180069744587,False,7
2021-10-22,8,100,3.0542164e-05,-0.1914154106289669,0.17272727272727273,0.009491180069744587,False,7
2021-10-22,9,100,4.0652067e-05,-0.17144878857304044,0.23636363636363636,0.009491180069744587,False,7
2021-10-22,10,100,4.6605415e-05,-0.1596911821688091,0.2636363636363636,0.009491180069744587,False,7
2021-10-22,11,100,9.03972e-05,-0.07320429197136721,0.4090909090909091,0.009491180069744587,False,7
2021-10-22,12,100,0.003012478,5.697778882328881,0.9045454545454545,0.009491180069744587,False,7
2021-10-22,13,100,0.00023435068,0.21109760598607302,0.6,0.009491180069744587,False,7
2021-10-22,14,100,0.0002689622,0.2794538765971655,0.6136363636363636,0.009491180069744587,False,7
2021-10-22,15,100,5.315987e-05,-0.14674641563946647,0.2818181818181818,0.009491180069744587,False,7
2021-10-22,16,100,0.00011138298,-0.03175829183902226,0.4727272727272727,0.009491180069744587,False,7
2021-10-22,17,100,0.00024166606,0.2255451631474907,0.6,0.009491180069744587,False,7
2021-10-22,18,100,4.3906748e-05,-0.1650209334227991,0.25,0.009491180069744587,False,7
2021-10-22,19,100,3.332162e-05,-0.185926105387539,0.19545454545454546,0.009491180069744587,False,7
2021-10-22,20,100,0.00016398159,0.07212169298369836,0.5545454545454546,0.009491180069744587,False,7
2021-10-22,21,100,3.0927647e-05,-0.19065409662604424,0.17727272727272728,0.009491180069744587,False,7
2021-10-22,22,100,0.0001491145,0.04275982199675202,0.5227272727272727,0.009491180069744587,False,7
2021-10-21,1,20,0.005109175,1.3474353560498118,0.8045454545454546,0.038394853472709656,False,8
2021-10-21,2,20,9.260621e-05,-0.2866013035393044,0.07272727272727272,0.038394853472709656,False,8
2021-10-21,3,20,0.00018915784,-0.25515173981294753,0.16818181818181818,0.038394853472709656,False,8
2021-10-21,4,20,0.00055519544,-0.13592306746082986,0.38181818181818183,0.038394853472709656,False,8
2021-10-21,5,20,4.3272546e-05,-0.30267065718665054,0.013636363636363636,0.038394853472709656,False,8
2021-10-21,6,20,0.00058346975,-0.1267133336641355,0.38636363636363635,0.038394853472709656,False,8
2021-10-21,7,20,0.0016620117,0.22459792289644762,0.6181818181818182,0.038394853472709656,False,8
2021-10-21,8,20,0.015491018,4.729091693300947,0.9181818181818182,0.038394853472709656,False,8
2021-10-21,9,20,0.00082450843,-0.04820030043370043,0.4636363636363636,0.038394853472709656,False,8
2021-10-21,10,20,0.000996761,0.00790718182705611,0.509090909090909,0.038394853472709656,False,8
2021-10-21,11,20,0.00046196816,-0.1662897979433096,0.35,0.038394853472709656,False,8
2021-10-21,12,20,0.0026251264,0.5383112810116946,0.6863636363636364,0.038394853472709656,False,8
2021-10-21,13,20,0.00010255096,-0.28336202067037763,0.07727272727272727,0.038394853472709656,False,8
2021-10-21,14,20,0.00090636924,-0.021535947438940887,0.4727272727272727,0.038394853472709656,False,8
2021-10-21,15,20,0.001233815,0.08512227981414472,0.5545454545454546,0.038394853472709656,False,8
2021-10-21,16,20,0.0013611659,0.1266040300621972,0.5818181818181818,0.038394853472709656,False,8
2021-10-21,17,20,0.0014132706,0.14357598806433106,0.5909090909090909,0.038394853472709656,False,8
2021-10-21,18,20,0.0007019345,-0.08812605276260718,0.4318181818181818,0.038394853472709656,False,8
2021-10-21,19,20,0.17706306,57.357621219359466,0.9954545454545455,0.038394853472709656,True,8
2021-10-21,20,20,0.00062265113,-0.11395086308714482,0.4,0.038394853472709656,False,8
2021-10-21,21,20,0.00014606565,-0.26918807134905903,0.1318181818181818,0.038394853472709656,False,8
2021-10-21,22,20,0.0004746959,-0.16214401565303418,0.35909090909090907,0.038394853472709656,False,8
2021-10-25,1,20,0.0009512388,-0.006920681269822224,0.4909090909090909,0.038394853472709656,False,8
2021-10-25,2,20,0.02247913,7.00531499192349,0.95,0.038394853472709656,False,8
2021-10-25,3,20,0.0005444929,-0.13940917928757698,0.38181818181818183,0.038394853472709656,False,8
2021-10-25,4,20,0.0005398088,-0.1409349172676605,0.38181818181818183,0.038394853472709656,False,8
2021-10-25,5,20,0.008616318,2.4898097889570936,0.8590909090909091,0.038394853472709656,False,8
2021-10-25,6,20,0.0015646727,0.1928918772727497,0.6045454545454545,0.038394853472709656,False,8
2021-10-25,7,20,0.00055772724,-0.1350983893220771,0.38181818181818183,0.038394853472709656,False,8
2021-10-25,8,20,0.0015324908,0.1824093490091478,0.6,0.038394853472709656,False,8
2021-10-25,9,20,0.0003086666,-0.21622439483433925,0.24545454545454545,0.038394853472709656,False,8
2021-10-25,10,20,0.0004792835,-0.1606497036434993,0.35909090909090907,0.038394853472709656,False,8
2021-10-25,11,20,0.0003227579,-0.21163446830690752,0.25,0.038394853472709656,False,8
2021-10-25,12,20,0.00031342247,-0.21467527934494265,0.25,0.038394853472709656,False,8
2021-10-25,13,20,0.00077630224,-0.06390240274746975,0.45,0.038394853472709656,False,8
2021-10-25,14,20,0.3140129,101.96601463299838,0.9954545454545455,0.038394853472709656,True,8
2021-10-25,15,20,0.00015750504,-0.2654619418947598,0.1590909090909091,0.038394853472709656,False,8
2021-10-25,16,20,0.00044824,-0.17076144337435065,0.35,0.038394853472709656,False,8
2021-10-25,17,20,0.00027281084,-0.2279036221604464,0.21818181818181817,0.038394853472709656,False,8
2021-10-25,18,20,0.00019729637,-0.2525007956683656,0.16818181818181818,0.038394853472709656,False,8
2021-10-25,19,20,0.00030183748,-0.21844883215298833,0.2318181818181818,0.038394853472709656,False,8
2021-10-25,20,20,0.00021571112,-0.24650259698319357,0.18181818181818182,0.038394853472709656,False,8
2021-10-25,21,20,0.005122062,1.3516329177220288,0.8045454545454546,0.038394853472709656,False,8
2021-10-25,22,20,0.00016048505,-0.2644912680819696,0.1590909090909091,0.038394853472709656,False,8
2021-10-26,1,20,0.0006849001,-0.09367463729056051,0.42727272727272725,0.038394853472709656,False,8
2021-10-26,2,20,0.00042598284,-0.17801122044133585,0.33181818181818185,0.038394853472709656,False,8
2021-10-26,3,20,0.001453779,0.1567707245252059,0.5909090909090909,0.038394853472709656,False,8
2021-10-26,4,20,0.00037029886,-0.19614904877106573,0.2863636363636364,0.038394853472709656,False,8
2021-10-26,5,20,0.0009122842,-0.019609284226144802,0.4818181818181818,0.038394853472709656,False,8
2021-10-26,6,20,0.0008479208,-0.040574245954040786,0.4681818181818182,0.038394853472709656,False,8
2021-10-26,7,20,0.0012477773,0.08967018180841145,0.5590909090909091,0.038394853472709656,False,8
2021-10-26,8,20,0.00048430497,-0.15901407430576886,0.36818181818181817,0.038394853472709656,False,8
2021-10-26,9,20,0.00020391966,-0.2503434051601856,0.17272727272727273,0.038394853472709656,False,8
2021-10-26,10,20,0.00011575808,-0.27906009444016067,0.1,0.038394853472709656,False,8
2021-10-26,11,20,7.467527e-05,-0.29244191259509034,0.05909090909090909,0.038394853472709656,False,8
2021-10-26,12,20,0.001749449,0.253078668549125,0.6227272727272727,0.038394853472709656,False,8
2021-10-26,13,20,1.8230516e-05,-0.31082754631551124,0.0,0.038394853472709656,False,8
2021-10-26,14,20,8.960018e-05,-0.2875804524102154,0.06363636363636363,0.038394853472709656,False,8
2021-10-26,15,20,0.00011295743,-0.27997234343952965,0.09090909090909091,0.038394853472709656,False,8
2021-10-26,16,20,0.0029107872,0.6313590009995852,0.7090909090909091,0.038394853472709656,False,8
2021-10-26,17,20,0.00036620413,-0.19748281815277532,0.2818181818181818,0.038394853472709656,False,8
2021-10-26,18,20,0.0642195,20.601318873092474,0.9727272727272728,0.038394853472709656,True,8
2021-10-26,19,20,0.00028521052,-0.2238646976499671,0.22272727272727272,0.038394853472709656,False,8
2021-10-26,20,20,0.0020763692,0.3595657451318381,0.6454545454545455,0.038394853472709656,False,8
2021-10-26,21,20,0.0013386211,0.1192605723192055,0.5772727272727273,0.038394853472709656,False,8
2021-10-26,22,20,0.3472728,112.79969288057838,0.9954545454545455,0.038394853472709656,True,8
2021-10-27,1,20,3.286465e-05,-0.30606080011909825,0.004545454545454545,0.038394853472709656,False,8
2021-10-27,2,20,0.00037004688,-0.1962311260117927,0.2863636363636364,0.038394853472709656,False,8
2021-10-27,3,20,0.00026187778,-0.2314648245189328,0.21818181818181817,0.038394853472709656,False,8
2021-10-27,4,20,0.024788424,7.757516708810528,0.9545454545454546,0.038394853472709656,False,8
2021-10-27,5,20,0.0028928968,0.6255315737875543,0.7090909090909091,0.038394853472709656,False,8
2021-10-27,6,20,0.0065322863,1.8109824329796327,0.8272727272727273,0.038394853472709656,False,8
2021-10-27,7,20,0.0001860575,-0.25616160839956376,0.16818181818181818,0.038394853472709656,False,8
2021-10-27,8,20,0.0002971599,-0.21997245610850705,0.22727272727272727,0.038394853472709656,False,8
2021-10-27,9,20,0.007836075,2.2356627037688312,0.85,0.038394853472709656,False,8
2021-10-27,10,20,0.0024953114,0.4960269219037543,0.6772727272727272,0.038394853472709656,False,8
2021-10-27,11,20,0.65961546,214.5384192621633,1.0,0.038394853472709656,True,8
2021-10-27,12,20,0.00023731285,-0.2394663079574617,0.19090909090909092,0.038394853472709656,False,8
2021-10-27,13,20,0.0019022061,0.3028359433348419,0.6363636363636364,0.038394853472709656,False,8
2021-10-27,14,20,0.000107548745,-0.28173410325633985,0.08636363636363636,0.038394853472709656,False,8
2021-10-27,15,20,0.00068014587,-0.09522322190383321,0.42272727272727273,0.038394853472709656,False,8
2021-10-27,16,20,0.010207878,3.00822549183297,0.8818181818181818,0.038394853472709656,False,8
2021-10-27,17,20,0.00092101103,-0.016766708020731727,0.4818181818181818,0.038394853472709656,False,8
2021-10-27,18,20,0.00015832462,-0.26519498230391986,0.1590909090909091,0.038394853472709656,False,8
2021-10-27,19,20,8.4796564e-05,-0.28914512446602836,0.06363636363636363,0.038394853472709656,False,8
2021-10-27,20,20,0.0010923144,0.03903157681757723,0.5272727272727272,0.038394853472709656,False,8
2021-10-27,21,20,7.5236945e-05,-0.29225895941089186,0.05909090909090909,0.038394853472709656,False,8
2021-10-27,22,20,0.113853954,36.768648259205406,0.9818181818181818,0.038394853472709656,True,8
2021-10-21,1,30,0.017950973,10.748360912889302,0.9181818181818182,0.05510195717215538,False,8
2021-10-21,2,30,9.918441e-05,-0.21120154314402356,0.2,0.05510195717215538,False,8
2021-10-21,3,30,1.598516e-05,-0.2622791944148687,0.00909090909090909,0.05510195717215538,False,8
2021-10-21,4,30,0.00071487774,0.16678464965279913,0.6,0.05510195717215538,False,8
2021-10-21,5,30,7.6975106e-05,-0.22483627219647334,0.17272727272727273,0.05510195717215538,False,8
2021-10-21,6,30,4.8151567e-05,-0.2425316072949104,0.10454545454545454,0.05510195717215538,False,8
2021-10-21,7,30,0.0044504073,2.4600994566243166,0.8090909090909091,0.05510195717215538,False,8
2021-10-21,8,30,0.00030362056,-0.08569418793913798,0.38181818181818183,0.05510195717215538,False,8
2021-10-21,9,30,2.4179759e-05,-0.25724837004760354,0.03636363636363636,0.05510195717215538,False,8
2021-10-21,10,30,0.0031576667,1.666460619675249,0.7909090909090909,0.05510195717215538,False,8
2021-10-21,11,30,0.0018300097,0.8513860345326503,0.7545454545454545,0.05510195717215538,False,8
2021-10-21,12,30,0.01192848,7.051034830902057,0.8954545454545455,0.05510195717215538,False,8
2021-10-21,13,30,0.0005213505,0.04797447382951725,0.5272727272727272,0.05510195717215538,False,8
2021-10-21,14,30,0.003419056,1.8269327038501262,0.7954545454545454,0.05510195717215538,False,8
2021-10-21,15,30,9.919519e-05,-0.21119492773485146,0.2,0.05510195717215538,False,8
2021-10-21,16,30,0.0016630413,0.7488808367015861,0.7272727272727273,0.05510195717215538,False,8
2021-10-21,17,30,0.0003147091,-0.07888672195898015,0.38636363636363635,0.05510195717215538,False,8
2021-10-21,18,30,0.00029718678,-0.08964401156589719,0.38181818181818183,0.05510195717215538,False,8
2021-10-21,19,30,0.079493694,48.53064326764728,0.9727272727272728,0.05510195717215538,True,8
2021-10-21,20,30,0.000101275655,-0.20991768921193646,0.2,0.05510195717215538,False,8
2021-10-21,21,30,0.0013228235,0.5400144391913956,0.7045454545454546,0.05510195717215538,False,8
2021-10-21,22,30,0.000118728174,-0.19920324565821226,0.22272727272727272,0.05510195717215538,False,8
2021-10-25,1,30,0.0001559834,-0.1763315293233126,0.2590909090909091,0.05510195717215538,False,8
2021-10-25,2,30,0.0017002133,0.7717014522390998,0.7318181818181818,0.05510195717215538,False,8
2021-10-25,3,30,2.3807574e-05,-0.25747686185822277,0.03636363636363636,0.05510195717215538,False,8
2021-10-25,4,30,0.0007131127,0.16570106260445344,0.6,0.05510195717215538,False,8
2021-10-25,5,30,0.00096094824,0.3178521502237299,0.65,0.05510195717215538,False,8
2021-10-25,6,30,0.00044039023,-0.0017286095434616347,0.5,0.05510195717215538,False,8
2021-10-25,7,30,0.00016340097,-0.17177774251346295,0.2681818181818182,0.05510195717215538,False,8
2021-10-25,8,30,0.0006684628,0.1382895943115736,0.5909090909090909,0.05510195717215538,False,8
2021-10-25,9,30,0.0003890071,-0.03327372139439675,0.4727272727272727,0.05510195717215538,False,8
2021-10-25,10,30,0.0030459303,1.5978634810215167,0.7909090909090909,0.05510195717215538,False,8
2021-10-25,11,30,0.00028838532,-0.09504740273452338,0.36363636363636365,0.05510195717215538,False,8
2021-10-25,12,30,0.00017198938,-0.16650514973199196,0.2727272727272727,0.05510195717215538,False,8
2021-10-25,13,30,0.0010746,0.3876252147093359,0.6681818181818182,0.05510195717215538,False,8
2021-10-25,14,30,0.0016949567,0.7684743118122951,0.7318181818181818,0.05510195717215538,False,8
2021-10-25,15,30,0.00031516457,-0.07860709696629128,0.38636363636363635,0.05510195717215538,False,8
2021-10-25,16,30,0.040396713,24.528240529595084,0.9454545454545454,0.05510195717215538,False,8
2021-10-25,17,30,4.8612903e-05,-0.2422483842521958,0.10454545454545454,0.05510195717215538,False,8
2021-10-25,18,30,0.00014670899,-0.18202527486533757,0.2545454545454545,0.05510195717215538,False,8
2021-10-25,19,30,0.0002928578,-0.09230166398043532,0.37272727272727274,0.05510195717215538,False,8
2021-10-25,20,30,0.00020613433,-0.1455428968815122,0.3181818181818182,0.05510195717215538,False,8
2021-10-25,21,30,0.0028796114,1.495757083819003,0.7909090909090909,0.05510195717215538,False,8
2021-10-25,22,30,0.0022906023,1.1341528328901813,0.7681818181818182,0.05510195717215538,False,8
2021-10-26,1,30,0.0063147745,3.604670982736498,0.8409090909090909,0.05510195717215538,False,8
2021-10-26,2,30,0.00029951296,-0.08821592295307648,0.38181818181818183,0.05510195717215538,False,8
2021-10-26,3,30,0.003913013,2.1301824170714685,0.8045454545454546,0.05510195717215538,False,8
2021-10-26,4,30,0.00021320625,-0.14120130345269596,0.32272727272727275,0.05510195717215538,False,8
2021-10-26,5,30,0.0018706617,0.876343092218777,0.759090909090909,0.05510195717215538,False,8
2021-10-26,6,30,0.004984852,2.7882054553299476,0.8227272727272728,0.05510195717215538,False,8
2021-10-26,7,30,0.0010528082,0.3742468115447529,0.6590909090909091,0.05510195717215538,False,8
2021-10-26,8,30,0.00014652598,-0.18213762514993997,0.2545454545454545,0.05510195717215538,False,8
2021-10-26,9,30,0.000186975,-0.1573051837265294,0.2909090909090909,0.05510195717215538,False,8
2021-10-26,10,30,4.4800967e-05,-0.24458860646437058,0.1,0.05510195717215538,False,8
2021-10-26,11,30,0.00021980473,-0.1371503681432769,0.33181818181818185,0.05510195717215538,False,8
2021-10-26,12,30,0.0006095782,0.10213921070405187,0.5681818181818182,0.05510195717215538,False,8
2021-10-26,13,30,0.00010269972,-0.20904342782505064,0.2,0.05510195717215538,False,8
2021-10-26,14,30,5.4057462e-05,-0.23890586278108353,0.12727272727272726,0.05510195717215538,False,8
2021-10-26,15,30,9.581628e-05,-0.21326930742901695,0.2,0.05510195717215538,False,8
2021-10-26,16,30,0.000193213,-0.15347555417809725,0.3,0.05510195717215538,False,8
2021-10-26,17,30,0.045814697,27.85444703483201,0.9545454545454546,0.05510195717215538,False,8
2021-10-26,18,30,0.017482132,10.460530347124232,0.9181818181818182,0.05510195717215538,False,8
2021-10-26,19,30,3.8175305e-05,-0.24865622993629258,0.07272727272727272,0.05510195717215538,False,8
2021-10-26,20,30,0.0014944894,0.645403508736195,0.7181818181818181,0.05510195717215538,False,8
2021-10-26,21,30,0.000823328,0.23336437885448647,0.6090909090909091,0.05510195717215538,False,8
2021-10-26,22,30,0.0964192,58.921543159032176,0.9772727272727273,0.05510195717215538,True,8
2021-10-27,1,30,3.898855e-05,-0.24815696308532892,0.07727272727272727,0.05510195717215538,False,8
2021-10-27,2,30,0.00021262099,-0.1415606081677424,0.32272727272727275,0.05510195717215538,False,8
2021-10-27,3,30,0.00075776683,0.19311510380461427,0.6,0.05510195717215538,False,8
2021-10-27,4,30,0.033878285,20.52645032214988,0.9363636363636364,0.05510195717215538,False,8
2021-10-27,5,30,0.00057111453,0.07852560370164885,0.5636363636363636,0.05510195717215538,False,8
2021-10-27,6,30,0.0019832416,0.9454580999324513,0.7636363636363637,0.05510195717215538,False,8
2021-10-27,7,30,0.0010462572,0.3702250001163615,0.6590909090909091,0.05510195717215538,False,8
2021-10-27,8,30,0.0002422705,-0.12335819145916102,0.3409090909090909,0.05510195717215538,False,8
2021-10-27,9,30,0.00020606359,-0.14558632362558444,0.3181818181818182,0.05510195717215538,False,8
2021-10-27,10,30,0.004403586,2.431354936481307,0.8090909090909091,0.05510195717215538,False,8
2021-10-27,11,30,0.8407474,515.8792164846956,1.0,0.05510195717215538,True,8
2021-10-27,12,30,0.00026642403,-0.10852986570469236,0.35454545454545455,0.05510195717215538,False,8
2021-10-27,13,30,0.0017533029,0.804294184038682,0.7454545454545455,0.05510195717215538,False,8
2021-10-27,14,30,7.194179e-05,-0.22792632490721387,0.15454545454545454,0.05510195717215538,False,8
2021-10-27,15,30,0.00017536125,-0.16443509395145145,0.2772727272727273,0.05510195717215538,False,8
2021-10-27,16,30,0.009644245,5.648698018238714,0.8681818181818182,0.05510195717215538,False,8
2021-10-27,17,30,0.00014870358,-0.18080075860741787,0.2590909090909091,0.05510195717215538,False,8
2021-10-27,18,30,0.00026149556,-0.11155555106487942,0.35454545454545455,0.05510195717215538,False,8
2021-10-27,19,30,0.00044058546,-0.0016087549459563952,0.5,0.05510195717215538,False,8
2021-10-27,20,30,0.00022624382,-0.1331972837138873,0.33181818181818185,0.05510195717215538,False,8
2021-10-27,21,30,4.3643253e-05,-0.24529934976647427,0.09545454545454546,0.05510195717215538,False,8
2021-10-27,22,30,0.04950347,30.119058273768072,0.9636363636363636,0.05510195717215538,False,8
2021-10-21,1,40,0.0042826002,3.411295895164818,0.9045454545454545,0.02997409552335739,False,8
2021-10-21,2,40,0.0001919277,-0.06936158008377691,0.41818181818181815,0.02997409552335739,False,8
2021-10-21,3,40,4.2743028e-05,-0.19629932266374533,0.13636363636363635,0.02997409552335739,False,8
2021-10-21,4,40,9.611901e-05,-0.15088295020547232,0.2818181818181818,0.02997409552335739,False,8
2021-10-21,5,40,9.341527e-05,-0.15318349804115114,0.2772727272727273,0.02997409552335739,False,8
2021-10-21,6,40,5.6554156e-05,-0.1845477571467131,0.19090909090909092,0.02997409552335739,False,8
2021-10-21,7,40,0.00274726,2.1049108633208955,0.8409090909090909,0.02997409552335739,False,8
2021-10-21,8,40,0.0001493171,-0.10561794008680335,0.35909090909090907,0.02997409552335739,False,8
2021-10-21,9,40,1.9204168e-05,-0.21632798718926957,0.031818181818181815,0.02997409552335739,False,8
2021-10-21,10,40,0.0009450976,0.5714930447824029,0.6863636363636364,0.02997409552335739,False,8
2021-10-21,11,40,0.0004969664,0.19018872057274075,0.6,0.02997409552335739,False,8
2021-10-21,12,40,0.0019107006,1.3931020137919174,0.8090909090909091,0.02997409552335739,False,8
2021-10-21,13,40,6.037741e-05,-0.18129464002872536,0.19090909090909092,0.02997409552335739,False,8
2021-10-21,14,40,0.012166113,10.119191991998022,0.9590909090909091,0.02997409552335739,False,8
2021-10-21,15,40,0.0005919639,0.2710198378132627,0.6272727272727273,0.02997409552335739,False,8
2021-10-21,16,40,0.00095467764,0.5796444846945096,0.6954545454545454,0.02997409552335739,False,8
2021-10-21,17,40,0.00037705517,0.0881590504370391,0.5454545454545454,0.02997409552335739,False,8
2021-10-21,18,40,0.0018972568,1.3816630351246109,0.8045454545454546,0.02997409552335739,False,8
2021-10-21,19,40,0.01168299,9.70811423931583,0.9590909090909091,0.02997409552335739,False,8
2021-10-21,20,40,4.717999e-05,-0.19252401507008374,0.15454545454545454,0.02997409552335739,False,8
2021-10-21,21,40,0.0002712009,-0.0019098684442635727,0.5,0.02997409552335739,False,8
2021-10-21,22,40,0.012185497,10.135685849999343,0.9590909090909091,0.02997409552335739,False,8
2021-10-25,1,40,8.935896e-05,-0.15663491722056702,0.2727272727272727,0.02997409552335739,False,8
2021-10-25,2,40,0.00035464944,0.06909453999393768,0.5454545454545454,0.02997409552335739,False,8
2021-10-25,3,40,7.4180505e-05,-0.1695499093116,0.2409090909090909,0.02997409552335739,False,8
2021-10-25,4,40,0.00074709684,0.40301884258839044,0.6636363636363637,0.02997409552335739,False,8
2021-10-25,5,40,0.00020640515,-0.05704305429439834,0.4409090909090909,0.02997409552335739,False,8
2021-10-25,6,40,0.00012283167,-0.1281537735876726,0.33636363636363636,0.02997409552335739,False,8
2021-10-25,7,40,3.378059e-05,-0.20392525065982478,0.08636363636363636,0.02997409552335739,False,8
2021-10-25,8,40,0.00016014722,-0.09640284682107551,0.37727272727272726,0.02997409552335739,False,8
2021-10-25,9,40,0.00012408897,-0.1270839664377584,0.33636363636363636,0.02997409552335739,False,8
2021-10-25,10,40,0.0013255684,0.895226759770798,0.759090909090909,0.02997409552335739,False,8
2021-10-25,11,40,0.00020278752,-0.060121215393031134,0.43636363636363634,0.02997409552335739,False,8
2021-10-25,12,40,2.8933779e-05,-0.20804928937002035,0.06818181818181818,0.02997409552335739,False,8
2021-10-25,13,40,0.0018257283,1.3208011230554415,0.8045454545454546,0.02997409552335739,False,8
2021-10-25,14,40,0.0035257968,2.7673495758009143,0.8863636363636364,0.02997409552335739,False,8
2021-10-25,15,40,3.7416536e-05,-0.20083151005578836,0.1,0.02997409552335739,False,8
2021-10-25,16,40,0.013316869,11.098343445553416,0.9636363636363636,0.02997409552335739,False,8
2021-10-25,17,40,1.9737818e-05,-0.21587391719554788,0.03636363636363636,0.02997409552335739,False,8
2021-10-25,18,40,0.0001328457,-0.11963306875233723,0.33636363636363636,0.02997409552335739,False,8
2021-10-25,19,40,0.000112598456,-0.1368609743581477,0.3,0.02997409552335739,False,8
2021-10-25,20,40,0.00014786412,-0.10685424642937617,0.35909090909090907,0.02997409552335739,False,8
2021-10-25,21,40,0.010960797,9.093616992594093,0.9545454545454546,0.02997409552335739,False,8
2021-10-25,22,40,0.000321576,0.040953118109312334,0.5318181818181819,0.02997409552335739,False,8
2021-10-26,1,40,0.0007320121,0.3901835836386622,0.6636363636363637,0.02997409552335739,False,8
2021-10-26,2,40,0.00017117888,-0.08701626446348171,0.4,0.02997409552335739,False,8
2021-10-26,3,40,0.0028277,2.173355342028764,0.85,0.02997409552335739,False,8
2021-10-26,4,40,8.821429e-05,-0.15760888858917851,0.2727272727272727,0.02997409552335739,False,8
2021-10-26,5,40,0.0006965021,0.3599689638793903,0.6636363636363637,0.02997409552335739,False,8
2021-10-26,6,40,0.004715132,3.779327087482893,0.9136363636363637,0.02997409552335739,False,8
2021-10-26,7,40,0.0009607794,0.5848363076643389,0.6954545454545454,0.02997409552335739,False,8
2021-10-26,8,40,3.763641e-05,-0.20064442288569292,0.1,0.02997409552335739,False,8
2021-10-26,9,40,0.00020507825,-0.058172083994954785,0.4409090909090909,0.02997409552335739,False,8
2021-10-26,10,40,0.0004076446,0.1141868847417712,0.5681818181818182,0.02997409552335739,False,8
2021-10-26,11,40,0.00011503216,-0.1347901909508596,0.32272727272727275,0.02997409552335739,False,8
2021-10-26,12,40,0.00015933446,-0.09709439980005734,0.37727272727272726,0.02997409552335739,False,8
2021-10-26,13,40,4.062238e-05,-0.19810373150745328,0.11818181818181818,0.02997409552335739,False,8
2021-10-26,14,40,0.00012518594,-0.12615058288453582,0.33636363636363636,0.02997409552335739,False,8
2021-10-26,15,40,0.00017249242,-0.0858986013323356,0.40454545454545454,0.02997409552335739,False,8
2021-10-26,16,40,0.00012806716,-0.12369901940200191,0.33636363636363636,0.02997409552335739,False,8
2021-10-26,17,40,0.028877927,24.338883445202235,0.9681818181818181,0.02997409552335739,False,8
2021-10-26,18,40,0.020997176,17.633336934655855,0.9681818181818181,0.02997409552335739,False,8
2021-10-26,19,40,0.000112897775,-0.13660629138842995,0.3090909090909091,0.02997409552335739,False,8
2021-10-26,20,40,0.0011661202,0.7595559816196196,0.740909090909091,0.02997409552335739,False,8
2021-10-26,21,40,8.525507e-05,-0.16012681896935876,0.2590909090909091,0.02997409552335739,False,8
2021-10-26,22,40,0.01362816,11.36321353594976,0.9636363636363636,0.02997409552335739,False,8
2021-10-27,1,40,8.101089e-05,-0.16373809446072665,0.25,0.02997409552335739,False,8
2021-10-27,2,40,0.00042315826,0.12738708733725088,0.5772727272727273,0.02997409552335739,False,8
2021-10-27,3,40,0.0003588844,0.0726979653709198,0.5454545454545454,0.02997409552335739,False,8
2021-10-27,4,40,0.036881983,31.149347502191343,0.9681818181818181,0.02997409552335739,True,8
2021-10-27,5,40,5.0602237e-05,-0.18961210552643176,0.16363636363636364,0.02997409552335739,False,8
2021-10-27,6,40,0.0011147164,0.7158177196939133,0.740909090909091,0.02997409552335739,False,8
2021-10-27,7,40,0.00085212605,0.492385733416941,0.6636363636363637,0.02997409552335739,False,8
2021-10-27,8,40,1.9745008e-05,-0.2158677989971711,0.03636363636363636,0.02997409552335739,False,8
2021-10-27,9,40,0.010833763,8.985526514113447,0.9545454545454546,0.02997409552335739,False,8
2021-10-27,10,40,0.0014112681,0.9681466456466646,0.7818181818181819,0.02997409552335739,False,8
2021-10-27,11,40,0.76602656,651.561389648855,1.0,0.02997409552335739,True,8
2021-10-27,12,40,0.00017367012,-0.08489652308729552,0.40454545454545454,0.02997409552335739,False,8
2021-10-27,13,40,3.188731e-05,-0.2055361987587053,0.08181818181818182,0.02997409552335739,False,8
2021-10-27,14,40,2.5797912e-05,-0.21071752498646756,0.05909090909090909,0.02997409552335739,False,8
2021-10-27,15,40,0.015929801,13.321626592299628,0.9636363636363636,0.02997409552335739,False,8
2021-10-27,16,40,0.001562194,1.0965658992068064,0.7954545454545454,0.02997409552335739,False,8
2021-10-27,17,40,0.00019489472,-0.06683701301383203,0.4318181818181818,0.02997409552335739,False,8
2021-10-27,18,40,0.00014531103,-0.10902661081209163,0.35454545454545455,0.02997409552335739,False,8
2021-10-27,19,40,6.774641e-05,-0.17502452831851764,0.21363636363636362,0.02997409552335739,False,8
2021-10-27,20,40,0.0004418329,0.14327690751491898,0.5863636363636363,0.02997409552335739,False,8
2021-10-27,21,40,2.9950072e-05,-0.20718454943334425,0.06818181818181818,0.02997409552335739,False,8
2021-10-27,22,40,0.015744157,13.163666243936254,0.9636363636363636,0.02997409552335739,False,8
2021-10-21,1,50,0.00011068767,0.0021205183091845352,0.5045454545454545,0.004518124274909496,False,8
2021-10-21,2,50,7.994905e-05,-0.0853876725069833,0.45,0.004518124274909496,False,8
2021-10-21,3,50,8.848305e-05,-0.06109267031485568,0.4636363636363636,0.004518124274909496,False,8
2021-10-21,4,50,1.6879236e-05,-0.26493786638850236,0.11363636363636363,0.004518124274909496,False,8
2021-10-21,5,50,8.910463e-05,-0.059323132703703124,0.4636363636363636,0.004518124274909496,False,8
2021-10-21,6,50,0.00010645535,-0.009928262021626813,0.4954545454545455,0.004518124274909496,False,8
2021-10-21,7,50,8.916439e-05,-0.05915301234176051,0.4636363636363636,0.004518124274909496,False,8
2021-10-21,8,50,7.3527226e-05,-0.10366963555749006,0.42272727272727273,0.004518124274909496,False,8
2021-10-21,9,50,9.268157e-06,-0.28660545352636213,0.04090909090909091,0.004518124274909496,False,8
2021-10-21,10,50,0.00070432003,1.6921017450777602,0.8090909090909091,0.004518124274909496,False,8
2021-10-21,11,50,0.000554113,1.2644851485149284,0.7818181818181819,0.004518124274909496,False,8
2021-10-21,12,50,0.00031426744,0.5816812149947366,0.7181818181818181,0.004518124274909496,False,8
2021-10-21,13,50,3.5674515e-05,-0.21143055914493275,0.25,0.004518124274909496,False,8
2021-10-21,14,50,0.00045451973,0.980958199313771,0.7636363636363637,0.004518124274909496,False,8
2021-10-21,15,50,3.7578026e-05,-0.20601155346245853,0.2590909090909091,0.004518124274909496,False,8
2021-10-21,16,50,0.00022535444,0.3285593915223631,0.6409090909090909,0.004518124274909496,False,8
2021-10-21,17,50,0.00029939675,0.5393466189661641,0.7181818181818181,0.004518124274909496,False,8
2021-10-21,18,50,0.0037358142,10.322305676499152,0.9590909090909091,0.004518124274909496,False,8
2021-10-21,19,50,0.002506759,6.823371982714887,0.9136363636363637,0.004518124274909496,False,8
2021-10-21,20,50,6.195896e-05,-0.13660272542275567,0.38181818181818183,0.004518124274909496,False,8
2021-10-21,21,50,4.457387e-05,-0.18609544690110824,0.2772727272727273,0.004518124274909496,False,8
2021-10-21,22,50,0.0039012306,10.79322104327876,0.9636363636363636,0.004518124274909496,False,8
2021-10-25,1,50,3.244961e-05,-0.2206113728211682,0.22272727272727272,0.004518124274909496,False,8
2021-10-25,2,50,0.00054460164,1.2374077369743255,0.7818181818181819,0.004518124274909496,False,8
2021-10-25,3,50,1.5708369e-05,-0.2682711473424536,0.1,0.004518124274909496,False,8
2021-10-25,4,50,0.0006993075,1.6778317682423154,0.8090909090909091,0.004518124274909496,False,8
2021-10-25,5,50,6.15062e-05,-0.13789166731519487,0.37727272727272726,0.004518124274909496,False,8
2021-10-25,6,50,4.2686734e-05,-0.1914678367459407,0.2681818181818182,0.004518124274909496,False,8
2021-10-25,7,50,2.6617588e-05,-0.23721425432050092,0.19090909090909092,0.004518124274909496,False,8
2021-10-25,8,50,9.384715e-06,-0.2862736302701604,0.04090909090909091,0.004518124274909496,False,8
2021-10-25,9,50,3.4636534e-05,-0.21438553305390293,0.25,0.004518124274909496,False,8
2021-10-25,10,50,2.9004972e-05,-0.23041773561839074,0.19545454545454546,0.004518124274909496,False,8
2021-10-25,11,50,0.0001224245,0.035533499632563685,0.5136363636363637,0.004518124274909496,False,8
2021-10-25,12,50,1.5303134e-05,-0.26942478834554556,0.08636363636363636,0.004518124274909496,False,8
2021-10-25,13,50,0.000112077105,0.0060760186814341624,0.5045454545454545,0.004518124274909496,False,8
2021-10-25,14,50,0.00016636937,0.16063785545356196,0.5772727272727273,0.004518124274909496,False,8
2021-10-25,15,50,1.4007572e-05,-0.2731130580688834,0.07727272727272727,0.004518124274909496,False,8
2021-10-25,16,50,0.0071021286,19.90569169668131,0.9727272727272728,0.004518124274909496,True,8
2021-10-25,17,50,1.8187277e-05,-0.26121407293196935,0.11818181818181818,0.004518124274909496,False,8
2021-10-25,18,50,0.00030031844,0.5419705282525933,0.7181818181818181,0.004518124274909496,False,8
2021-10-25,19,50,0.00019119307,0.23130717532882736,0.6090909090909091,0.004518124274909496,False,8
2021-10-25,20,50,0.0003840154,0.7802430998326504,0.7454545454545455,0.004518124274909496,False,8
2021-10-25,21,50,0.00019964935,0.2553809154113396,0.6090909090909091,0.004518124274909496,False,8
2021-10-25,22,50,6.209246e-05,-0.13622267326143542,0.38636363636363635,0.004518124274909496,False,8
2021-10-26,1,50,0.00070826104,1.7033211964116814,0.8090909090909091,0.004518124274909496,False,8
2021-10-26,2,50,0.00013942932,0.08394362757421457,0.5454545454545454,0.004518124274909496,False,8
2021-10-26,3,50,0.00081934984,2.019574141434673,0.8136363636363636,0.004518124274909496,False,8
2021-10-26,4,50,4.828777e-05,-0.17552253786811187,0.3090909090909091,0.004518124274909496,False,8
2021-10-26,5,50,0.00019942333,0.2547374697856991,0.6090909090909091,0.004518124274909496,False,8
2021-10-26,6,50,0.0006338608,1.4915150695883652,0.7954545454545454,0.004518124274909496,False,8
2021-10-26,7,50,0.0011455067,2.9480933554076567,0.8454545454545455,0.004518124274909496,False,8
2021-10-26,8,50,0.000108964945,-0.00278382822644844,0.4954545454545455,0.004518124274909496,False,8
2021-10-26,9,50,1.7609962e-05,-0.2628575996796277,0.11363636363636363,0.004518124274909496,False,8
2021-10-26,10,50,6.0068607e-05,-0.14198428101215887,0.37272727272727274,0.004518124274909496,False,8
2021-10-26,11,50,6.2762665e-05,-0.13431470701533066,0.38636363636363635,0.004518124274909496,False,8
2021-10-26,12,50,0.00011447202,0.012893986261517247,0.509090909090909,0.004518124274909496,False,8
2021-10-26,13,50,3.6639958e-05,-0.20868208894330303,0.25,0.004518124274909496,False,8
2021-10-26,14,50,0.0006295765,1.4793182702503165,0.7954545454545454,0.004518124274909496,False,8
2021-10-26,15,50,9.082415e-06,-0.2871342315447131,0.04090909090909091,0.004518124274909496,False,8
2021-10-26,16,50,6.489244e-05,-0.12825156180338965,0.39545454545454545,0.004518124274909496,False,8
2021-10-26,17,50,0.011380857,32.08658170492683,0.990909090909091,0.004518124274909496,True,8
2021-10-26,18,50,0.00023678264,0.361093745606867,0.6727272727272727,0.004518124274909496,False,8
2021-10-26,19,50,1.9810683e-05,-0.25659248184876404,0.1409090909090909,0.004518124274909496,False,8
2021-10-26,20,50,0.00018580805,0.21597683059266826,0.6045454545454545,0.004518124274909496,False,8
2021-10-26,21,50,2.6651931e-05,-0.23711648637841284,0.19090909090909092,0.004518124274909496,False,8
2021-10-26,22,50,0.0020765795,5.598716157782845,0.9,0.004518124274909496,False,8
2021-10-27,1,50,3.491221e-05,-0.21360072782640227,0.25,0.004518124274909496,False,8
2021-10-27,2,50,0.00021784518,0.30718168529711704,0.6318181818181818,0.004518124274909496,False,8
2021-10-27,3,50,7.773778e-05,-0.09168283015945995,0.4409090909090909,0.004518124274909496,False,8
2021-10-27,4,50,0.002334995,6.3343857860698805,0.9136363636363637,0.004518124274909496,False,8
2021-10-27,5,50,2.7499138e-05,-0.23470461649477387,0.19545454545454546,0.004518124274909496,False,8
2021-10-27,6,50,0.0005459134,1.241142140945336,0.7818181818181819,0.004518124274909496,False,8
2021-10-27,7,50,0.00019830083,0.25154186660061945,0.6090909090909091,0.004518124274909496,False,8
2021-10-27,8,50,0.00019355798,0.23803969952731868,0.6090909090909091,0.004518124274909496,False,8
2021-10-27,9,50,0.0037087218,10.245177706944524,0.9590909090909091,0.004518124274909496,False,8
2021-10-27,10,50,0.00012438989,0.0411286429623993,0.5136363636363637,0.004518124274909496,False,8
2021-10-27,11,50,0.18309103,520.9193827687145,1.0,0.004518124274909496,True,8
2021-10-27,12,50,8.649668e-05,-0.06674757222793791,0.4636363636363636,0.004518124274909496,False,8
2021-10-27,13,50,1.3196961e-05,-0.27542074398923483,0.07727272727272727,0.004518124274909496,False,8
2021-10-27,14,50,4.739907e-05,-0.1780525319322048,0.29545454545454547,0.004518124274909496,False,8
2021-10-27,15,50,0.013683709,38.642453151568645,0.990909090909091,0.004518124274909496,True,8
2021-10-27,16,50,0.00016339395,0.15216729894898504,0.5727272727272728,0.004518124274909496,False,8
2021-10-27,17,50,0.0002348179,0.35550042506917207,0.6590909090909091,0.004518124274909496,False,8
2021-10-27,18,50,8.223201e-06,-0.2895802839593756,0.01818181818181818,0.004518124274909496,False,8
2021-10-27,19,50,0.00018647808,0.21788429971364376,0.6045454545454545,0.004518124274909496,False,8
2021-10-27,20,50,6.451772e-05,-0.1293183301901432,0.39545454545454545,0.004518124274909496,False,8
2021-10-27,21,50,1.1024919e-05,-0.2816042167851975,0.05454545454545454,0.004518124274909496,False,8
2021-10-27,22,50,0.0011784497,3.0418770052930544,0.85,0.004518124274909496,False,8
2021-10-21,1,60,9.582642e-05,-0.047666668042652904,0.45454545454545453,0.010012716986238956,False,8
2021-10-21,2,60,4.3160697e-05,-0.18398600356686942,0.3181818181818182,0.010012716986238956,False,8
2021-10-21,3,60,0.00016921251,0.14228500919222956,0.5772727272727273,0.010012716986238956,False,8
2021-10-21,4,60,0.00023165505,0.3039105513556724,0.6590909090909091,0.010012716986238956,False,8
2021-10-21,5,60,7.0958005e-05,-0.11203577974775926,0.40454545454545454,0.010012716986238956,False,8
2021-10-21,6,60,3.9347724e-05,-0.1938554573022519,0.31363636363636366,0.010012716986238956,False,8
2021-10-21,7,60,0.00011602517,0.0046155357266875405,0.5045454545454545,0.010012716986238956,False,8
2021-10-21,8,60,8.680811e-05,-0.07100955301574391,0.4409090909090909,0.010012716986238956,False,8
2021-10-21,9,60,5.5931373e-06,-0.2812254290011106,0.004545454545454545,0.010012716986238956,False,8
2021-10-21,10,60,0.0004213194,0.7948354718954982,0.75,0.010012716986238956,False,8
2021-10-21,11,60,5.6129862e-05,-0.15041677004660783,0.35454545454545455,0.010012716986238956,False,8
2021-10-21,12,60,0.00060210534,1.2627796849311914,0.7772727272727272,0.010012716986238956,False,8
2021-10-21,13,60,2.2393479e-05,-0.23773962510467514,0.20909090909090908,0.010012716986238956,False,8
2021-10-21,14,60,0.0022247678,5.462859981555593,0.9136363636363637,0.010012716986238956,False,8
2021-10-21,15,60,0.0001389209,0.06387858732486136,0.5363636363636364,0.010012716986238956,False,8
2021-10-21,16,60,2.1213535e-05,-0.24079377781048128,0.19545454545454546,0.010012716986238956,False,8
2021-10-21,17,60,0.0010724411,2.480191213262399,0.8590909090909091,0.010012716986238956,False,8
2021-10-21,18,60,0.0019359437,4.715271145250448,0.9136363636363637,0.010012716986238956,False,8
2021-10-21,19,60,0.001304639,3.081209571848511,0.8863636363636364,0.010012716986238956,False,8
2021-10-21,20,60,7.856388e-05,-0.09234883253058779,0.42272727272727273,0.010012716986238956,False,8
2021-10-21,21,60,1.0952736e-05,-0.26735270633204655,0.07272727272727272,0.010012716986238956,False,8
2021-10-21,22,60,0.0012280196,2.882888715514623,0.8727272727272727,0.010012716986238956,False,8
2021-10-25,1,60,3.82615e-05,-0.1966670268125255,0.3090909090909091,0.010012716986238956,False,8
2021-10-25,2,60,0.0024083527,5.938048873950598,0.9227272727272727,0.010012716986238956,False,8
2021-10-25,3,60,8.9015455e-05,-0.06529609091573521,0.44545454545454544,0.010012716986238956,False,8
2021-10-25,4,60,0.0002055969,0.23646192359879145,0.6181818181818182,0.010012716986238956,False,8
2021-10-25,5,60,3.6208894e-05,-0.2019799674507101,0.30454545454545456,0.010012716986238956,False,8
2021-10-25,6,60,3.6160756e-05,-0.20210456659452108,0.30454545454545456,0.010012716986238956,False,8
2021-10-25,7,60,5.0164912e-05,-0.16585637615031376,0.35,0.010012716986238956,False,8
2021-10-25,8,60,7.775541e-06,-0.27557652054798093,0.013636363636363636,0.010012716986238956,False,8
2021-10-25,9,60,3.0210771e-05,-0.21750543792056176,0.2772727272727273,0.010012716986238956,False,8
2021-10-25,10,60,0.00010932537,-0.012726156535883248,0.4772727272727273,0.010012716986238956,False,8
2021-10-25,11,60,2.5693489e-05,-0.22919791687077667,0.22727272727272727,0.010012716986238956,False,8
2021-10-25,12,60,9.801188e-06,-0.27033336089190113,0.05454545454545454,0.010012716986238956,False,8
2021-10-25,13,60,6.0802548e-05,-0.13832204641485016,0.37727272727272726,0.010012716986238956,False,8
2021-10-25,14,60,0.00012384511,0.024856568707169624,0.5181818181818182,0.010012716986238956,False,8
2021-10-25,15,60,1.3299259e-05,-0.2612789947916991,0.1,0.010012716986238956,False,8
2021-10-25,16,60,0.0052900687,13.397048403114946,0.9545454545454546,0.010012716986238956,False,8
2021-10-25,17,60,2.4652089e-05,-0.23189346566982785,0.22727272727272727,0.010012716986238956,False,8
2021-10-25,18,60,0.00050115277,1.001475242045013,0.7545454545454545,0.010012716986238956,False,8
2021-10-25,19,60,0.00019197694,0.20120820042927687,0.6,0.010012716986238956,False,8
2021-10-25,20,60,0.00032501353,0.5455585376555483,0.7318181818181818,0.010012716986238956,False,8
2021-10-25,21,60,0.0001862531,0.18639269177526568,0.5909090909090909,0.010012716986238956,False,8
2021-10-25,22,60,6.1768005e-05,-0.13582306707824263,0.38181818181818183,0.010012716986238956,False,8
2021-10-26,1,60,0.00015382399,0.10245354813182378,0.55,0.010012716986238956,False,8
2021-10-26,2,60,9.905662e-05,-0.03930566246668467,0.4636363636363636,0.010012716986238956,False,8
2021-10-26,3,60,0.0015290567,3.66208957498317,0.9,0.010012716986238956,False,8
2021-10-26,4,60,0.00011119568,-0.007885057939572948,0.4818181818181818,0.010012716986238956,False,8
2021-10-26,5,60,0.00016449792,0.13008182629970896,0.5772727272727273,0.010012716986238956,False,8
2021-10-26,6,60,0.0002442298,0.336458876065886,0.6636363636363637,0.010012716986238956,False,8
2021-10-26,7,60,0.00086497323,1.9431838191749464,0.8272727272727273,0.010012716986238956,False,8
2021-10-26,8,60,3.7287522e-05,-0.19918805959493147,0.3090909090909091,0.010012716986238956,False,8
2021-10-26,9,60,0.00010133411,-0.033410631390635805,0.4636363636363636,0.010012716986238956,False,8
2021-10-26,10,60,5.135369e-05,-0.1627793554713558,0.35,0.010012716986238956,False,8
2021-10-26,11,60,7.538374e-05,-0.10058026705011412,0.4090909090909091,0.010012716986238956,False,8
2021-10-26,12,60,0.00013849106,0.06276597120967614,0.5363636363636364,0.010012716986238956,False,8
2021-10-26,13,60,2.3084616e-05,-0.23595069233241886,0.21363636363636362,0.010012716986238956,False,8
2021-10-26,14,60,0.00055165094,1.1321841131592907,0.759090909090909,0.010012716986238956,False,8
2021-10-26,15,60,7.919627e-06,-0.2752035706016555,0.013636363636363636,0.010012716986238956,False,8
2021-10-26,16,60,3.397485e-05,-0.2077625372529882,0.30454545454545456,0.010012716986238956,False,8
2021-10-26,17,60,0.0068469644,17.426898697778043,0.9545454545454546,0.010012716986238956,False,8
2021-10-26,18,60,0.00043638825,0.83383952382891,0.75,0.010012716986238956,False,8
2021-10-26,19,60,6.123016e-05,-0.1372152214478998,0.38181818181818183,0.010012716986238956,False,8
2021-10-26,20,60,4.801868e-05,-0.17141165986325044,0.3409090909090909,0.010012716986238956,False,8
2021-10-26,21,60,2.5631402e-05,-0.22935862358841955,0.22727272727272727,0.010012716986238956,False,8
2021-10-26,22,60,0.01423882,36.55989122933554,0.9818181818181818,0.010012716986238956,True,8
2021-10-27,1,60,7.486143e-05,-0.10193219412666667,0.4090909090909091,0.010012716986238956,False,8
2021-10-27,2,60,7.345063e-05,-0.1055838944570485,0.4090909090909091,0.010012716986238956,False,8
2021-10-27,3,60,5.1632316e-05,-0.16205816447784038,0.35,0.010012716986238956,False,8
2021-10-27,4,60,0.00018427431,0.1812707931133233,0.5909090909090909,0.010012716986238956,False,8
2021-10-27,5,60,4.8210055e-05,-0.17091630481789244,0.3409090909090909,0.010012716986238956,False,8
2021-10-27,6,60,0.0005541027,1.1385302323085804,0.7636363636363637,0.010012716986238956,False,8
2021-10-27,7,60,8.193511e-05,-0.08362276803629547,0.4318181818181818,0.010012716986238956,False,8
2021-10-27,8,60,5.9381913e-05,-0.1419991995479618,0.37272727272727274,0.010012716986238956,False,8
2021-10-27,9,60,0.0019767834,4.820980034344357,0.9136363636363637,0.010012716986238956,False,8
2021-10-27,10,60,0.000107177824,-0.0182848301892501,0.4681818181818182,0.010012716986238956,False,8
2021-10-27,11,60,0.100045644,258.6612550128465,1.0,0.010012716986238956,True,8
2021-10-27,12,60,0.0001203471,0.015802357979237253,0.5181818181818182,0.010012716986238956,False,8
2021-10-27,13,60,6.2716576e-06,-0.2794691550091235,0.00909090909090909,0.010012716986238956,False,8
2021-10-27,14,60,1.7971706e-05,-0.24918488794076962,0.16363636363636364,0.010012716986238956,False,8
2021-10-27,15,60,0.013304493,34.141490249429005,0.9772727272727273,0.010012716986238956,True,8
2021-10-27,16,60,0.00010008224,-0.036650962449817005,0.4636363636363636,0.010012716986238956,False,8
2021-10-27,17,60,0.00018083419,0.17236643658540665,0.5909090909090909,0.010012716986238956,False,8
2021-10-27,18,60,6.6013404e-06,-0.27861580812958825,0.013636363636363636,0.010012716986238956,False,8
2021-10-27,19,60,0.04881713,126.06198196038257,0.9954545454545455,0.010012716986238956,True,8
2021-10-27,20,60,3.79915e-05,-0.19736589128170776,0.3090909090909091,0.010012716986238956,False,8
2021-10-27,21,60,1.2583428e-05,-0.2631318444199411,0.09545454545454546,0.010012716986238956,False,8
2021-10-27,22,60,0.0045966096,11.602107187442217,0.9545454545454546,0.010012716986238956,False,8
2021-10-21,1,65,5.898076e-05,-0.12037611921121862,0.42727272727272725,0.0040704477578401566,False,8
2021-10-21,2,65,4.4705495e-05,-0.15979469557402115,0.33636363636363636,0.0040704477578401566,False,8
2021-10-21,3,65,1.9138351e-05,-0.23039376359628114,0.1409090909090909,0.0040704477578401566,False,8
2021-10-21,4,65,0.00029803743,0.5397358548385237,0.7181818181818181,0.0040704477578401566,False,8
2021-10-21,5,65,2.5600353e-05,-0.2125501085140857,0.19545454545454546,0.0040704477578401566,False,8
2021-10-21,6,65,4.815639e-05,-0.15026566782692785,0.37727272727272726,0.0040704477578401566,False,8
2021-10-21,7,65,8.7289394e-05,-0.042206920113908336,0.4772727272727273,0.0040704477578401566,False,8
2021-10-21,8,65,0.00013950645,0.10198107489833891,0.5727272727272728,0.0040704477578401566,False,8
2021-10-21,9,65,4.7098893e-06,-0.2702353662068174,0.0,0.0040704477578401566,False,8
2021-10-21,10,65,0.00031817026,0.5953290611136333,0.7227272727272728,0.0040704477578401566,False,8
2021-10-21,11,65,5.633836e-05,-0.1276726376264923,0.4090909090909091,0.0040704477578401566,False,8
2021-10-21,12,65,0.0012649423,3.2096698272125055,0.8863636363636364,0.0040704477578401566,False,8
2021-10-21,13,65,2.3141041e-05,-0.219341055789553,0.17727272727272728,0.0040704477578401566,False,8
2021-10-21,14,65,0.00021633891,0.31414011229450517,0.6727272727272727,0.0040704477578401566,False,8
2021-10-21,15,65,0.0015968317,4.126122617940837,0.9090909090909091,0.0040704477578401566,False,8
2021-10-21,16,65,1.9970552e-05,-0.22809579195593147,0.14545454545454545,0.0040704477578401566,False,8
2021-10-21,17,65,0.00027615528,0.4793122303738833,0.7090909090909091,0.0040704477578401566,False,8
2021-10-21,18,65,0.00035438465,0.6953285864579012,0.7363636363636363,0.0040704477578401566,False,8
2021-10-21,19,65,0.00028514498,0.5041356904619789,0.7136363636363636,0.0040704477578401566,False,8
2021-10-21,20,65,4.155915e-05,-0.16848276395699438,0.31363636363636366,0.0040704477578401566,False,8
2021-10-21,21,65,0.00023915453,0.3771413233195875,0.6909090909090909,0.0040704477578401566,False,8
2021-10-21,22,65,0.002608038,6.9183868948004426,0.9454545454545454,0.0040704477578401566,False,8
2021-10-25,1,65,4.9848033e-05,-0.14559450291402204,0.38181818181818183,0.0040704477578401566,False,8
2021-10-25,2,65,0.002272588,5.992101929530802,0.9409090909090909,0.0040704477578401566,False,8
2021-10-25,3,65,0.00013398007,0.08672096845440516,0.5636363636363636,0.0040704477578401566,False,8
2021-10-25,4,65,0.00024587556,0.39570025194173747,0.6909090909090909,0.0040704477578401566,False,8
2021-10-25,5,65,0.00037272595,0.7459747649405615,0.740909090909091,0.0040704477578401566,False,8
2021-10-25,6,65,2.8052486e-05,-0.20577898627750188,0.22272727272727272,0.0040704477578401566,False,8
2021-10-25,7,65,1.9132676e-05,-0.23040943476965747,0.1409090909090909,0.0040704477578401566,False,8
2021-10-25,8,65,7.82807e-06,-0.2616250710445362,0.00909090909090909,0.0040704477578401566,False,8
2021-10-25,9,65,1.5643802e-05,-0.24004333380807277,0.10454545454545454,0.0040704477578401566,False,8
2021-10-25,10,65,6.554878e-05,-0.10223970953279235,0.4409090909090909,0.0040704477578401566,False,8
2021-10-25,11,65,6.0866536e-05,-0.11516888966697827,0.43636363636363634,0.0040704477578401566,False,8
2021-10-25,12,65,1.1681422e-05,-0.250984733589927,0.05909090909090909,0.0040704477578401566,False,8
2021-10-25,13,65,6.389826e-05,-0.10679732875808738,0.4409090909090909,0.0040704477578401566,False,8
2021-10-25,14,65,0.00024210608,0.38529149876766566,0.6909090909090909,0.0040704477578401566,False,8
2021-10-25,15,65,0.00011014616,0.020907927009400418,0.5181818181818182,0.0040704477578401566,False,8
2021-10-25,16,65,0.008003066,21.815786843713422,0.9818181818181818,0.0040704477578401566,True,8
2021-10-25,17,65,4.146015e-05,-0.16875613552179594,0.3090909090909091,0.0040704477578401566,False,8
2021-10-25,18,65,0.0005234715,1.162231507783111,0.7909090909090909,0.0040704477578401566,False,8
2021-10-25,19,65,5.484872e-05,-0.13178600922343986,0.40454545454545454,0.0040704477578401566,False,8
2021-10-25,20,65,0.00038564685,0.781653526278963,0.7454545454545455,0.0040704477578401566,False,8
2021-10-25,21,65,0.0002392688,0.37745687645939374,0.6909090909090909,0.0040704477578401566,False,8
2021-10-25,22,65,0.00017811719,0.20859769292702435,0.6318181818181818,0.0040704477578401566,False,8
2021-10-26,1,65,0.00052570034,1.1683860195754554,0.7954545454545454,0.0040704477578401566,False,8
2021-10-26,2,65,8.289539e-05,-0.054340165370559336,0.4727272727272727,0.0040704477578401566,False,8
2021-10-26,3,65,0.0017610497,4.579581119078993,0.9181818181818182,0.0040704477578401566,False,8
2021-10-26,4,65,0.00016440947,0.17074630422122392,0.6045454545454545,0.0040704477578401566,False,8
2021-10-26,5,65,0.0001202535,0.0488175233252482,0.5409090909090909,0.0040704477578401566,False,8
2021-10-26,6,65,8.0672e-05,-0.060479669000708794,0.4727272727272727,0.0040704477578401566,False,8
2021-10-26,7,65,0.00048760188,1.063183986130208,0.7863636363636364,0.0040704477578401566,False,8
2021-10-26,8,65,4.4698634e-05,-0.1598136416208082,0.33636363636363636,0.0040704477578401566,False,8
2021-10-26,9,65,4.5560075e-05,-0.15743492827788647,0.35,0.0040704477578401566,False,8
2021-10-26,10,65,4.4399636e-05,-0.16063927136276648,0.33636363636363636,0.0040704477578401566,False,8
2021-10-26,11,65,4.9125207e-05,-0.14759045789285052,0.37727272727272726,0.0040704477578401566,False,8
2021-10-26,12,65,5.6259385e-05,-0.12789070803139851,0.4090909090909091,0.0040704477578401566,False,8
2021-10-26,13,65,2.3046035e-05,-0.21960339725924738,0.17727272727272728,0.0040704477578401566,False,8
2021-10-26,14,65,0.00040639835,0.8389550511820774,0.7545454545454545,0.0040704477578401566,False,8
2021-10-26,15,65,0.00013966097,0.10240777282162968,0.5727272727272728,0.0040704477578401566,False,8
2021-10-26,16,65,4.2792828e-05,-0.16507618237056784,0.3181818181818182,0.0040704477578401566,False,8
2021-10-26,17,65,0.010635031,29.083484926403123,0.9818181818181818,0.0040704477578401566,True,8
2021-10-26,18,65,0.0002790925,0.48742282606356224,0.7136363636363636,0.0040704477578401566,False,8
2021-10-26,19,65,0.00018731599,0.23399853529779863,0.6409090909090909,0.0040704477578401566,False,8
2021-10-26,20,65,7.675975e-05,-0.07128263255018737,0.4681818181818182,0.0040704477578401566,False,8
2021-10-26,21,65,2.3511888e-05,-0.21831702999721259,0.18181818181818182,0.0040704477578401566,False,8
2021-10-26,22,65,0.006078404,16.501177937308427,0.9772727272727273,0.0040704477578401566,True,8
2021-10-27,1,65,5.0247596e-05,-0.14449118198895972,0.39090909090909093,0.0040704477578401566,False,8
2021-10-27,2,65,0.000115932824,0.03688675766511873,0.5363636363636364,0.0040704477578401566,False,8
2021-10-27,3,65,0.00013523473,0.09018550324545228,0.5727272727272728,0.0040704477578401566,False,8
2021-10-27,4,65,0.000111578476,0.024863009709622953,0.5227272727272727,0.0040704477578401566,False,8
2021-10-27,5,65,2.0830474e-05,-0.22572127266101272,0.1590909090909091,0.0040704477578401566,False,8
2021-10-27,6,65,0.00030119272,0.5484486254108126,0.7181818181818181,0.0040704477578401566,False,8
2021-10-27,7,65,9.600194e-05,-0.018148795932767955,0.4818181818181818,0.0040704477578401566,False,8
2021-10-27,8,65,9.02488e-05,-0.034035046118078324,0.4772727272727273,0.0040704477578401566,False,8
2021-10-27,9,65,0.0010309264,2.5634767884431526,0.8681818181818182,0.0040704477578401566,False,8
2021-10-27,10,65,9.5582844e-05,-0.019306051812867205,0.4818181818181818,0.0040704477578401566,False,8
2021-10-27,11,65,0.015362715,42.13813361799953,0.990909090909091,0.0040704477578401566,True,8
2021-10-27,12,65,0.0001477001,0.12460639173417933,0.5818181818181818,0.0040704477578401566,False,8
2021-10-27,13,65,7.653687e-06,-0.26210659798339625,0.00909090909090909,0.0040704477578401566,False,8
2021-10-27,14,65,3.5738598e-05,-0.1845551695998926,0.2772727272727273,0.0040704477578401566,False,8
2021-10-27,15,65,0.003941406,10.60024276757141,0.9636363636363636,0.0040704477578401566,False,8
2021-10-27,16,65,9.835896e-05,-0.011640296443349348,0.4863636363636364,0.0040704477578401566,False,8
2021-10-27,17,65,0.00014599184,0.11988932836540395,0.5727272727272728,0.0040704477578401566,False,8
2021-10-27,18,65,7.458139e-06,-0.2626465691067479,0.0,0.0040704477578401566,False,8
2021-10-27,19,65,0.042532418,117.16237911818156,0.9954545454545455,0.0040704477578401566,True,8
2021-10-27,20,65,3.637738e-05,-0.18279128862576943,0.2818181818181818,0.0040704477578401566,False,8
2021-10-27,21,65,3.1240885e-05,-0.19697479550437233,0.2590909090909091,0.0040704477578401566,False,8
2021-10-27,22,65,0.0042137727,11.352334363168845,0.9727272727272728,0.0040704477578401566,True,8
2021-10-21,1,70,5.7548878e-05,-0.11649898800242302,0.38636363636363635,0.0050755394622683525,False,8
2021-10-21,2,70,0.000113213,0.04063534459240223,0.5227272727272727,0.0050755394622683525,False,8
2021-10-21,3,70,2.1752405e-05,-0.21754890628420276,0.15454545454545454,0.0050755394622683525,False,8
2021-10-21,4,70,0.0002771058,0.5032886057293692,0.6818181818181818,0.0050755394622683525,False,8
2021-10-21,5,70,2.9821082e-05,-0.1947718259587019,0.21818181818181817,0.0050755394622683525,False,8
2021-10-21,6,70,2.3943343e-05,-0.211364103516284,0.18181818181818182,0.0050755394622683525,False,8
2021-10-21,7,70,7.725809e-05,-0.06086182234326952,0.4590909090909091,0.0050755394622683525,False,8
2021-10-21,8,70,2.3429966e-05,-0.21281331629323544,0.18181818181818182,0.0050755394622683525,False,8
2021-10-21,9,70,5.547934e-06,-0.2632925318188603,0.0,0.0050755394622683525,False,8
2021-10-21,10,70,0.00049967814,1.131588378425938,0.7954545454545454,0.0050755394622683525,False,8
2021-10-21,11,70,5.6867822e-05,-0.11842153949434987,0.38636363636363635,0.0050755394622683525,False,8
2021-10-21,12,70,0.0013539979,3.5432488334055887,0.9045454545454545,0.0050755394622683525,False,8
2021-10-21,13,70,0.00015022997,0.1451306143631717,0.5818181818181818,0.0050755394622683525,False,8
2021-10-21,14,70,0.00052071625,1.1909768953792659,0.8,0.0050755394622683525,False,8
2021-10-21,15,70,0.0014254426,3.7449304176889897,0.9045454545454545,0.0050755394622683525,False,8
2021-10-21,16,70,1.7717062e-05,-0.22894028087201088,0.10909090909090909,0.0050755394622683525,False,8
2021-10-21,17,70,0.0002697038,0.48239347067594723,0.6727272727272727,0.0050755394622683525,False,8
2021-10-21,18,70,0.0005583317,1.2971616878775285,0.8,0.0050755394622683525,False,8
2021-10-21,19,70,0.00035631392,0.7268853073007139,0.740909090909091,0.0050755394622683525,False,8
2021-10-21,20,70,5.1761825e-05,-0.132835268709914,0.36363636363636365,0.0050755394622683525,False,8
2021-10-21,21,70,0.00013955329,0.11499139223107711,0.5636363636363636,0.0050755394622683525,False,8
2021-10-21,22,70,0.0027403594,7.4568109873406465,0.9454545454545454,0.0050755394622683525,False,8
2021-10-25,1,70,4.5341232e-05,-0.15095996893223665,0.33636363636363636,0.0050755394622683525,False,8
2021-10-25,2,70,0.001462433,3.8493506368136665,0.9045454545454545,0.0050755394622683525,False,8
2021-10-25,3,70,7.733592e-05,-0.06064211332267583,0.4590909090909091,0.0050755394622683525,False,8
2021-10-25,4,70,0.00020927141,0.3117987923808806,0.6409090909090909,0.0050755394622683525,False,8
2021-10-25,5,70,0.00047977333,1.0753990647116185,0.7954545454545454,0.0050755394622683525,False,8
2021-10-25,6,70,1.6422608e-05,-0.23259439906311982,0.09545454545454546,0.0050755394622683525,False,8
2021-10-25,7,70,8.6857704e-05,-0.03376305510764166,0.4772727272727273,0.0050755394622683525,False,8
2021-10-25,8,70,7.971722e-06,-0.25645041715085953,0.022727272727272728,0.0050755394622683525,False,8
2021-10-25,9,70,1.5540501e-05,-0.23508449795939368,0.07727272727272727,0.0050755394622683525,False,8
2021-10-25,10,70,2.4489378e-05,-0.20982270003736614,0.18636363636363637,0.0050755394622683525,False,8
2021-10-25,11,70,1.2151571e-05,-0.24465111385459265,0.06363636363636363,0.0050755394622683525,False,8
2021-10-25,12,70,5.397757e-05,-0.12658044229251791,0.37272727272727274,0.0050755394622683525,False,8
2021-10-25,13,70,5.316981e-05,-0.12886066536382387,0.36818181818181817,0.0050755394622683525,False,8
2021-10-25,14,70,0.0003026922,0.5755164930932198,0.7136363636363636,0.0050755394622683525,False,8
2021-10-25,15,70,3.3780172e-05,-0.18359570336078088,0.25,0.0050755394622683525,False,8
2021-10-25,16,70,0.012035435,33.695894473944314,0.9863636363636363,0.0050755394622683525,True,8
2021-10-25,17,70,3.9697337e-05,-0.16689212840623308,0.3,0.0050755394622683525,False,8
2021-10-25,18,70,0.00015525408,0.15931317362203937,0.5863636363636363,0.0050755394622683525,False,8
2021-10-25,19,70,0.00010559427,0.019128425591387128,0.509090909090909,0.0050755394622683525,False,8
2021-10-25,20,70,0.0003641609,0.7490365445195493,0.740909090909091,0.0050755394622683525,False,8
2021-10-25,21,70,0.00011219493,0.03776144297704182,0.5181818181818182,0.0050755394622683525,False,8
2021-10-25,22,70,0.00015795429,0.16693559986010675,0.5909090909090909,0.0050755394622683525,False,8
2021-10-26,1,70,0.00014058773,0.11791150729846481,0.5636363636363636,0.0050755394622683525,False,8
2021-10-26,2,70,0.00010399553,0.014615343102275144,0.509090909090909,0.0050755394622683525,False,8
2021-10-26,3,70,0.0028099166,7.653164181144613,0.9454545454545454,0.0050755394622683525,False,8
2021-10-26,4,70,0.00013887098,0.11306529770782818,0.5590909090909091,0.0050755394622683525,False,8
2021-10-26,5,70,2.3239058e-05,-0.21335223189663755,0.17727272727272728,0.0050755394622683525,False,8
2021-10-26,6,70,5.6470784e-05,-0.11954233894188346,0.38636363636363635,0.0050755394622683525,False,8
2021-10-26,7,70,0.00072650757,1.7719055382663045,0.8181818181818182,0.0050755394622683525,False,8
2021-10-26,8,70,4.10135e-05,-0.16317673117773596,0.30454545454545456,0.0050755394622683525,False,8
2021-10-26,9,70,1.2435452e-05,-0.24384974692229963,0.06363636363636363,0.0050755394622683525,False,8
2021-10-26,10,70,4.8538415e-05,-0.14193463579614918,0.35454545454545455,0.0050755394622683525,False,8
2021-10-26,11,70,9.720212e-05,-0.004561781197892728,0.4909090909090909,0.0050755394622683525,False,8
2021-10-26,12,70,6.11097e-05,-0.10644714113059361,0.40454545454545454,0.0050755394622683525,False,8
2021-10-26,13,70,1.4886629e-05,-0.23693031458164324,0.06818181818181818,0.0050755394622683525,False,8
2021-10-26,14,70,8.988722e-05,-0.025211040147217572,0.4772727272727273,0.0050755394622683525,False,8
2021-10-26,15,70,0.00035909296,0.7347302564451206,0.740909090909091,0.0050755394622683525,False,8
2021-10-26,16,70,4.085704e-05,-0.16361839827358868,0.30454545454545456,0.0050755394622683525,False,8
2021-10-26,17,70,0.0069012227,19.20251857151755,0.9818181818181818,0.0050755394622683525,True,8
2021-10-26,18,70,0.00051208556,1.1666133277849806,0.7954545454545454,0.0050755394622683525,False,8
2021-10-26,19,70,0.00018067184,0.23106500081207304,0.6181818181818182,0.0050755394622683525,False,8
2021-10-26,20,70,7.7299424e-05,-0.06074513851172864,0.4590909090909091,0.0050755394622683525,False,8
2021-10-26,21,70,1.7899782e-05,-0.22842448226427842,0.10909090909090909,0.0050755394622683525,False,8
2021-10-26,22,70,0.0037637204,10.345658320637042,0.9636363636363636,0.0050755394622683525,False,8
2021-10-27,1,70,2.4171688e-05,-0.21071950801775152,0.18181818181818182,0.0050755394622683525,False,8
2021-10-27,2,70,0.00010246446,0.010293276214875914,0.5045454545454545,0.0050755394622683525,False,8
2021-10-27,3,70,3.3020755e-05,-0.1857394632430783,0.2409090909090909,0.0050755394622683525,False,8
2021-10-27,4,70,0.0002182404,0.3371173558264816,0.6545454545454545,0.0050755394622683525,False,8
2021-10-27,5,70,1.6840262e-05,-0.2314154014749999,0.10454545454545454,0.0050755394622683525,False,8
2021-10-27,6,70,0.00030635874,0.5858667453596175,0.7136363636363636,0.0050755394622683525,False,8
2021-10-27,7,70,6.3844054e-05,-0.09872832390125336,0.41818181818181815,0.0050755394622683525,False,8
2021-10-27,8,70,9.537644e-05,-0.009715505367974869,0.4909090909090909,0.0050755394622683525,False,8
2021-10-27,9,70,0.0037098622,10.193622060946403,0.9636363636363636,0.0050755394622683525,False,8
2021-10-27,10,70,8.304279e-05,-0.04453218610321446,0.4636363636363636,0.0050755394622683525,False,8
2021-10-27,11,70,0.006660881,18.52405744455323,0.9818181818181818,0.0050755394622683525,True,8
2021-10-27,12,70,0.0002511844,0.4301150062832323,0.6681818181818182,0.0050755394622683525,False,8
2021-10-27,13,70,8.099643e-06,-0.2560893078041324,0.022727272727272728,0.0050755394622683525,False,8
2021-10-27,14,70,3.942555e-05,-0.16765935386713396,0.2909090909090909,0.0050755394622683525,False,8
2021-10-27,15,70,0.016344061,45.85872163630126,0.990909090909091,0.0050755394622683525,True,8
2021-10-27,16,70,6.3117805e-05,-0.10077845532974351,0.41363636363636364,0.0050755394622683525,False,8
2021-10-27,17,70,0.0002742462,0.49521624532236425,0.6818181818181818,0.0050755394622683525,False,8
2021-10-27,18,70,7.5032626e-06,-0.25777283176881116,0.00909090909090909,0.0050755394622683525,False,8
2021-10-27,19,70,0.014322179,40.15114850954685,0.990909090909091,0.0050755394622683525,True,8
2021-10-27,20,70,4.787479e-05,-0.14380798536615097,0.34545454545454546,0.0050755394622683525,False,8
2021-10-27,21,70,0.0003214672,0.6285164624382967,0.7318181818181818,0.0050755394622683525,False,8
2021-10-27,22,70,0.0026900007,7.314653315155358,0.9409090909090909,0.0050755394622683525,False,8
2021-10-21,1,75,5.9756378e-05,-0.04008461169589875,0.4409090909090909,0.004566672723740339,False,8
2021-10-21,2,75,0.00017628381,0.35398348521810397,0.6409090909090909,0.004566672723740339,False,8
2021-10-21,3,75,8.106328e-06,-0.21475281428063572,0.01818181818181818,0.004566672723740339,False,8
2021-10-21,4,75,0.00043512753,1.2293314814737097,0.7818181818181819,0.004566672723740339,False,8
2021-10-21,5,75,3.2861797e-05,-0.13103569660821154,0.3090909090909091,0.004566672723740339,False,8
2021-10-21,6,75,2.7840477e-05,-0.14801660932568814,0.2590909090909091,0.004566672723740339,False,8
2021-10-21,7,75,0.00011210895,0.1369593623675579,0.5818181818181818,0.004566672723740339,False,8
2021-10-21,8,75,1.1950525e-05,-0.20175265379547827,0.08181818181818182,0.004566672723740339,False,8
2021-10-21,9,75,5.524484e-05,-0.05534156039433924,0.42727272727272725,0.004566672723740339,False,8
2021-10-21,10,75,0.0008300032,2.5647071604309066,0.8454545454545455,0.004566672723740339,False,8
2021-10-21,11,75,0.00021155026,0.47324624522100994,0.6590909090909091,0.004566672723740339,False,8
2021-10-21,12,75,0.0014126154,4.534963395560392,0.9227272727272727,0.004566672723740339,False,8
2021-10-21,13,75,0.00029528857,0.7564293327191334,0.7227272727272728,0.004566672723740339,False,8
2021-10-21,14,75,7.926417e-05,0.025886120410778583,0.5227272727272727,0.004566672723740339,False,8
2021-10-21,15,75,0.0011747607,3.7305954053165706,0.8954545454545455,0.004566672723740339,False,8
2021-10-21,16,75,4.1411626e-05,-0.10212220640629738,0.36363636363636365,0.004566672723740339,False,8
2021-10-21,17,75,0.0001431015,0.24176879129108195,0.6045454545454545,0.004566672723740339,False,8
2021-10-21,18,75,0.00050312333,1.459277140815246,0.8181818181818182,0.004566672723740339,False,8
2021-10-21,19,75,0.000617879,1.8473534883828866,0.8227272727272728,0.004566672723740339,False,8
2021-10-21,20,75,4.806261e-05,-0.07963015246077654,0.38636363636363635,0.004566672723740339,False,8
2021-10-21,21,75,0.00011096985,0.13310718956942716,0.5818181818181818,0.004566672723740339,False,8
2021-10-21,22,75,0.0020906585,6.827944199035329,0.9454545454545454,0.004566672723740339,False,8
2021-10-25,1,75,4.3990232e-05,-0.09340197101707598,0.36818181818181817,0.004566672723740339,False,8
2021-10-25,2,75,0.0020687191,6.753750362291894,0.9454545454545454,0.004566672723740339,False,8
2021-10-25,3,75,7.167309e-05,0.00021486806057651036,0.5,0.004566672723740339,False,8
2021-10-25,4,75,0.00020618917,0.45511632662609375,0.6590909090909091,0.004566672723740339,False,8
2021-10-25,5,75,0.0002799325,0.7044987059020502,0.7181818181818181,0.004566672723740339,False,8
2021-10-25,6,75,1.4535879e-05,-0.19300959982421542,0.11363636363636363,0.004566672723740339,False,8
2021-10-25,7,75,7.710029e-05,0.01856837738740895,0.5181818181818182,0.004566672723740339,False,8
2021-10-25,8,75,6.90633e-06,-0.21881092332073557,0.004545454545454545,0.004566672723740339,False,8
2021-10-25,9,75,7.038798e-06,-0.21836294832756395,0.00909090909090909,0.004566672723740339,False,8
2021-10-25,10,75,3.35228e-05,-0.12880034291416922,0.3090909090909091,0.004566672723740339,False,8
2021-10-25,11,75,1.0832518e-05,-0.20553348892116396,0.06818181818181818,0.004566672723740339,False,8
2021-10-25,12,75,5.37495e-05,-0.06039844605979166,0.42272727272727273,0.004566672723740339,False,8
2021-10-25,13,75,3.8201197e-05,-0.11297911488756371,0.3409090909090909,0.004566672723740339,False,8
2021-10-25,14,75,0.00035174916,0.947365631073407,0.7545454545454545,0.004566672723740339,False,8
2021-10-25,15,75,5.420794e-05,-0.05884811118126037,0.42272727272727273,0.004566672723740339,False,8
2021-10-25,16,75,0.005980713,19.983184110628102,0.9818181818181818,0.004566672723740339,True,8
2021-10-25,17,75,3.7716967e-05,-0.11461666417671205,0.3409090909090909,0.004566672723740339,False,8
2021-10-25,18,75,0.00021854817,0.49691152921867837,0.6590909090909091,0.004566672723740339,False,8
2021-10-25,19,75,0.00016647077,0.32079811286297355,0.6272727272727273,0.004566672723740339,False,8
2021-10-25,20,75,0.0006090762,1.817584499736752,0.8227272727272728,0.004566672723740339,False,8
2021-10-25,21,75,2.883382e-05,-0.14465735972910668,0.2727272727272727,0.004566672723740339,False,8
2021-10-25,22,75,0.0001610776,0.30255968374447967,0.6272727272727273,0.004566672723740339,False,8
2021-10-26,1,75,0.00033564807,0.8929155916644486,0.75,0.004566672723740339,False,8
2021-10-26,2,75,9.021627e-05,0.0629235179306743,0.5545454545454546,0.004566672723740339,False,8
2021-10-26,3,75,0.0026284994,8.646794347310976,0.9590909090909091,0.004566672723740339,False,8
2021-10-26,4,75,0.00014514223,0.24867006059062471,0.6090909090909091,0.004566672723740339,False,8
2021-10-26,5,75,5.1069223e-05,-0.06946250725427683,0.40454545454545454,0.004566672723740339,False,8
2021-10-26,6,75,4.2972802e-05,-0.09684267732302343,0.36818181818181817,0.004566672723740339,False,8
2021-10-26,7,75,0.00050823716,1.4765709132395912,0.8181818181818182,0.004566672723740339,False,8
2021-10-26,8,75,3.3004948e-05,-0.13055159450024562,0.3090909090909091,0.004566672723740339,False,8
2021-10-26,9,75,8.191805e-06,-0.2144637512268544,0.01818181818181818,0.004566672723740339,False,8
2021-10-26,10,75,6.318592e-05,-0.028486706748069388,0.4681818181818182,0.004566672723740339,False,8
2021-10-26,11,75,4.291379e-05,-0.0970422407247189,0.36818181818181817,0.004566672723740339,False,8
2021-10-26,12,75,1.8487373e-05,-0.17964658420813165,0.16363636363636364,0.004566672723740339,False,8
2021-10-26,13,75,2.1319991e-05,-0.17006734408226135,0.2,0.004566672723740339,False,8
2021-10-26,14,75,0.00011112996,0.13364863493707516,0.5818181818181818,0.004566672723740339,False,8
2021-10-26,15,75,0.00030763395,0.7981784737017096,0.7454545454545455,0.004566672723740339,False,8
2021-10-26,16,75,4.6617457e-05,-0.08451732126990757,0.38636363636363635,0.004566672723740339,False,8
2021-10-26,17,75,0.0047639073,15.868236716955916,0.9681818181818181,0.004566672723740339,True,8
2021-10-26,18,75,0.0006978964,2.1179534396691047,0.8272727272727273,0.004566672723740339,False,8
2021-10-26,19,75,4.1081574e-05,-0.10323836385993283,0.36363636363636365,0.004566672723740339,False,8
2021-10-26,20,75,5.947831e-05,-0.04102497471967004,0.4409090909090909,0.004566672723740339,False,8
2021-10-26,21,75,2.2336062e-05,-0.16663123286481235,0.2,0.004566672723740339,False,8
2021-10-26,22,75,0.0013324382,4.263823106156766,0.9090909090909091,0.004566672723740339,False,8
2021-10-27,1,75,1.5586082e-05,-0.18945806392057524,0.12272727272727273,0.004566672723740339,False,8
2021-10-27,2,75,0.00010867181,0.12533576921414688,0.5818181818181818,0.004566672723740339,False,8
2021-10-27,3,75,9.412022e-05,0.07612575466043434,0.5636363636363636,0.004566672723740339,False,8
2021-10-27,4,75,5.280322e-05,-0.06359853458567867,0.41363636363636364,0.004566672723740339,False,8
2021-10-27,5,75,6.0784867e-05,-0.0366065049373803,0.44545454545454544,0.004566672723740339,False,8
2021-10-27,6,75,0.00031885656,0.8361306813703798,0.75,0.004566672723740339,False,8
2021-10-27,7,75,4.2522468e-05,-0.09836560160670992,0.36818181818181817,0.004566672723740339,False,8
2021-10-27,8,75,6.636455e-05,-0.01773734917350559,0.4772727272727273,0.004566672723740339,False,8
2021-10-27,9,75,0.0024166405,7.930337892435686,0.9545454545454546,0.004566672723740339,False,8
2021-10-27,10,75,4.0932384e-05,-0.10374288858344742,0.36363636363636365,0.004566672723740339,False,8
2021-10-27,11,75,0.11497092,388.5621923029435,1.0,0.004566672723740339,True,8
2021-10-27,12,75,0.00023760853,0.5613691423576886,0.6863636363636364,0.004566672723740339,False,8
2021-10-27,13,75,5.291207e-06,-0.22427288572177456,0.0,0.004566672723740339,False,8
2021-10-27,14,75,4.052677e-05,-0.1051145747870499,0.35909090909090907,0.004566672723740339,False,8
2021-10-27,15,75,0.0156082595,52.54126072136759,0.9863636363636363,0.004566672723740339,True,8
2021-10-27,16,75,5.1911706e-05,-0.06661342935743696,0.41363636363636364,0.004566672723740339,False,8
2021-10-27,17,75,0.00033560424,0.8927673677655751,0.75,0.004566672723740339,False,8
2021-10-27,18,75,8.435549e-06,-0.2136394680123333,0.022727272727272728,0.004566672723740339,False,8
2021-10-27,19,75,0.00685628,22.944144083422717,0.9818181818181818,0.004566672723740339,True,8
2021-10-27,20,75,8.177228e-05,0.03436795252042073,0.5318181818181819,0.004566672723740339,False,8
2021-10-27,21,75,0.00010443956,0.11102330497092876,0.5772727272727273,0.004566672723740339,False,8
2021-10-27,22,75,0.0004937318,1.4275172670254108,0.8136363636363636,0.004566672723740339,False,8
2021-10-21,1,80,5.444636e-05,-0.11239597557528092,0.35909090909090907,0.004427738022059202,False,8
2021-10-21,2,80,0.0001813235,0.3019036911132917,0.6227272727272727,0.004427738022059202,False,8
2021-10-21,3,80,6.5760933e-06,-0.26870967129719703,0.004545454545454545,0.004427738022059202,False,8
2021-10-21,4,80,7.9538186e-05,-0.03046210129293014,0.4590909090909091,0.004427738022059202,False,8
2021-10-21,5,80,3.3815497e-05,-0.17976318548807788,0.2681818181818182,0.004427738022059202,False,8
2021-10-21,6,80,4.6658555e-05,-0.13782596379321388,0.32727272727272727,0.004427738022059202,False,8
2021-10-21,7,80,0.000114208495,0.08274897341677837,0.5727272727272728,0.004427738022059202,False,8
2021-10-21,8,80,1.3205659e-05,-0.2470617448449052,0.07727272727272727,0.004427738022059202,False,8
2021-10-21,9,80,4.175034e-05,-0.1538530591543496,0.3090909090909091,0.004427738022059202,False,8
2021-10-21,10,80,0.0018424944,5.726226194936749,0.9181818181818182,0.004427738022059202,False,8
2021-10-21,11,80,0.00018486862,0.31347979756407446,0.6318181818181818,0.004427738022059202,False,8
2021-10-21,12,80,0.0017748768,5.505430611347352,0.9181818181818182,0.004427738022059202,False,8
2021-10-21,13,80,0.0007507717,2.161357705929947,0.8409090909090909,0.004427738022059202,False,8
2021-10-21,14,80,9.1502196e-05,0.008604709865595257,0.509090909090909,0.004427738022059202,False,8
2021-10-21,15,80,0.001119999,3.3670179905989692,0.8772727272727273,0.004427738022059202,False,8
2021-10-21,16,80,4.7376026e-05,-0.13548316111166603,0.32727272727272727,0.004427738022059202,False,8
2021-10-21,17,80,0.00011447082,0.08360556699522775,0.5727272727272728,0.004427738022059202,False,8
2021-10-21,18,80,0.000256279,0.5466604213746832,0.7136363636363636,0.004427738022059202,False,8
2021-10-21,19,80,0.0012541489,3.8050658910135864,0.8772727272727273,0.004427738022059202,False,8
2021-10-21,20,80,5.096705e-05,-0.12375717335535133,0.35454545454545455,0.004427738022059202,False,8
2021-10-21,21,80,0.00013815104,0.16093001795556836,0.5863636363636363,0.004427738022059202,False,8
2021-10-21,22,80,0.00206658,6.45794708492302,0.9272727272727272,0.004427738022059202,False,8
2021-10-25,1,80,1.7593831e-05,-0.2327327796100935,0.10909090909090909,0.004427738022059202,False,8
2021-10-25,2,80,0.0009882522,2.9368172799507826,0.8681818181818182,0.004427738022059202,False,8
2021-10-25,3,80,6.264146e-05,-0.085636003113491,0.4090909090909091,0.004427738022059202,False,8
2021-10-25,4,80,0.00017308687,0.2750081162814735,0.6045454545454545,0.004427738022059202,False,8
2021-10-25,5,80,0.00028914431,0.6539775744120716,0.7272727272727273,0.004427738022059202,False,8
2021-10-25,6,80,2.0750946e-05,-0.22242366140069197,0.15454545454545454,0.004427738022059202,False,8
2021-10-25,7,80,8.703381e-05,-0.0059861764253328524,0.4909090909090909,0.004427738022059202,False,8
2021-10-25,8,80,6.751785e-06,-0.2681359746736707,0.004545454545454545,0.004427738022059202,False,8
2021-10-25,9,80,1.0711924e-05,-0.255204690923732,0.045454545454545456,0.004427738022059202,False,8
2021-10-25,10,80,2.6341784e-05,-0.20416755530741715,0.21818181818181817,0.004427738022059202,False,8
2021-10-25,11,80,1.2190537e-05,-0.25037648627462494,0.05909090909090909,0.004427738022059202,False,8
2021-10-25,12,80,1.0925446e-05,-0.2545074642830938,0.045454545454545456,0.004427738022059202,False,8
2021-10-25,13,80,5.496942e-05,-0.1106879915579417,0.35909090909090907,0.004427738022059202,False,8
2021-10-25,14,80,0.00019630746,0.3508317347031042,0.6636363636363637,0.004427738022059202,False,8
2021-10-25,15,80,6.338253e-05,-0.08321613932161695,0.41363636363636364,0.004427738022059202,False,8
2021-10-25,16,80,0.0014161997,4.334220337460812,0.8909090909090909,0.004427738022059202,False,8
2021-10-25,17,80,4.56727e-05,-0.1410451391111259,0.32272727272727275,0.004427738022059202,False,8
2021-10-25,18,80,0.0002620831,0.5656129641342111,0.7181818181818181,0.004427738022059202,False,8
2021-10-25,19,80,8.450379e-05,-0.014247621631765833,0.4863636363636364,0.004427738022059202,False,8
2021-10-25,20,80,0.0008112786,2.358934457424514,0.8454545454545455,0.004427738022059202,False,8
2021-10-25,21,80,2.2335465e-05,-0.21724963210024206,0.1590909090909091,0.004427738022059202,False,8
2021-10-25,22,80,0.00017239114,0.27273631626007977,0.6045454545454545,0.004427738022059202,False,8
2021-10-26,1,80,0.00035423486,0.8665216914188485,0.7545454545454545,0.004427738022059202,False,8
2021-10-26,2,80,0.00034200167,0.8265759298128073,0.75,0.004427738022059202,False,8
2021-10-26,3,80,0.00081402494,2.3679022941623846,0.8454545454545455,0.004427738022059202,False,8
2021-10-26,4,80,0.0003501397,0.8531494801990077,0.75,0.004427738022059202,False,8
2021-10-26,5,80,2.5657839e-05,-0.20640088417021812,0.21818181818181817,0.004427738022059202,False,8
2021-10-26,6,80,2.8610011e-05,-0.19676097523923738,0.25,0.004427738022059202,False,8
2021-10-26,7,80,0.00058986794,1.6359487596895055,0.8136363636363636,0.004427738022059202,False,8
2021-10-26,8,80,3.4625897e-05,-0.17711693760810668,0.2772727272727273,0.004427738022059202,False,8
2021-10-26,9,80,9.021366e-06,-0.260724972530831,0.022727272727272728,0.004427738022059202,False,8
2021-10-26,10,80,6.483857e-05,-0.0784616576955844,0.41818181818181815,0.004427738022059202,False,8
2021-10-26,11,80,0.0001080782,0.06273135511699679,0.55,0.004427738022059202,False,8
2021-10-26,12,80,8.154724e-05,-0.02390182137756425,0.4636363636363636,0.004427738022059202,False,8
2021-10-26,13,80,2.6719395e-05,-0.20293451814562774,0.22272727272727272,0.004427738022059202,False,8
2021-10-26,14,80,0.00010316811,0.04669813002980459,0.5363636363636364,0.004427738022059202,False,8
2021-10-26,15,80,0.0003208322,0.7574499161771099,0.740909090909091,0.004427738022059202,False,8
2021-10-26,16,80,1.5780379e-05,-0.23865435632555218,0.09090909090909091,0.004427738022059202,False,8
2021-10-26,17,80,0.003190414,10.127670572817273,0.9590909090909091,0.004427738022059202,False,8
2021-10-26,18,80,0.0018481198,5.7445952257895065,0.9181818181818182,0.004427738022059202,False,8
2021-10-26,19,80,5.3790372e-05,-0.11453800596985128,0.35909090909090907,0.004427738022059202,False,8
2021-10-26,20,80,6.419907e-05,-0.08054985103882159,0.41818181818181815,0.004427738022059202,False,8
2021-10-26,21,80,1.1175736e-05,-0.2536901763850501,0.05,0.004427738022059202,False,8
2021-10-26,22,80,0.0011625134,3.5058428859117345,0.8772727272727273,0.004427738022059202,False,8
2021-10-27,1,80,8.323672e-06,-0.2630031962913043,0.01818181818181818,0.004427738022059202,False,8
2021-10-27,2,80,0.000119990735,0.1016300739815318,0.5727272727272728,0.004427738022059202,False,8
2021-10-27,3,80,7.4938136e-05,-0.04548292371842363,0.45454545454545453,0.004427738022059202,False,8
2021-10-27,4,80,0.00035778986,0.8781300620866261,0.7545454545454545,0.004427738022059202,False,8
2021-10-27,5,80,0.0033181421,10.544748917978989,0.9590909090909091,0.004427738022059202,False,8
2021-10-27,6,80,0.00032212524,0.7616722045331233,0.740909090909091,0.004427738022059202,False,8
2021-10-27,7,80,7.3803654e-05,-0.04918741653306237,0.45,0.004427738022059202,False,8
2021-10-27,8,80,8.0207385e-05,-0.028276925229683232,0.4636363636363636,0.004427738022059202,False,8
2021-10-27,9,80,0.0050514285,16.20455439923022,0.9727272727272728,0.004427738022059202,True,8
2021-10-27,10,80,4.233162e-05,-0.15195497047406142,0.31363636363636366,0.004427738022059202,False,8
2021-10-27,11,80,0.1010701,329.740173715397,1.0,0.004427738022059202,True,8
2021-10-27,12,80,0.00023268328,0.4696119031213962,0.7,0.004427738022059202,False,8
2021-10-27,13,80,5.547876e-06,-0.2720671723178863,0.0,0.004427738022059202,False,8
2021-10-27,14,80,4.3398304e-05,-0.14847186055629935,0.3181818181818182,0.004427738022059202,False,8
2021-10-27,15,80,0.0107818665,34.91650322524787,0.990909090909091,0.004427738022059202,True,8
2021-10-27,16,80,4.73093e-05,-0.1357010514902082,0.32727272727272727,0.004427738022059202,False,8
2021-10-27,17,80,0.00017519562,0.2818939369194198,0.6090909090909091,0.004427738022059202,False,8
2021-10-27,18,80,1.0126494e-05,-0.25711633093153746,0.031818181818181815,0.004427738022059202,False,8
2021-10-27,19,80,0.009896292,32.02478395548125,0.990909090909091,0.004427738022059202,True,8
2021-10-27,20,80,6.6766544e-05,-0.07216612017342486,0.42272727272727273,0.004427738022059202,False,8
2021-10-27,21,80,0.0005893568,1.6342797635809208,0.8136363636363636,0.004427738022059202,False,8
2021-10-27,22,80,0.0006781423,1.924196419011365,0.8181818181818182,0.004427738022059202,False,8
2021-10-21,1,100,9.5583026e-05,-0.10490947569402938,0.44545454545454544,0.004534404259175062,False,8
2021-10-21,2,100,0.00016695465,0.05809363620718825,0.5545454545454546,0.004534404259175062,False,8
2021-10-21,3,100,7.080864e-06,-0.30703641858109226,0.0,0.004534404259175062,False,8
2021-10-21,4,100,0.00013771371,-0.008688704877666025,0.4954545454545455,0.004534404259175062,False,8
2021-10-21,5,100,1.8439427e-05,-0.28109500121462083,0.09545454545454546,0.004534404259175062,False,8
2021-10-21,6,100,2.3041355e-05,-0.270584819949984,0.16363636363636364,0.004534404259175062,False,8
2021-10-21,7,100,0.00047771473,0.767827542325045,0.75,0.004534404259175062,False,8
2021-10-21,8,100,1.5555255e-05,-0.2876820578533417,0.05909090909090909,0.004534404259175062,False,8
2021-10-21,9,100,8.148777e-05,-0.13710112635183044,0.40454545454545454,0.004534404259175062,False,8
2021-10-21,10,100,0.00077803194,1.453711367241421,0.8227272727272728,0.004534404259175062,False,8
2021-10-21,11,100,0.00015685293,0.03502267378814956,0.5363636363636364,0.004534404259175062,False,8
2021-10-21,12,100,0.00018151985,0.09135858172996283,0.5818181818181818,0.004534404259175062,False,8
2021-10-21,13,100,0.00016101125,0.0445197272810076,0.5454545454545454,0.004534404259175062,False,8
2021-10-21,14,100,4.1107007e-05,-0.22932531991680133,0.3181818181818182,0.004534404259175062,False,8
2021-10-21,15,100,0.00041221414,0.6182330802899179,0.7181818181818181,0.004534404259175062,False,8
2021-10-21,16,100,0.0004883745,0.7921730185088693,0.75,0.004534404259175062,False,8
2021-10-21,17,100,0.0002626086,0.27655431536251834,0.6681818181818182,0.004534404259175062,False,8
2021-10-21,18,100,0.0004584947,0.7239316119124862,0.75,0.004534404259175062,False,8
2021-10-21,19,100,0.00014344863,0.004409085135522919,0.509090909090909,0.004534404259175062,False,8
2021-10-21,20,100,4.5966808e-05,-0.21822619241858482,0.3409090909090909,0.004534404259175062,False,8
2021-10-21,21,100,0.00013209159,-0.021528860253586246,0.4772727272727273,0.004534404259175062,False,8
2021-10-21,22,100,0.006233802,13.913950970029763,0.9863636363636363,0.004534404259175062,True,8
2021-10-25,1,100,6.372526e-05,-0.1776682956122328,0.38636363636363635,0.004534404259175062,False,8
2021-10-25,2,100,0.0005788532,0.9988140772220525,0.7818181818181819,0.004534404259175062,False,8
2021-10-25,3,100,0.00034279193,0.4596821588034463,0.7,0.004534404259175062,False,8
2021-10-25,4,100,8.62639e-05,-0.1261930978170163,0.42272727272727273,0.004534404259175062,False,8
2021-10-25,5,100,0.00077136717,1.4384899193738934,0.8227272727272728,0.004534404259175062,False,8
2021-10-25,6,100,3.4859415e-05,-0.24359397327875656,0.2772727272727273,0.004534404259175062,False,8
2021-10-25,7,100,2.4004685e-05,-0.26838470589298313,0.17727272727272728,0.004534404259175062,False,8
2021-10-25,8,100,4.3107182e-05,-0.22475719059182414,0.33181818181818185,0.004534404259175062,False,8
2021-10-25,9,100,9.800133e-05,-0.0993863999229788,0.45,0.004534404259175062,False,8
2021-10-25,10,100,5.0916726e-05,-0.206921251336784,0.35454545454545455,0.004534404259175062,False,8
2021-10-25,11,100,4.6721245e-05,-0.21650316107804327,0.3409090909090909,0.004534404259175062,False,8
2021-10-25,12,100,1.9137256e-05,-0.2795012524771463,0.09545454545454546,0.004534404259175062,False,8
2021-10-25,13,100,4.533708e-05,-0.21966440321715106,0.33636363636363636,0.004534404259175062,False,8
2021-10-25,14,100,0.000493894,0.8047787702345501,0.75,0.004534404259175062,False,8
2021-10-25,15,100,2.7299666e-05,-0.260859415658836,0.21818181818181817,0.004534404259175062,False,8
2021-10-25,16,100,0.005048946,11.207900313641174,0.9818181818181818,0.004534404259175062,True,8
2021-10-25,17,100,4.069516e-05,-0.23026592563196893,0.31363636363636366,0.004534404259175062,False,8
2021-10-25,18,100,0.00018064065,0.08935061352633775,0.5772727272727273,0.004534404259175062,False,8
2021-10-25,19,100,0.00017449491,0.07531457745474668,0.5681818181818182,0.004534404259175062,False,8
2021-10-25,20,100,0.0003338359,0.43922778986051747,0.7,0.004534404259175062,False,8
2021-10-25,21,100,1.6563647e-05,-0.2853790286958981,0.06818181818181818,0.004534404259175062,False,8
2021-10-25,22,100,9.931047e-05,-0.0963964987761877,0.45,0.004534404259175062,False,8
2021-10-26,1,100,0.00017533031,0.07722250950535592,0.5681818181818182,0.004534404259175062,False,8
2021-10-26,2,100,0.0005968935,1.0400156784236496,0.7818181818181819,0.004534404259175062,False,8
2021-10-26,3,100,0.0020386386,4.332766075447325,0.9090909090909091,0.004534404259175062,False,8
2021-10-26,4,100,8.6062755e-05,-0.12665248310773444,0.42272727272727273,0.004534404259175062,False,8
2021-10-26,5,100,5.9472073e-05,-0.18738199716903503,0.36818181818181817,0.004534404259175062,False,8
2021-10-26,6,100,0.00024238302,0.23036180745969342,0.6409090909090909,0.004534404259175062,False,8
2021-10-26,7,100,0.0023876715,5.129909976809517,0.9318181818181818,0.004534404259175062,False,8
2021-10-26,8,100,3.1974796e-05,-0.2501820518814991,0.2590909090909091,0.004534404259175062,False,8
2021-10-26,9,100,7.3477586e-06,-0.30642686793264884,0.0,0.004534404259175062,False,8
2021-10-26,10,100,1.0937121e-05,-0.2982292500019993,0.02727272727272727,0.004534404259175062,False,8
2021-10-26,11,100,9.023839e-05,-0.11711589705540384,0.4318181818181818,0.004534404259175062,False,8
2021-10-26,12,100,2.3764633e-05,-0.26893295220168334,0.17272727272727273,0.004534404259175062,False,8
2021-10-26,13,100,4.6025456e-05,-0.21809224866254093,0.3409090909090909,0.004534404259175062,False,8
2021-10-26,14,100,0.0016563265,3.4596170314458536,0.8863636363636364,0.004534404259175062,False,8
2021-10-26,15,100,0.0085983975,19.31436646487378,0.9954545454545455,0.004534404259175062,True,8
2021-10-26,16,100,1.9975085e-05,-0.2775877660936225,0.1,0.004534404259175062,False,8
2021-10-26,17,100,0.0016309773,3.401722885939156,0.8863636363636364,0.004534404259175062,False,8
2021-10-26,18,100,0.006280197,14.019910326811424,0.9863636363636363,0.004534404259175062,True,8
2021-10-26,19,100,0.0001629482,0.048943452258857253,0.5545454545454546,0.004534404259175062,False,8
2021-10-26,20,100,8.883568e-05,-0.1203194966951823,0.4318181818181818,0.004534404259175062,False,8
2021-10-26,21,100,3.244599e-05,-0.24910590714937572,0.2636363636363636,0.004534404259175062,False,8
2021-10-26,22,100,0.0007471951,1.3832841873189428,0.8136363636363636,0.004534404259175062,False,8
2021-10-27,1,100,8.24845e-05,-0.13482473888248026,0.4090909090909091,0.004534404259175062,False,8
2021-10-27,2,100,8.223231e-05,-0.13540069454087383,0.40454545454545454,0.004534404259175062,False,8
2021-10-27,3,100,0.00012555391,-0.03646003710435634,0.4681818181818182,0.004534404259175062,False,8
2021-10-27,4,100,6.583187e-05,-0.1728570884058078,0.38636363636363635,0.004534404259175062,False,8
2021-10-27,5,100,0.00085036794,1.6189169860910073,0.8363636363636363,0.004534404259175062,False,8
2021-10-27,6,100,0.00035525922,0.48815577141198974,0.7,0.004534404259175062,False,8
2021-10-27,7,100,8.0255435e-05,-0.13991561526751933,0.4,0.004534404259175062,False,8
2021-10-27,8,100,0.010499533,23.656302947524953,0.9954545454545455,0.004534404259175062,True,8
2021-10-27,9,100,0.004124213,9.095935455909679,0.9545454545454546,0.004534404259175062,False,8
2021-10-27,10,100,3.1045372e-05,-0.25230472931506914,0.24545454545454545,0.004534404259175062,False,8
2021-10-27,11,100,0.059568178,135.72243761267958,1.0,0.004534404259175062,True,8
2021-10-27,12,100,0.0007608446,1.414457845490049,0.8227272727272728,0.004534404259175062,False,8
2021-10-27,13,100,1.9078361e-05,-0.2796357612214298,0.09545454545454546,0.004534404259175062,False,8
2021-10-27,14,100,3.65525e-05,-0.23972719376676724,0.2818181818181818,0.004534404259175062,False,8
2021-10-27,15,100,0.0005394547,0.9088332525490161,0.7636363636363637,0.004534404259175062,False,8
2021-10-27,16,100,0.0003119739,0.3892979844563842,0.7,0.004534404259175062,False,8
2021-10-27,17,100,0.0001868946,0.103633782100861,0.5818181818181818,0.004534404259175062,False,8
2021-10-27,18,100,6.2386556e-05,-0.18072571285365902,0.37272727272727274,0.004534404259175062,False,8
2021-10-27,19,100,0.0018647078,3.9355317510408403,0.8954545454545455,0.004534404259175062,False,8
2021-10-27,20,100,0.00052336993,0.8720978501470475,0.759090909090909,0.004534404259175062,False,8
2021-10-27,21,100,0.0032943396,7.200617133330682,0.95,0.004534404259175062,False,8
2021-10-27,22,100,0.0030103235,6.551962776414524,0.9409090909090909,0.004534404259175062,False,8
